Unity Editor version:    2021.3.38f1 (7a2fa5d8d101)
Branch:                  2021.3/release
Build type:              Release
Batch mode:              YES
System name:             Linux
Distro version:          #202302191831 SMP PREEMPT_DYNAMIC Sun Feb 19 23:37:22 UTC 2023
Kernel version:          6.2.0-060200-generic
Architecture:            x86_64
Available memory:        15627 MB
Using pre-set license
Pro License: YES
Desktop is 1920 x 1080 @ 60 Hz
Initialize udev device monitor.

COMMAND LINE ARGUMENTS:
Unity
-adb2
-batchMode
-noUpm
-name
AssetImportWorker1
-projectPath
/home/hmcelik/Desktop/My project
-logFile
Logs/AssetImportWorker1.log
-srvPort
35275
Successfully changed project path to: /home/hmcelik/Desktop/My project
/home/hmcelik/Desktop/My project
[UnityMemory] Configuration Parameters - Can be set up in boot.config
    "memorysetup-bucket-allocator-granularity=16"
    "memorysetup-bucket-allocator-bucket-count=8"
    "memorysetup-bucket-allocator-block-size=33554432"
    "memorysetup-bucket-allocator-block-count=8"
    "memorysetup-main-allocator-block-size=16777216"
    "memorysetup-thread-allocator-block-size=16777216"
    "memorysetup-gfx-main-allocator-block-size=16777216"
    "memorysetup-gfx-thread-allocator-block-size=16777216"
    "memorysetup-cache-allocator-block-size=4194304"
    "memorysetup-typetree-allocator-block-size=2097152"
    "memorysetup-profiler-bucket-allocator-granularity=16"
    "memorysetup-profiler-bucket-allocator-bucket-count=8"
    "memorysetup-profiler-bucket-allocator-block-size=33554432"
    "memorysetup-profiler-bucket-allocator-block-count=8"
    "memorysetup-profiler-allocator-block-size=16777216"
    "memorysetup-profiler-editor-allocator-block-size=1048576"
    "memorysetup-temp-allocator-size-main=16777216"
    "memorysetup-job-temp-allocator-block-size=2097152"
    "memorysetup-job-temp-allocator-block-size-background=1048576"
    "memorysetup-job-temp-allocator-reduction-small-platforms=262144"
    "memorysetup-temp-allocator-size-background-worker=32768"
    "memorysetup-temp-allocator-size-job-worker=262144"
    "memorysetup-temp-allocator-size-preload-manager=33554432"
    "memorysetup-temp-allocator-size-nav-mesh-worker=65536"
    "memorysetup-temp-allocator-size-audio-worker=65536"
    "memorysetup-temp-allocator-size-cloud-worker=32768"
    "memorysetup-temp-allocator-size-gi-baking-worker=262144"
    "memorysetup-temp-allocator-size-gfx=262144"
Player connection [139883521217408] Host "[IP] 192.168.0.103 [Port] 0 [Flags] 2 [Guid] 3713051673 [EditorId] 3713051673 [Version] 1048832 [Id] LinuxEditor(16,192.168.0.103) [Debug] 1 [PackageName] LinuxEditor [ProjectName] Editor" joined multi-casting on [225.0.0.222:54997]...

Player connection [139883521217408] Host "[IP] 192.168.0.103 [Port] 0 [Flags] 2 [Guid] 3713051673 [EditorId] 3713051673 [Version] 1048832 [Id] LinuxEditor(16,192.168.0.103) [Debug] 1 [PackageName] LinuxEditor [ProjectName] Editor" joined alternative multi-casting on [225.0.0.222:34997]...

[Physics::Module] Initialized MultithreadedJobDispatcher with {0} workers.
Refreshing native plugins compatible for Editor in 78,52 ms, found 2 plugins.
Preloading 0 native plugins for Editor in 0,00 ms.
Initialize engine version: 2021.3.38f1 (7a2fa5d8d101)
[Subsystems] Discovering subsystems at path /home/hmcelik/Unity/Hub/Editor/2021.3.38f1/Editor/Data/Resources/UnitySubsystems
[Subsystems] Discovering subsystems at path /home/hmcelik/Desktop/My project/Assets
GLX Extensions: GLX_ARB_context_flush_control GLX_ARB_create_context GLX_ARB_create_context_no_error GLX_ARB_create_context_profile GLX_ARB_fbconfig_float GLX_ARB_framebuffer_sRGB GLX_ARB_get_proc_address GLX_ARB_multisample GLX_EXT_create_context_es2_profile GLX_EXT_create_context_es_profile GLX_EXT_fbconfig_packed_float GLX_EXT_framebuffer_sRGB GLX_EXT_import_context GLX_EXT_no_config_context GLX_EXT_texture_from_pixmap GLX_EXT_visual_info GLX_EXT_visual_rating GLX_MESA_copy_sub_buffer GLX_MESA_query_renderer GLX_OML_swap_method GLX_SGIS_multisample GLX_SGIX_fbconfig GLX_SGIX_pbuffer GLX_SGIX_visual_select_group GLX_SGI_make_current_read 
Renderer: llvmpipe (LLVM 12.0.0, 256 bits)
Vendor:   Mesa/X.org
Version:  4.5 (Core Profile) Mesa 21.2.6
GLES:     0
 GL_3DFX_texture_compression_FXT1 GL_AMD_conservative_depth GL_AMD_draw_buffers_blend GL_AMD_gpu_shader_int64 GL_AMD_multi_draw_indirect GL_AMD_query_buffer_object GL_AMD_seamless_cubemap_per_texture GL_AMD_shader_stencil_export GL_AMD_shader_trinary_minmax GL_AMD_texture_texture4 GL_AMD_vertex_shader_layer GL_AMD_vertex_shader_viewport_index GL_ANGLE_texture_compression_dxt3 GL_ANGLE_texture_compression_dxt5 GL_ARB_ES2_compatibility GL_ARB_ES3_1_compatibility GL_ARB_ES3_2_compatibility GL_ARB_ES3_compatibility GL_ARB_arrays_of_arrays GL_ARB_base_instance GL_ARB_blend_func_extended GL_ARB_buffer_storage GL_ARB_clear_buffer_object GL_ARB_clear_texture GL_ARB_clip_control GL_ARB_compressed_texture_pixel_storage GL_ARB_compute_shader GL_ARB_conditional_render_inverted GL_ARB_conservative_depth GL_ARB_copy_buffer GL_ARB_copy_image GL_ARB_cull_distance GL_ARB_debug_output GL_ARB_depth_buffer_float GL_ARB_depth_clamp GL_ARB_derivative_control GL_ARB_direct_state_access GL_ARB_draw_buffers GL_ARB_draw_buffers_blend
 GL_ARB_draw_elements_base_vertex GL_ARB_draw_indirect GL_ARB_draw_instanced GL_ARB_enhanced_layouts GL_ARB_explicit_attrib_location GL_ARB_explicit_uniform_location GL_ARB_fragment_coord_conventions GL_ARB_fragment_layer_viewport GL_ARB_fragment_shader GL_ARB_framebuffer_no_attachments GL_ARB_framebuffer_object GL_ARB_framebuffer_sRGB GL_ARB_get_program_binary GL_ARB_get_texture_sub_image GL_ARB_gl_spirv GL_ARB_gpu_shader5 GL_ARB_gpu_shader_fp64 GL_ARB_gpu_shader_int64 GL_ARB_half_float_pixel GL_ARB_half_float_vertex GL_ARB_indirect_parameters GL_ARB_instanced_arrays GL_ARB_internalformat_query GL_ARB_internalformat_query2 GL_ARB_invalidate_subdata GL_ARB_map_buffer_alignment GL_ARB_map_buffer_range GL_ARB_multi_bind GL_ARB_multi_draw_indirect GL_ARB_occlusion_query2 GL_ARB_parallel_shader_compile GL_ARB_pipeline_statistics_query GL_ARB_pixel_buffer_object GL_ARB_point_sprite GL_ARB_polygon_offset_clamp GL_ARB_post_depth_coverage GL_ARB_program_interface_query GL_ARB_provoking_vertex GL_ARB_query_buffer_obj
ect GL_ARB_robust_buffer_access_behavior GL_ARB_robustness GL_ARB_sample_shading GL_ARB_sampler_objects GL_ARB_seamless_cube_map GL_ARB_seamless_cubemap_per_texture GL_ARB_separate_shader_objects GL_ARB_shader_atomic_counter_ops GL_ARB_shader_atomic_counters GL_ARB_shader_bit_encoding GL_ARB_shader_draw_parameters GL_ARB_shader_group_vote GL_ARB_shader_image_load_store GL_ARB_shader_image_size GL_ARB_shader_objects GL_ARB_shader_precision GL_ARB_shader_stencil_export GL_ARB_shader_storage_buffer_object GL_ARB_shader_subroutine GL_ARB_shader_texture_image_samples GL_ARB_shader_texture_lod GL_ARB_shader_viewport_layer_array GL_ARB_shading_language_420pack GL_ARB_shading_language_include GL_ARB_shading_language_packing GL_ARB_spirv_extensions GL_ARB_stencil_texturing GL_ARB_sync GL_ARB_tessellation_shader GL_ARB_texture_barrier GL_ARB_texture_buffer_object GL_ARB_texture_buffer_object_rgb32 GL_ARB_texture_buffer_range GL_ARB_texture_compression_bptc GL_ARB_texture_compression_rgtc GL_ARB_texture_cube_map_array 
GL_ARB_texture_filter_minmax GL_ARB_texture_float GL_ARB_texture_gather GL_ARB_texture_mirror_clamp_to_edge GL_ARB_texture_multisample GL_ARB_texture_non_power_of_two GL_ARB_texture_query_levels GL_ARB_texture_query_lod GL_ARB_texture_rectangle GL_ARB_texture_rg GL_ARB_texture_rgb10_a2ui GL_ARB_texture_stencil8 GL_ARB_texture_storage GL_ARB_texture_storage_multisample GL_ARB_texture_swizzle GL_ARB_texture_view GL_ARB_timer_query GL_ARB_transform_feedback2 GL_ARB_transform_feedback3 GL_ARB_transform_feedback_instanced GL_ARB_transform_feedback_overflow_query GL_ARB_uniform_buffer_object GL_ARB_vertex_array_bgra GL_ARB_vertex_array_object GL_ARB_vertex_attrib_64bit GL_ARB_vertex_attrib_binding GL_ARB_vertex_buffer_object GL_ARB_vertex_shader GL_ARB_vertex_type_10f_11f_11f_rev GL_ARB_vertex_type_2_10_10_10_rev GL_ARB_viewport_array GL_ATI_blend_equation_separate GL_ATI_texture_float GL_ATI_texture_mirror_once GL_EXT_EGL_image_storage GL_EXT_EGL_sync GL_EXT_abgr GL_EXT_blend_equation_separate GL_EXT_draw_buffers
2 GL_EXT_draw_instanced GL_EXT_framebuffer_blit GL_EXT_framebuffer_multisample GL_EXT_framebuffer_multisample_blit_scaled GL_EXT_framebuffer_object GL_EXT_framebuffer_sRGB GL_EXT_packed_depth_stencil GL_EXT_packed_float GL_EXT_pixel_buffer_object GL_EXT_polygon_offset_clamp GL_EXT_provoking_vertex GL_EXT_shader_framebuffer_fetch_non_coherent GL_EXT_shader_integer_mix GL_EXT_texture_array GL_EXT_texture_compression_dxt1 GL_EXT_texture_compression_rgtc GL_EXT_texture_compression_s3tc GL_EXT_texture_filter_minmax GL_EXT_texture_integer GL_EXT_texture_mirror_clamp GL_EXT_texture_sRGB GL_EXT_texture_sRGB_R8 GL_EXT_texture_sRGB_decode GL_EXT_texture_shadow_lod GL_EXT_texture_shared_exponent GL_EXT_texture_snorm GL_EXT_texture_swizzle GL_EXT_timer_query GL_EXT_transform_feedback GL_EXT_vertex_array_bgra GL_EXT_vertex_attrib_64bit GL_IBM_multimode_draw_arrays GL_KHR_blend_equation_advanced GL_KHR_context_flush_control GL_KHR_debug GL_KHR_no_error GL_KHR_parallel_shader_compile GL_KHR_robust_buffer_access_behavior GL
_KHR_robustness GL_KHR_texture_compression_astc_ldr GL_KHR_texture_compression_astc_sliced_3d GL_MESA_framebuffer_flip_y GL_MESA_pack_invert GL_MESA_shader_integer_functions GL_MESA_texture_signed_rgba GL_MESA_ycbcr_texture GL_NV_conditional_render GL_NV_copy_image GL_NV_depth_clamp GL_NV_packed_depth_stencil GL_NV_texture_barrier GL_OES_EGL_image GL_S3_s3tc
OPENGL LOG: Creating OpenGL 4.5 graphics device ; Context level  <OpenGL 4.5> ; Context handle -2028235248
Initialize mono
Mono path[0] = '/home/hmcelik/Unity/Hub/Editor/2021.3.38f1/Editor/Data/Managed'
Mono path[1] = '/home/hmcelik/Unity/Hub/Editor/2021.3.38f1/Editor/Data/MonoBleedingEdge/lib/mono/unityjit-linux'
Mono config path = '/home/hmcelik/Unity/Hub/Editor/2021.3.38f1/Editor/Data/MonoBleedingEdge/etc'
Using monoOptions --debugger-agent=transport=dt_socket,embedding=1,server=y,suspend=n,address=127.0.0.1:56608
Begin MonoManager ReloadAssembly
Registering precompiled unity dll's ...
Register platform support module: /home/hmcelik/Unity/Hub/Editor/2021.3.38f1/Editor/Data/PlaybackEngines/LinuxStandaloneSupport/UnityEditor.LinuxStandalone.Extensions.dll
Registered in 0,004969 seconds.
Native extension for LinuxStandalone target not found
Refreshing native plugins compatible for Editor in 73,85 ms, found 2 plugins.
Preloading 0 native plugins for Editor in 0,00 ms.
Mono: successfully reloaded assembly
- Completed reload, in  0,489 seconds
Domain Reload Profiling:
	ReloadAssembly (489ms)
		BeginReloadAssembly (47ms)
			ExecutionOrderSort (0ms)
			DisableScriptedObjects (0ms)
			BackupInstance (0ms)
			ReleaseScriptingObjects (0ms)
			CreateAndSetChildDomain (1ms)
		EndReloadAssembly (367ms)
			LoadAssemblies (46ms)
			RebuildTransferFunctionScriptingTraits (0ms)
			SetupTypeCache (81ms)
			ReleaseScriptCaches (0ms)
			RebuildScriptCaches (23ms)
			SetupLoadedEditorAssemblies (228ms)
				LogAssemblyErrors (0ms)
				InitializePlatformSupportModulesInManaged (6ms)
				SetLoadedEditorAssemblies (0ms)
				RefreshPlugins (74ms)
				BeforeProcessingInitializeOnLoad (1ms)
				ProcessInitializeOnLoadAttributes (113ms)
				ProcessInitializeOnLoadMethodAttributes (33ms)
				AfterProcessingInitializeOnLoad (0ms)
				EditorAssembliesLoaded (0ms)
			ExecutionOrderSort2 (0ms)
			AwakeInstancesAfterBackupRestoration (0ms)
Platform modules already initialized, skipping
Registering precompiled user dll's ...
Registered in 0,002671 seconds.
Begin MonoManager ReloadAssembly
Native extension for LinuxStandalone target not found
Refreshing native plugins compatible for Editor in 76,39 ms, found 2 plugins.
Preloading 0 native plugins for Editor in 0,00 ms.
Package Manager log level set to [2]
[Package Manager] Server::EnsureServerProcessIsRunning -- launch failed, reason: Unity was launched with the -noUpm command-line argument
[Package Manager] Cannot connect to Unity Package Manager local server
System.Exception: Error! Visual Scripting: couldn't find visual scripting package
  at Unity.VisualScripting.PackageVersionUtility.get_version () [0x00043] in /home/hmcelik/Desktop/My project/Library/PackageCache/com.unity.visualscripting@1.9.4/Editor/VisualScripting.Core/Utilities/PackageVersionUtility.cs:31 
  at Unity.VisualScripting.BoltCoreManifest.get_version () [0x00000] in /home/hmcelik/Desktop/My project/Library/PackageCache/com.unity.visualscripting@1.9.4/Editor/VisualScripting.Core/Plugin/BoltCoreManifest.cs:11 
  at Unity.VisualScripting.PluginManifest.get_currentVersion () [0x00000] in /home/hmcelik/Desktop/My project/Library/PackageCache/com.unity.visualscripting@1.9.4/Editor/VisualScripting.Core/Plugins/PluginManifest.cs:33 
  at Unity.VisualScripting.PluginManifest.get_versionMismatch () [0x00000] in /home/hmcelik/Desktop/My project/Library/PackageCache/com.unity.visualscripting@1.9.4/Editor/VisualScripting.Core/Plugins/PluginManifest.cs:48 
  at Unity.VisualScripting.PluginContainer.Initialize () [0x00525] in /home/hmcelik/Desktop/My project/Library/PackageCache/com.unity.visualscripting@1.9.4/Editor/VisualScripting.Core/Plugins/PluginContainer.cs:208 
  at Unity.VisualScripting.PluginContainer.InitializeOnLoad () [0x00009] in /home/hmcelik/Desktop/My project/Library/PackageCache/com.unity.visualscripting@1.9.4/Editor/VisualScripting.Core/Plugins/PluginContainer.cs:32 
  at Unity.VisualScripting.VSUsageUtility.DoInitializeOnLoadCalls () [0x00034] in /home/hmcelik/Desktop/My project/Library/PackageCache/com.unity.visualscripting@1.9.4/Editor/VisualScripting.Core/Utilities/VSUsageUtility.cs:76 
  at Unity.VisualScripting.VSUsageUtility.set_isVisualScriptingUsed (System.Boolean value) [0x0002c] in /home/hmcelik/Desktop/My project/Library/PackageCache/com.unity.visualscripting@1.9.4/Editor/VisualScripting.Core/Utilities/VSUsageUtility.cs:114 
  at Unity.VisualScripting.VSUsageUtility.CheckAndSetIsVisualScriptingUsed () [0x00032] in /home/hmcelik/Desktop/My project/Library/PackageCache/com.unity.visualscripting@1.9.4/Editor/VisualScripting.Core/Utilities/VSUsageUtility.cs:48 
  at Unity.VisualScripting.VSUsageUtility..cctor () [0x00000] in /home/hmcelik/Desktop/My project/Library/PackageCache/com.unity.visualscripting@1.9.4/Editor/VisualScripting.Core/Utilities/VSUsageUtility.cs:22 
UnityEngine.StackTraceUtility:ExtractStackTrace () (at /home/bokken/build/output/unity/unity/Runtime/Export/Scripting/StackTrace.cs:37)
UnityEngine.DebugLogHandler:LogFormat (UnityEngine.LogType,UnityEngine.Object,string,object[])
UnityEngine.Logger:Log (UnityEngine.LogType,object)
UnityEngine.Debug:LogError (object)
UnityEditor.EditorAssemblies:ProcessInitializeOnLoadAttributes (System.Type[]) (at /home/bokken/build/output/unity/unity/Editor/Mono/EditorAssemblies.cs:134)

(Filename: /home/bokken/build/output/unity/unity/Editor/Mono/EditorAssemblies.cs Line: 134)

Mono: successfully reloaded assembly
- Completed reload, in  1,266 seconds
Domain Reload Profiling:
	ReloadAssembly (1267ms)
		BeginReloadAssembly (82ms)
			ExecutionOrderSort (0ms)
			DisableScriptedObjects (6ms)
			BackupInstance (0ms)
			ReleaseScriptingObjects (0ms)
			CreateAndSetChildDomain (18ms)
		EndReloadAssembly (1102ms)
			LoadAssemblies (51ms)
			RebuildTransferFunctionScriptingTraits (0ms)
			SetupTypeCache (235ms)
			ReleaseScriptCaches (0ms)
			RebuildScriptCaches (72ms)
			SetupLoadedEditorAssemblies (699ms)
				LogAssemblyErrors (0ms)
				InitializePlatformSupportModulesInManaged (9ms)
				SetLoadedEditorAssemblies (0ms)
				RefreshPlugins (76ms)
				BeforeProcessingInitializeOnLoad (71ms)
				ProcessInitializeOnLoadAttributes (511ms)
				ProcessInitializeOnLoadMethodAttributes (29ms)
				AfterProcessingInitializeOnLoad (3ms)
				EditorAssembliesLoaded (0ms)
			ExecutionOrderSort2 (0ms)
			AwakeInstancesAfterBackupRestoration (3ms)
Platform modules already initialized, skipping
========================================================================
Worker process is ready to serve import requests
Launched and connected shader compiler UnityShaderCompiler after 0.01 seconds
Refreshing native plugins compatible for Editor in 1,07 ms, found 2 plugins.
Preloading 0 native plugins for Editor in 0,00 ms.
Unloading 4027 Unused Serialized files (Serialized files now loaded: 0)
Unloading 60 unused Assets / (67,6 KB). Loaded Objects now: 4459.
Memory consumption went from 140,0 MB to 140,0 MB.
Total: 18,900184 ms (FindLiveObjects: 0,350084 ms CreateObjectMapping: 0,235616 ms MarkObjects: 17,985665 ms  DeleteObjects: 0,327291 ms)

AssetImportParameters requested are different than current active one (requested -> active):
  custom:video-decoder-ogg-theora: a1e56fd34408186e4bbccfd4996cb3dc -> 
  custom:container-muxer-webm: aa71ff27fc2769a1b78a27578f13a17b -> 
  custom:container-demuxer-webm: 4f35f7cbe854078d1ac9338744f61a02 -> 
  custom:video-encoder-webm-vp8: eb34c28f22e8b96e1ab97ce403110664 -> 
  custom:CustomObjectIndexerAttribute: bc11b3a6c3213fcdd17b65e7da85e133 -> 
  custom:audio-encoder-webm-vorbis: bf7c407c2cedff20999df2af8eb42d56 -> 
  custom:SearchIndexIgnoredProperties: e643bd26f0fe6173181afceb89e7c659 -> 
  custom:container-demuxer-ogg: 62fdf1f143b41e24485cea50d1cbac27 -> 
  custom:video-decoder-webm-vp8: 9c59270c3fd7afecdb556c50c9e8de78 -> 
  custom:audio-decoder-ogg-vorbis: bf7c407c2cedff20999df2af8eb42d56 -> 
========================================================================
Received Import Request.
  Time since last request: 768,434267 seconds.
  path: Assets/Simple Garage/Models/Cone Drill Bits.fbx
  artifactKey: Guid(3688125de6839734b86ad19d18045e11) Importer(815301076,1909f56bfc062723c751e8b465ee728b)
Number of updated assets reloaded before import = 0
Start importing Assets/Simple Garage/Models/Cone Drill Bits.fbx using Guid(3688125de6839734b86ad19d18045e11) Importer(815301076,1909f56bfc062723c751e8b465ee728b)  -> (artifact id: '9d3d045dd9ca668ea420052a0c1ecd04') in 0,383036 seconds 
Number of asset objects unloaded after import = 8
========================================================================
Received Import Request.
  Time since last request: 0,000040 seconds.
  path: Assets/Simple Garage/Models/Clamps.fbx
  artifactKey: Guid(f9176ded31cec7b49a01685aa5d28e07) Importer(815301076,1909f56bfc062723c751e8b465ee728b)
Number of updated assets reloaded before import = 0
Start importing Assets/Simple Garage/Models/Clamps.fbx using Guid(f9176ded31cec7b49a01685aa5d28e07) Importer(815301076,1909f56bfc062723c751e8b465ee728b)  -> (artifact id: '0f18c7ecba7b870c62b669b9770bcd71') in 0,678631 seconds 
Number of asset objects unloaded after import = 11
========================================================================
Received Import Request.
  Time since last request: 0,000033 seconds.
  path: Assets/Simple Garage/Materials/_Gray6_.mat
  artifactKey: Guid(a21417e157ac92141a0b12b3c32f207f) Importer(815301076,1909f56bfc062723c751e8b465ee728b)
Number of updated assets reloaded before import = 0
Start importing Assets/Simple Garage/Materials/_Gray6_.mat using Guid(a21417e157ac92141a0b12b3c32f207f) Importer(815301076,1909f56bfc062723c751e8b465ee728b)  -> (artifact id: '8a0cc8a00a46c3c35da0e85232ba7125') in 0,019124 seconds 
Number of asset objects unloaded after import = 1
========================================================================
Received Import Request.
  Time since last request: 0,000018 seconds.
  path: Assets/Simple Garage/Materials/_Red_.mat
  artifactKey: Guid(cddb471e6547e60479172832501a77c6) Importer(815301076,1909f56bfc062723c751e8b465ee728b)
Number of updated assets reloaded before import = 0
Start importing Assets/Simple Garage/Materials/_Red_.mat using Guid(cddb471e6547e60479172832501a77c6) Importer(815301076,1909f56bfc062723c751e8b465ee728b)  -> (artifact id: '9412682146741e8e4235547c437a2d92') in 0,026577 seconds 
Number of asset objects unloaded after import = 1
========================================================================
Received Import Request.
  Time since last request: 0,000018 seconds.
  path: Assets/Brick Project Studio/Apartment Kit/Common/Textures/Surface/Materials/AdlerWood_01_A.mat
  artifactKey: Guid(0bb80e31d97445f019f05f10d69816ad) Importer(815301076,1909f56bfc062723c751e8b465ee728b)
Number of updated assets reloaded before import = 0
Start importing Assets/Brick Project Studio/Apartment Kit/Common/Textures/Surface/Materials/AdlerWood_01_A.mat using Guid(0bb80e31d97445f019f05f10d69816ad) Importer(815301076,1909f56bfc062723c751e8b465ee728b)  -> (artifact id: '2654a52bf8646508717ae382a641a810') in 0,281054 seconds 
Number of asset objects unloaded after import = 2
========================================================================
Received Import Request.
  Time since last request: 0,000021 seconds.
  path: Assets/Simple Garage/Models/Hooks.fbx
  artifactKey: Guid(9d9d603cd8152f544990637a82b4e8a1) Importer(815301076,1909f56bfc062723c751e8b465ee728b)
Number of updated assets reloaded before import = 0
Start importing Assets/Simple Garage/Models/Hooks.fbx using Guid(9d9d603cd8152f544990637a82b4e8a1) Importer(815301076,1909f56bfc062723c751e8b465ee728b)  -> (artifact id: 'ff51ef9ce0a7f8257f0ca39f6800fc58') in 0,048937 seconds 
Number of asset objects unloaded after import = 8
========================================================================
Received Import Request.
  Time since last request: 0,000019 seconds.
  path: Assets/Simple Garage/Models/Hook cylinder type.fbx
  artifactKey: Guid(8b60d343f08319d4e9a2b179a6b42b0d) Importer(815301076,1909f56bfc062723c751e8b465ee728b)
Number of updated assets reloaded before import = 0
Start importing Assets/Simple Garage/Models/Hook cylinder type.fbx using Guid(8b60d343f08319d4e9a2b179a6b42b0d) Importer(815301076,1909f56bfc062723c751e8b465ee728b)  -> (artifact id: '05ece3e260e9c2d6989092be1fcb8df2') in 0,070259 seconds 
Number of asset objects unloaded after import = 8
========================================================================
Received Import Request.
  Time since last request: 0,000015 seconds.
  path: Assets/turtlebot3-foxy-devel/turtlebot3_description/meshes/sensors/astra.dae
  artifactKey: Guid(6171be23fc7330b919d6ab2d1d5fb002) Importer(815301076,1909f56bfc062723c751e8b465ee728b)
Number of updated assets reloaded before import = 0
Start importing Assets/turtlebot3-foxy-devel/turtlebot3_description/meshes/sensors/astra.dae using Guid(6171be23fc7330b919d6ab2d1d5fb002) Importer(815301076,1909f56bfc062723c751e8b465ee728b)  -> (artifact id: '3203b31f112d4bec47d40b6d421d6703') in 1,238082 seconds 
Number of asset objects unloaded after import = 130
========================================================================
Received Import Request.
  Time since last request: 0,000021 seconds.
  path: Assets/Simple Garage/Materials/_ForestGreen_.mat
  artifactKey: Guid(282a49ee09057f44aa8fb4a71660a9c1) Importer(815301076,1909f56bfc062723c751e8b465ee728b)
Number of updated assets reloaded before import = 0
Start importing Assets/Simple Garage/Materials/_ForestGreen_.mat using Guid(282a49ee09057f44aa8fb4a71660a9c1) Importer(815301076,1909f56bfc062723c751e8b465ee728b)  -> (artifact id: '9390409465483f276f76e5bedf7ec9a5') in 0,036011 seconds 
Number of asset objects unloaded after import = 1
========================================================================
Received Import Request.
  Time since last request: 0,000219 seconds.
  path: Assets/Simple Garage/Models/Round Drill Bits.fbx
  artifactKey: Guid(b8271f886ab9c5b4192fef211129c257) Importer(815301076,1909f56bfc062723c751e8b465ee728b)
Number of updated assets reloaded before import = 0
Start importing Assets/Simple Garage/Models/Round Drill Bits.fbx using Guid(b8271f886ab9c5b4192fef211129c257) Importer(815301076,1909f56bfc062723c751e8b465ee728b)  -> (artifact id: '7136fcfade49a0684e76b89581f9b3e4') in 0,084756 seconds 
Number of asset objects unloaded after import = 8
========================================================================
Received Import Request.
  Time since last request: 0,009869 seconds.
  path: Assets/Simple Garage/Materials/[Color A08]7.mat
  artifactKey: Guid(1ff404bc24c6a784c99c612c29d52066) Importer(815301076,1909f56bfc062723c751e8b465ee728b)
Number of updated assets reloaded before import = 0
Start importing Assets/Simple Garage/Materials/[Color A08]7.mat using Guid(1ff404bc24c6a784c99c612c29d52066) Importer(815301076,1909f56bfc062723c751e8b465ee728b)  -> (artifact id: 'fc60bdbb3f3ea2030476771a3fdfd4ce') in 0,039491 seconds 
Number of asset objects unloaded after import = 1
========================================================================
Received Import Request.
  Time since last request: 0,007150 seconds.
  path: Assets/Simple Garage/Materials/2K-false_ceiling_basecolor.mat
  artifactKey: Guid(26bf5fcbcd484234398dc4274abd4e19) Importer(815301076,1909f56bfc062723c751e8b465ee728b)
Number of updated assets reloaded before import = 0
Start importing Assets/Simple Garage/Materials/2K-false_ceiling_basecolor.mat using Guid(26bf5fcbcd484234398dc4274abd4e19) Importer(815301076,1909f56bfc062723c751e8b465ee728b)  -> (artifact id: '608f6533aa18f5b686396ea5a64c670f') in 0,341453 seconds 
Number of asset objects unloaded after import = 3
========================================================================
Received Import Request.
  Time since last request: 0,000025 seconds.
  path: Assets/Simple Garage/Models/Drilling machine.fbx
  artifactKey: Guid(90c9e6438ec56844bab86842983559bd) Importer(815301076,1909f56bfc062723c751e8b465ee728b)
Number of updated assets reloaded before import = 0
Start importing Assets/Simple Garage/Models/Drilling machine.fbx using Guid(90c9e6438ec56844bab86842983559bd) Importer(815301076,1909f56bfc062723c751e8b465ee728b)  -> (artifact id: 'e748b28bf72cef87ccb31b86cc49041c') in 0,654304 seconds 
Number of asset objects unloaded after import = 19
========================================================================
Received Import Request.
  Time since last request: 0,000049 seconds.
  path: Assets/Simple Garage/Models/Camouflage suitcase with relief.fbx
  artifactKey: Guid(e5c2a75ffe7427a4d92ae1a6dc53c2ff) Importer(815301076,1909f56bfc062723c751e8b465ee728b)
Number of updated assets reloaded before import = 0
Start importing Assets/Simple Garage/Models/Camouflage suitcase with relief.fbx using Guid(e5c2a75ffe7427a4d92ae1a6dc53c2ff) Importer(815301076,1909f56bfc062723c751e8b465ee728b)  -> (artifact id: 'ce8b23a6fa0511f6913fc5c9ea51cbe2') in 0,158701 seconds 
Number of asset objects unloaded after import = 11
========================================================================
Received Import Request.
  Time since last request: 0,000017 seconds.
  path: Assets/Simple Garage/Models/Drill bits Lying.fbx
  artifactKey: Guid(74efa1a00e4a4474fbd004e81c5ee237) Importer(815301076,1909f56bfc062723c751e8b465ee728b)
Number of updated assets reloaded before import = 0
Start importing Assets/Simple Garage/Models/Drill bits Lying.fbx using Guid(74efa1a00e4a4474fbd004e81c5ee237) Importer(815301076,1909f56bfc062723c751e8b465ee728b)  -> (artifact id: 'd0e193b2ecbf65c8dcd8ae1331adfb1a') in 0,076348 seconds 
Number of asset objects unloaded after import = 8
========================================================================
Received Import Request.
  Time since last request: 0,000021 seconds.
  path: Assets/Simple Garage/Models/Machinery parts.brake disc.fbx
  artifactKey: Guid(19448b809c61d0c4b9c99cfd024468f3) Importer(815301076,1909f56bfc062723c751e8b465ee728b)
Number of updated assets reloaded before import = 0
Start importing Assets/Simple Garage/Models/Machinery parts.brake disc.fbx using Guid(19448b809c61d0c4b9c99cfd024468f3) Importer(815301076,1909f56bfc062723c751e8b465ee728b)  -> (artifact id: '9a3948a181d8cb6c16085575db9f7747') in 0,146568 seconds 
Number of asset objects unloaded after import = 11
========================================================================
Received Import Request.
  Time since last request: 0,850803 seconds.
  path: Assets/Brick Project Studio/_BPS Basic Assets/Common/Materials/Basic Assets/BA_Color_Grey_01.mat
  artifactKey: Guid(70139dc62be58be4a91d1831e1f21e95) Importer(815301076,1909f56bfc062723c751e8b465ee728b)
Number of updated assets reloaded before import = 0
Start importing Assets/Brick Project Studio/_BPS Basic Assets/Common/Materials/Basic Assets/BA_Color_Grey_01.mat using Guid(70139dc62be58be4a91d1831e1f21e95) Importer(815301076,1909f56bfc062723c751e8b465ee728b)  -> (artifact id: '77a43ecc5ea2d9771be4996d64ea5543') in 0,071665 seconds 
Number of asset objects unloaded after import = 1
========================================================================
Received Import Request.
  Time since last request: 0,000015 seconds.
  path: Assets/Brick Project Studio/_BPS Basic Assets/Common/Materials/Basic Assets/BA_Glow_White_01.mat
  artifactKey: Guid(823f8d5383d173a4fb4153a73427684f) Importer(815301076,1909f56bfc062723c751e8b465ee728b)
Number of updated assets reloaded before import = 0
Start importing Assets/Brick Project Studio/_BPS Basic Assets/Common/Materials/Basic Assets/BA_Glow_White_01.mat using Guid(823f8d5383d173a4fb4153a73427684f) Importer(815301076,1909f56bfc062723c751e8b465ee728b)  -> (artifact id: 'e80724f18a8640ee30f159de5d0f301c') in 0,193813 seconds 
Number of asset objects unloaded after import = 1
========================================================================
Received Import Request.
  Time since last request: 0,000017 seconds.
  path: Assets/Brick Project Studio/_BPS Basic Assets/Common/Materials/Basic Assets/BA_Metal_Gold_01.mat
  artifactKey: Guid(e000cf84e00aa6f4aac76474f809a621) Importer(815301076,1909f56bfc062723c751e8b465ee728b)
Number of updated assets reloaded before import = 0
Start importing Assets/Brick Project Studio/_BPS Basic Assets/Common/Materials/Basic Assets/BA_Metal_Gold_01.mat using Guid(e000cf84e00aa6f4aac76474f809a621) Importer(815301076,1909f56bfc062723c751e8b465ee728b)  -> (artifact id: '2e0b378fd6b2b8aa44ff74b967de0c6a') in 0,026051 seconds 
Number of asset objects unloaded after import = 2
========================================================================
Received Import Request.
  Time since last request: 0,000030 seconds.
  path: Assets/Brick Project Studio/_BPS Basic Assets/Common/Materials/Basic Assets/BA_Leather_01.mat
  artifactKey: Guid(0656c89128e147645951f2c0649b10f9) Importer(815301076,1909f56bfc062723c751e8b465ee728b)
Number of updated assets reloaded before import = 0
Start importing Assets/Brick Project Studio/_BPS Basic Assets/Common/Materials/Basic Assets/BA_Leather_01.mat using Guid(0656c89128e147645951f2c0649b10f9) Importer(815301076,1909f56bfc062723c751e8b465ee728b)  -> (artifact id: 'a3f5eaf475de34231c2536c9e3bf4160') in 0,027190 seconds 
Number of asset objects unloaded after import = 3
========================================================================
Received Import Request.
  Time since last request: 0,000020 seconds.
  path: Assets/Brick Project Studio/_BPS Basic Assets/Common/Materials/Basic Assets/BA_Glass_01.mat
  artifactKey: Guid(88b88f875cf0af442996954ba27bdf64) Importer(815301076,1909f56bfc062723c751e8b465ee728b)
Number of updated assets reloaded before import = 0
Start importing Assets/Brick Project Studio/_BPS Basic Assets/Common/Materials/Basic Assets/BA_Glass_01.mat using Guid(88b88f875cf0af442996954ba27bdf64) Importer(815301076,1909f56bfc062723c751e8b465ee728b)  -> (artifact id: 'ad662a1dea9275d2341709f4924a467a') in 0,410656 seconds 
Number of asset objects unloaded after import = 1
========================================================================
Received Import Request.
  Time since last request: 0,000021 seconds.
  path: Assets/Brick Project Studio/_BPS Basic Assets/Common/Materials/Basic Assets/BA_Glass_03.mat
  artifactKey: Guid(266fb6016862b8b4ba1eec482c572c21) Importer(815301076,1909f56bfc062723c751e8b465ee728b)
Number of updated assets reloaded before import = 0
Start importing Assets/Brick Project Studio/_BPS Basic Assets/Common/Materials/Basic Assets/BA_Glass_03.mat using Guid(266fb6016862b8b4ba1eec482c572c21) Importer(815301076,1909f56bfc062723c751e8b465ee728b)  -> (artifact id: '0fdb562edf0a2ffdca97b362847f8548') in 0,435124 seconds 
Number of asset objects unloaded after import = 1
========================================================================
Received Import Request.
  Time since last request: 0,000029 seconds.
  path: Assets/Simple Garage/Models/Machinery parts.Shock Absorber.fbx
  artifactKey: Guid(590bc76de0fd52e48ba7be1edb36a5b6) Importer(815301076,1909f56bfc062723c751e8b465ee728b)
Number of updated assets reloaded before import = 0
Start importing Assets/Simple Garage/Models/Machinery parts.Shock Absorber.fbx using Guid(590bc76de0fd52e48ba7be1edb36a5b6) Importer(815301076,1909f56bfc062723c751e8b465ee728b)  -> (artifact id: 'cb088e1b970859f883a636dd9ac4b7e6') in 0,119042 seconds 
Number of asset objects unloaded after import = 8
========================================================================
Received Import Request.
  Time since last request: 0,000167 seconds.
  path: Assets/Brick Project Studio/_BPS Basic Assets/Common/Textures/Legacy/Materials/Brick 02 Texture.mat
  artifactKey: Guid(54a1b65ec4bca3f3e8b89918b827042c) Importer(815301076,1909f56bfc062723c751e8b465ee728b)
Number of updated assets reloaded before import = 0
Start importing Assets/Brick Project Studio/_BPS Basic Assets/Common/Textures/Legacy/Materials/Brick 02 Texture.mat using Guid(54a1b65ec4bca3f3e8b89918b827042c) Importer(815301076,1909f56bfc062723c751e8b465ee728b)  -> (artifact id: '02821a35d4793b71514963ccb9a31107') in 0,035669 seconds 
Number of asset objects unloaded after import = 2
========================================================================
Received Import Request.
  Time since last request: 0,000018 seconds.
  path: Assets/Brick Project Studio/_BPS Basic Assets/Common/Materials/Basic Assets/BA_Texture_Map_SE.mat
  artifactKey: Guid(5f01895f1ecb58445b3aa62be24d6bca) Importer(815301076,1909f56bfc062723c751e8b465ee728b)
Number of updated assets reloaded before import = 0
Start importing Assets/Brick Project Studio/_BPS Basic Assets/Common/Materials/Basic Assets/BA_Texture_Map_SE.mat using Guid(5f01895f1ecb58445b3aa62be24d6bca) Importer(815301076,1909f56bfc062723c751e8b465ee728b)  -> (artifact id: 'ab177f36ca9bd40d8b9c48744b73e4ce') in 0,435602 seconds 
Number of asset objects unloaded after import = 2
========================================================================
Received Import Request.
  Time since last request: 0,000020 seconds.
  path: Assets/Brick Project Studio/Apartment Kit/Common/Materials/Surface/Burlap_01.mat
  artifactKey: Guid(4c3e122e15d5d984083bffaa2d094ff5) Importer(815301076,1909f56bfc062723c751e8b465ee728b)
Number of updated assets reloaded before import = 0
Start importing Assets/Brick Project Studio/Apartment Kit/Common/Materials/Surface/Burlap_01.mat using Guid(4c3e122e15d5d984083bffaa2d094ff5) Importer(815301076,1909f56bfc062723c751e8b465ee728b)  -> (artifact id: 'd363c3d01b98f9583d7ba6208cd8df33') in 0,037864 seconds 
Number of asset objects unloaded after import = 3
========================================================================
Received Import Request.
  Time since last request: 0,000048 seconds.
  path: Assets/Brick Project Studio/Apartment Kit/Common/Materials/Surface/Cabinets_01.mat
  artifactKey: Guid(5bdd1af6958bd9143a8bc920d98238b3) Importer(815301076,1909f56bfc062723c751e8b465ee728b)
Number of updated assets reloaded before import = 0
Start importing Assets/Brick Project Studio/Apartment Kit/Common/Materials/Surface/Cabinets_01.mat using Guid(5bdd1af6958bd9143a8bc920d98238b3) Importer(815301076,1909f56bfc062723c751e8b465ee728b)  -> (artifact id: 'c4b27193204c1ee5581f0d2e04849137') in 0,048450 seconds 
Number of asset objects unloaded after import = 1
========================================================================
Received Import Request.
  Time since last request: 0,000017 seconds.
  path: Assets/Brick Project Studio/Apartment Kit/Common/Materials/Misc/Canvas_Nat_03-04.mat
  artifactKey: Guid(76a081e3e3664a443af0a878387b200e) Importer(815301076,1909f56bfc062723c751e8b465ee728b)
Number of updated assets reloaded before import = 0
Start importing Assets/Brick Project Studio/Apartment Kit/Common/Materials/Misc/Canvas_Nat_03-04.mat using Guid(76a081e3e3664a443af0a878387b200e) Importer(815301076,1909f56bfc062723c751e8b465ee728b)  -> (artifact id: 'a59c53ca208fc243146841048dbc2579') in 0,409882 seconds 
Number of asset objects unloaded after import = 3
========================================================================
Received Import Request.
  Time since last request: 0,000029 seconds.
  path: Assets/Brick Project Studio/_BPS Basic Assets/Common/Materials/Legacy/Brick mute 02.mat
  artifactKey: Guid(099e69089d2c47044b06273bff53533d) Importer(815301076,1909f56bfc062723c751e8b465ee728b)
Number of updated assets reloaded before import = 0
Start importing Assets/Brick Project Studio/_BPS Basic Assets/Common/Materials/Legacy/Brick mute 02.mat using Guid(099e69089d2c47044b06273bff53533d) Importer(815301076,1909f56bfc062723c751e8b465ee728b)  -> (artifact id: 'f693c109f70f910e103385222e977761') in 0,507532 seconds 
Number of asset objects unloaded after import = 4
========================================================================
Received Import Request.
  Time since last request: 0,000029 seconds.
  path: Packages/com.unity.probuilder/Content/Material/Checker.mat
  artifactKey: Guid(4717b199010ca4cb3a8a7a465ec457d2) Importer(815301076,1909f56bfc062723c751e8b465ee728b)
Number of updated assets reloaded before import = 0
Start importing Packages/com.unity.probuilder/Content/Material/Checker.mat using Guid(4717b199010ca4cb3a8a7a465ec457d2) Importer(815301076,1909f56bfc062723c751e8b465ee728b)  -> (artifact id: 'fc6b45600116d4d80e7d4f185913c195') in 0,231953 seconds 
Number of asset objects unloaded after import = 2
========================================================================
Received Import Request.
  Time since last request: 0,000021 seconds.
  path: Assets/Brick Project Studio/Apartment Kit/Common/Materials/Misc/Canvas_Nat_05.mat
  artifactKey: Guid(ee274bac83b432e489e9163a36560bab) Importer(815301076,1909f56bfc062723c751e8b465ee728b)
Number of updated assets reloaded before import = 0
Start importing Assets/Brick Project Studio/Apartment Kit/Common/Materials/Misc/Canvas_Nat_05.mat using Guid(ee274bac83b432e489e9163a36560bab) Importer(815301076,1909f56bfc062723c751e8b465ee728b)  -> (artifact id: '4b53ef6ccba404a9bae3132e0a1acf05') in 0,369602 seconds 
Number of asset objects unloaded after import = 3
========================================================================
Received Import Request.
  Time since last request: 0,000036 seconds.
  path: Assets/Simple Garage/Models/Drill part.fbx
  artifactKey: Guid(f06171d029e9da44ba45d3270f5d5fb7) Importer(815301076,1909f56bfc062723c751e8b465ee728b)
Number of updated assets reloaded before import = 0
Start importing Assets/Simple Garage/Models/Drill part.fbx using Guid(f06171d029e9da44ba45d3270f5d5fb7) Importer(815301076,1909f56bfc062723c751e8b465ee728b)  -> (artifact id: '0ec5f6103a83aa3a18472e2d35974e43') in 0,258604 seconds 
Number of asset objects unloaded after import = 9
========================================================================
Received Import Request.
  Time since last request: 0,000997 seconds.
  path: Assets/Brick Project Studio/Apartment Kit/Common/Materials/Misc/Controller Screen_02.mat
  artifactKey: Guid(83b00c8a16e3e6748806636bd5f3c6e4) Importer(815301076,1909f56bfc062723c751e8b465ee728b)
Number of updated assets reloaded before import = 0
Start importing Assets/Brick Project Studio/Apartment Kit/Common/Materials/Misc/Controller Screen_02.mat using Guid(83b00c8a16e3e6748806636bd5f3c6e4) Importer(815301076,1909f56bfc062723c751e8b465ee728b)  -> (artifact id: '35938432730a472b5802c1830978948d') in 0,476127 seconds 
Number of asset objects unloaded after import = 2
========================================================================
Received Import Request.
  Time since last request: 0,000036 seconds.
  path: Assets/Brick Project Studio/Apartment Kit/Common/Materials/Surface/Ebony Wood.mat
  artifactKey: Guid(5af27c19293d0ff4cb00b35cc2189634) Importer(815301076,1909f56bfc062723c751e8b465ee728b)
Number of updated assets reloaded before import = 0
Start importing Assets/Brick Project Studio/Apartment Kit/Common/Materials/Surface/Ebony Wood.mat using Guid(5af27c19293d0ff4cb00b35cc2189634) Importer(815301076,1909f56bfc062723c751e8b465ee728b)  -> (artifact id: '3d22a1902bfc85cb48271f5c2fdc927b') in 0,487193 seconds 
Number of asset objects unloaded after import = 4
========================================================================
Received Import Request.
  Time since last request: 0,000045 seconds.
  path: Assets/Brick Project Studio/_BPS Basic Assets/Common/Materials/Basic Assets/BA_Wood 03.mat
  artifactKey: Guid(a64c40f22fb83f041b7c584055b61c8f) Importer(815301076,1909f56bfc062723c751e8b465ee728b)
Number of updated assets reloaded before import = 0
Start importing Assets/Brick Project Studio/_BPS Basic Assets/Common/Materials/Basic Assets/BA_Wood 03.mat using Guid(a64c40f22fb83f041b7c584055b61c8f) Importer(815301076,1909f56bfc062723c751e8b465ee728b)  -> (artifact id: '663f83c412cb8e2cb27e903f3fe5734e') in 0,059432 seconds 
Number of asset objects unloaded after import = 3
========================================================================
Received Import Request.
  Time since last request: 0,000030 seconds.
  path: Assets/ROS2/Robots/turtlebot3/Materials/Default.mat
  artifactKey: Guid(c3a4eee3ddf03bd43a46184ab0384a45) Importer(815301076,1909f56bfc062723c751e8b465ee728b)
Number of updated assets reloaded before import = 0
Start importing Assets/ROS2/Robots/turtlebot3/Materials/Default.mat using Guid(c3a4eee3ddf03bd43a46184ab0384a45) Importer(815301076,1909f56bfc062723c751e8b465ee728b)  -> (artifact id: '4c261746b9163b1907bb54e5cb5ce6de') in 0,084307 seconds 
Number of asset objects unloaded after import = 1
========================================================================
Received Import Request.
  Time since last request: 0,000026 seconds.
  path: Assets/ADI/Voxel Office Props/Models/Materials/binMat.mat
  artifactKey: Guid(becc624bdbca78c409920b7cf31b4a16) Importer(815301076,1909f56bfc062723c751e8b465ee728b)
Number of updated assets reloaded before import = 0
Start importing Assets/ADI/Voxel Office Props/Models/Materials/binMat.mat using Guid(becc624bdbca78c409920b7cf31b4a16) Importer(815301076,1909f56bfc062723c751e8b465ee728b)  -> (artifact id: 'ebd5d920d7161bb5d1a7e38d67f8b0e7') in 0,075994 seconds 
Number of asset objects unloaded after import = 1
========================================================================
Received Import Request.
  Time since last request: 0,000036 seconds.
  path: Assets/Brick Project Studio/Apartment Kit/Common/Materials/Surface/Brushed Metal_Brass.mat
  artifactKey: Guid(b9c5d6ba92c526a43991da07d41229bc) Importer(815301076,1909f56bfc062723c751e8b465ee728b)
Number of updated assets reloaded before import = 0
Start importing Assets/Brick Project Studio/Apartment Kit/Common/Materials/Surface/Brushed Metal_Brass.mat using Guid(b9c5d6ba92c526a43991da07d41229bc) Importer(815301076,1909f56bfc062723c751e8b465ee728b)  -> (artifact id: '80022224a29a29510f103ae75db71958') in 0,050522 seconds 
Number of asset objects unloaded after import = 3
========================================================================
Received Import Request.
  Time since last request: 0,000039 seconds.
  path: Assets/LowPolyLight/Effect/Bloom.mat
  artifactKey: Guid(221340b8b5ad10940ba1646f87e3770c) Importer(815301076,1909f56bfc062723c751e8b465ee728b)
Number of updated assets reloaded before import = 0
Start importing Assets/LowPolyLight/Effect/Bloom.mat using Guid(221340b8b5ad10940ba1646f87e3770c) Importer(815301076,1909f56bfc062723c751e8b465ee728b)  -> (artifact id: '3ff1cc63510c086f8687c76580a2938c') in 0,319299 seconds 
Number of asset objects unloaded after import = 1
========================================================================
Received Import Request.
  Time since last request: 0,000027 seconds.
  path: Assets/Brick Project Studio/Apartment Kit/Common/Materials/Misc/Canvas_Nat_06-07.mat
  artifactKey: Guid(fad41da6b0b4a274ea1daeb98b3d6b9b) Importer(815301076,1909f56bfc062723c751e8b465ee728b)
Number of updated assets reloaded before import = 0
Start importing Assets/Brick Project Studio/Apartment Kit/Common/Materials/Misc/Canvas_Nat_06-07.mat using Guid(fad41da6b0b4a274ea1daeb98b3d6b9b) Importer(815301076,1909f56bfc062723c751e8b465ee728b)  -> (artifact id: '2c6e165925a2743589c6a6fb67d59452') in 0,123586 seconds 
Number of asset objects unloaded after import = 3
========================================================================
Received Import Request.
  Time since last request: 0,000046 seconds.
  path: Assets/Brick Project Studio/Apartment Kit/Common/Materials/Surface/DarkGlass.mat
  artifactKey: Guid(64463c6a7652f604b8996718d7515215) Importer(815301076,1909f56bfc062723c751e8b465ee728b)
Number of updated assets reloaded before import = 0
Start importing Assets/Brick Project Studio/Apartment Kit/Common/Materials/Surface/DarkGlass.mat using Guid(64463c6a7652f604b8996718d7515215) Importer(815301076,1909f56bfc062723c751e8b465ee728b)  -> (artifact id: '3b5e814a172364e93049f72e3414904d') in 0,032657 seconds 
Number of asset objects unloaded after import = 1
========================================================================
Received Import Request.
  Time since last request: 0,000024 seconds.
  path: Assets/Brick Project Studio/_BPS Basic Assets/Common/Materials/Basic Assets/BA_Concrete_01.mat
  artifactKey: Guid(1e98ebe0ed4d9894d9610d836de5f478) Importer(815301076,1909f56bfc062723c751e8b465ee728b)
Number of updated assets reloaded before import = 0
Start importing Assets/Brick Project Studio/_BPS Basic Assets/Common/Materials/Basic Assets/BA_Concrete_01.mat using Guid(1e98ebe0ed4d9894d9610d836de5f478) Importer(815301076,1909f56bfc062723c751e8b465ee728b)  -> (artifact id: '27bdf63c3c101aff31f1cf26e89e9d3e') in 0,062262 seconds 
Number of asset objects unloaded after import = 3
========================================================================
Received Import Request.
  Time since last request: 0,000324 seconds.
  path: Assets/Brick Project Studio/_BPS Basic Assets/Common/Materials/Basic Assets/BA_Metal_Brushed_01.mat
  artifactKey: Guid(fe522d7b1289c4345b686fc29ee51adf) Importer(815301076,1909f56bfc062723c751e8b465ee728b)
Number of updated assets reloaded before import = 0
Start importing Assets/Brick Project Studio/_BPS Basic Assets/Common/Materials/Basic Assets/BA_Metal_Brushed_01.mat using Guid(fe522d7b1289c4345b686fc29ee51adf) Importer(815301076,1909f56bfc062723c751e8b465ee728b)  -> (artifact id: '483c82903430c8f154957ae2eaac355c') in 0,042847 seconds 
Number of asset objects unloaded after import = 3
========================================================================
Received Prepare
Registering precompiled user dll's ...
Registered in 0,001801 seconds.
Begin MonoManager ReloadAssembly
Native extension for LinuxStandalone target not found
Refreshing native plugins compatible for Editor in 0,66 ms, found 2 plugins.
Preloading 0 native plugins for Editor in 0,00 ms.
[Package Manager] Server::EnsureServerProcessIsRunning -- launch failed, reason: Unity was launched with the -noUpm command-line argument
[Package Manager] Cannot connect to Unity Package Manager local server
System.Exception: Error! Visual Scripting: couldn't find visual scripting package
  at Unity.VisualScripting.PackageVersionUtility.get_version () [0x00043] in /home/hmcelik/Desktop/My project/Library/PackageCache/com.unity.visualscripting@1.9.4/Editor/VisualScripting.Core/Utilities/PackageVersionUtility.cs:31 
  at Unity.VisualScripting.BoltCoreManifest.get_version () [0x00000] in /home/hmcelik/Desktop/My project/Library/PackageCache/com.unity.visualscripting@1.9.4/Editor/VisualScripting.Core/Plugin/BoltCoreManifest.cs:11 
  at Unity.VisualScripting.PluginManifest.get_currentVersion () [0x00000] in /home/hmcelik/Desktop/My project/Library/PackageCache/com.unity.visualscripting@1.9.4/Editor/VisualScripting.Core/Plugins/PluginManifest.cs:33 
  at Unity.VisualScripting.PluginManifest.get_versionMismatch () [0x00000] in /home/hmcelik/Desktop/My project/Library/PackageCache/com.unity.visualscripting@1.9.4/Editor/VisualScripting.Core/Plugins/PluginManifest.cs:48 
  at Unity.VisualScripting.PluginContainer.Initialize () [0x00525] in /home/hmcelik/Desktop/My project/Library/PackageCache/com.unity.visualscripting@1.9.4/Editor/VisualScripting.Core/Plugins/PluginContainer.cs:208 
  at Unity.VisualScripting.PluginContainer.InitializeOnLoad () [0x00009] in /home/hmcelik/Desktop/My project/Library/PackageCache/com.unity.visualscripting@1.9.4/Editor/VisualScripting.Core/Plugins/PluginContainer.cs:32 
  at Unity.VisualScripting.VSUsageUtility.DoInitializeOnLoadCalls () [0x00034] in /home/hmcelik/Desktop/My project/Library/PackageCache/com.unity.visualscripting@1.9.4/Editor/VisualScripting.Core/Utilities/VSUsageUtility.cs:76 
  at Unity.VisualScripting.VSUsageUtility.set_isVisualScriptingUsed (System.Boolean value) [0x0002c] in /home/hmcelik/Desktop/My project/Library/PackageCache/com.unity.visualscripting@1.9.4/Editor/VisualScripting.Core/Utilities/VSUsageUtility.cs:114 
  at Unity.VisualScripting.VSUsageUtility.CheckAndSetIsVisualScriptingUsed () [0x0000d] in /home/hmcelik/Desktop/My project/Library/PackageCache/com.unity.visualscripting@1.9.4/Editor/VisualScripting.Core/Utilities/VSUsageUtility.cs:33 
  at Unity.VisualScripting.VSUsageUtility..cctor () [0x00000] in /home/hmcelik/Desktop/My project/Library/PackageCache/com.unity.visualscripting@1.9.4/Editor/VisualScripting.Core/Utilities/VSUsageUtility.cs:22 
UnityEngine.StackTraceUtility:ExtractStackTrace () (at /home/bokken/build/output/unity/unity/Runtime/Export/Scripting/StackTrace.cs:37)
UnityEngine.DebugLogHandler:LogFormat (UnityEngine.LogType,UnityEngine.Object,string,object[])
UnityEngine.Logger:Log (UnityEngine.LogType,object)
UnityEngine.Debug:LogError (object)
UnityEditor.EditorAssemblies:ProcessInitializeOnLoadAttributes (System.Type[]) (at /home/bokken/build/output/unity/unity/Editor/Mono/EditorAssemblies.cs:134)

(Filename: /home/bokken/build/output/unity/unity/Editor/Mono/EditorAssemblies.cs Line: 134)

Mono: successfully reloaded assembly
- Completed reload, in  1,277 seconds
Domain Reload Profiling:
	ReloadAssembly (1278ms)
		BeginReloadAssembly (110ms)
			ExecutionOrderSort (0ms)
			DisableScriptedObjects (3ms)
			BackupInstance (0ms)
			ReleaseScriptingObjects (0ms)
			CreateAndSetChildDomain (39ms)
		EndReloadAssembly (1103ms)
			LoadAssemblies (46ms)
			RebuildTransferFunctionScriptingTraits (0ms)
			SetupTypeCache (197ms)
			ReleaseScriptCaches (1ms)
			RebuildScriptCaches (29ms)
			SetupLoadedEditorAssemblies (689ms)
				LogAssemblyErrors (0ms)
				InitializePlatformSupportModulesInManaged (8ms)
				SetLoadedEditorAssemblies (0ms)
				RefreshPlugins (1ms)
				BeforeProcessingInitializeOnLoad (47ms)
				ProcessInitializeOnLoadAttributes (606ms)
				ProcessInitializeOnLoadMethodAttributes (24ms)
				AfterProcessingInitializeOnLoad (3ms)
				EditorAssembliesLoaded (0ms)
			ExecutionOrderSort2 (0ms)
			AwakeInstancesAfterBackupRestoration (3ms)
Platform modules already initialized, skipping
Refreshing native plugins compatible for Editor in 0,70 ms, found 2 plugins.
Preloading 0 native plugins for Editor in 0,00 ms.
Unloading 3979 Unused Serialized files (Serialized files now loaded: 0)
Unloading 55 unused Assets / (46,8 KB). Loaded Objects now: 4507.
Memory consumption went from 138,0 MB to 137,9 MB.
Total: 10,888284 ms (FindLiveObjects: 0,204612 ms CreateObjectMapping: 0,105775 ms MarkObjects: 10,492430 ms  DeleteObjects: 0,084517 ms)

AssetImportParameters requested are different than current active one (requested -> active):
  custom:video-decoder-ogg-theora: a1e56fd34408186e4bbccfd4996cb3dc -> 
  custom:container-muxer-webm: aa71ff27fc2769a1b78a27578f13a17b -> 
  custom:container-demuxer-webm: 4f35f7cbe854078d1ac9338744f61a02 -> 
  custom:video-encoder-webm-vp8: eb34c28f22e8b96e1ab97ce403110664 -> 
  custom:CustomObjectIndexerAttribute: bc11b3a6c3213fcdd17b65e7da85e133 -> 
  custom:audio-encoder-webm-vorbis: bf7c407c2cedff20999df2af8eb42d56 -> 
  custom:SearchIndexIgnoredProperties: e643bd26f0fe6173181afceb89e7c659 -> 
  custom:container-demuxer-ogg: 62fdf1f143b41e24485cea50d1cbac27 -> 
  custom:video-decoder-webm-vp8: 9c59270c3fd7afecdb556c50c9e8de78 -> 
  custom:audio-decoder-ogg-vorbis: bf7c407c2cedff20999df2af8eb42d56 -> 
========================================================================
Received Prepare
Registering precompiled user dll's ...
Registered in 0,001903 seconds.
Begin MonoManager ReloadAssembly
Native extension for LinuxStandalone target not found
Refreshing native plugins compatible for Editor in 0,64 ms, found 2 plugins.
Preloading 0 native plugins for Editor in 0,00 ms.
[Package Manager] Server::EnsureServerProcessIsRunning -- launch failed, reason: Unity was launched with the -noUpm command-line argument
[Package Manager] Cannot connect to Unity Package Manager local server
System.Exception: Error! Visual Scripting: couldn't find visual scripting package
  at Unity.VisualScripting.PackageVersionUtility.get_version () [0x00043] in /home/hmcelik/Desktop/My project/Library/PackageCache/com.unity.visualscripting@1.9.4/Editor/VisualScripting.Core/Utilities/PackageVersionUtility.cs:31 
  at Unity.VisualScripting.BoltCoreManifest.get_version () [0x00000] in /home/hmcelik/Desktop/My project/Library/PackageCache/com.unity.visualscripting@1.9.4/Editor/VisualScripting.Core/Plugin/BoltCoreManifest.cs:11 
  at Unity.VisualScripting.PluginManifest.get_currentVersion () [0x00000] in /home/hmcelik/Desktop/My project/Library/PackageCache/com.unity.visualscripting@1.9.4/Editor/VisualScripting.Core/Plugins/PluginManifest.cs:33 
  at Unity.VisualScripting.PluginManifest.get_versionMismatch () [0x00000] in /home/hmcelik/Desktop/My project/Library/PackageCache/com.unity.visualscripting@1.9.4/Editor/VisualScripting.Core/Plugins/PluginManifest.cs:48 
  at Unity.VisualScripting.PluginContainer.Initialize () [0x00525] in /home/hmcelik/Desktop/My project/Library/PackageCache/com.unity.visualscripting@1.9.4/Editor/VisualScripting.Core/Plugins/PluginContainer.cs:208 
  at Unity.VisualScripting.PluginContainer.InitializeOnLoad () [0x00009] in /home/hmcelik/Desktop/My project/Library/PackageCache/com.unity.visualscripting@1.9.4/Editor/VisualScripting.Core/Plugins/PluginContainer.cs:32 
  at Unity.VisualScripting.VSUsageUtility.DoInitializeOnLoadCalls () [0x00034] in /home/hmcelik/Desktop/My project/Library/PackageCache/com.unity.visualscripting@1.9.4/Editor/VisualScripting.Core/Utilities/VSUsageUtility.cs:76 
  at Unity.VisualScripting.VSUsageUtility.set_isVisualScriptingUsed (System.Boolean value) [0x0002c] in /home/hmcelik/Desktop/My project/Library/PackageCache/com.unity.visualscripting@1.9.4/Editor/VisualScripting.Core/Utilities/VSUsageUtility.cs:114 
  at Unity.VisualScripting.VSUsageUtility.CheckAndSetIsVisualScriptingUsed () [0x0000d] in /home/hmcelik/Desktop/My project/Library/PackageCache/com.unity.visualscripting@1.9.4/Editor/VisualScripting.Core/Utilities/VSUsageUtility.cs:33 
  at Unity.VisualScripting.VSUsageUtility..cctor () [0x00000] in /home/hmcelik/Desktop/My project/Library/PackageCache/com.unity.visualscripting@1.9.4/Editor/VisualScripting.Core/Utilities/VSUsageUtility.cs:22 
UnityEngine.StackTraceUtility:ExtractStackTrace () (at /home/bokken/build/output/unity/unity/Runtime/Export/Scripting/StackTrace.cs:37)
UnityEngine.DebugLogHandler:LogFormat (UnityEngine.LogType,UnityEngine.Object,string,object[])
UnityEngine.Logger:Log (UnityEngine.LogType,object)
UnityEngine.Debug:LogError (object)
UnityEditor.EditorAssemblies:ProcessInitializeOnLoadAttributes (System.Type[]) (at /home/bokken/build/output/unity/unity/Editor/Mono/EditorAssemblies.cs:134)

(Filename: /home/bokken/build/output/unity/unity/Editor/Mono/EditorAssemblies.cs Line: 134)

Mono: successfully reloaded assembly
- Completed reload, in  1,382 seconds
Domain Reload Profiling:
	ReloadAssembly (1382ms)
		BeginReloadAssembly (101ms)
			ExecutionOrderSort (0ms)
			DisableScriptedObjects (4ms)
			BackupInstance (0ms)
			ReleaseScriptingObjects (0ms)
			CreateAndSetChildDomain (30ms)
		EndReloadAssembly (1217ms)
			LoadAssemblies (47ms)
			RebuildTransferFunctionScriptingTraits (0ms)
			SetupTypeCache (272ms)
			ReleaseScriptCaches (1ms)
			RebuildScriptCaches (29ms)
			SetupLoadedEditorAssemblies (728ms)
				LogAssemblyErrors (0ms)
				InitializePlatformSupportModulesInManaged (8ms)
				SetLoadedEditorAssemblies (0ms)
				RefreshPlugins (1ms)
				BeforeProcessingInitializeOnLoad (42ms)
				ProcessInitializeOnLoadAttributes (647ms)
				ProcessInitializeOnLoadMethodAttributes (27ms)
				AfterProcessingInitializeOnLoad (3ms)
				EditorAssembliesLoaded (0ms)
			ExecutionOrderSort2 (0ms)
			AwakeInstancesAfterBackupRestoration (3ms)
Platform modules already initialized, skipping
Refreshing native plugins compatible for Editor in 0,70 ms, found 2 plugins.
Preloading 0 native plugins for Editor in 0,00 ms.
Unloading 3979 Unused Serialized files (Serialized files now loaded: 0)
Unloading 55 unused Assets / (60,6 KB). Loaded Objects now: 4511.
Memory consumption went from 138,0 MB to 137,9 MB.
Total: 9,816366 ms (FindLiveObjects: 0,196206 ms CreateObjectMapping: 0,089358 ms MarkObjects: 9,448720 ms  DeleteObjects: 0,081137 ms)

AssetImportParameters requested are different than current active one (requested -> active):
  custom:video-decoder-ogg-theora: a1e56fd34408186e4bbccfd4996cb3dc -> 
  custom:container-muxer-webm: aa71ff27fc2769a1b78a27578f13a17b -> 
  custom:container-demuxer-webm: 4f35f7cbe854078d1ac9338744f61a02 -> 
  custom:video-encoder-webm-vp8: eb34c28f22e8b96e1ab97ce403110664 -> 
  custom:CustomObjectIndexerAttribute: bc11b3a6c3213fcdd17b65e7da85e133 -> 
  custom:audio-encoder-webm-vorbis: bf7c407c2cedff20999df2af8eb42d56 -> 
  custom:SearchIndexIgnoredProperties: e643bd26f0fe6173181afceb89e7c659 -> 
  custom:container-demuxer-ogg: 62fdf1f143b41e24485cea50d1cbac27 -> 
  custom:video-decoder-webm-vp8: 9c59270c3fd7afecdb556c50c9e8de78 -> 
  custom:audio-decoder-ogg-vorbis: bf7c407c2cedff20999df2af8eb42d56 -> 
========================================================================
Received Prepare
Registering precompiled user dll's ...
Registered in 0,001893 seconds.
Begin MonoManager ReloadAssembly
Native extension for LinuxStandalone target not found
Refreshing native plugins compatible for Editor in 0,77 ms, found 2 plugins.
Preloading 0 native plugins for Editor in 0,00 ms.
[Package Manager] Server::EnsureServerProcessIsRunning -- launch failed, reason: Unity was launched with the -noUpm command-line argument
[Package Manager] Cannot connect to Unity Package Manager local server
System.Exception: Error! Visual Scripting: couldn't find visual scripting package
  at Unity.VisualScripting.PackageVersionUtility.get_version () [0x00043] in /home/hmcelik/Desktop/My project/Library/PackageCache/com.unity.visualscripting@1.9.4/Editor/VisualScripting.Core/Utilities/PackageVersionUtility.cs:31 
  at Unity.VisualScripting.BoltCoreManifest.get_version () [0x00000] in /home/hmcelik/Desktop/My project/Library/PackageCache/com.unity.visualscripting@1.9.4/Editor/VisualScripting.Core/Plugin/BoltCoreManifest.cs:11 
  at Unity.VisualScripting.PluginManifest.get_currentVersion () [0x00000] in /home/hmcelik/Desktop/My project/Library/PackageCache/com.unity.visualscripting@1.9.4/Editor/VisualScripting.Core/Plugins/PluginManifest.cs:33 
  at Unity.VisualScripting.PluginManifest.get_versionMismatch () [0x00000] in /home/hmcelik/Desktop/My project/Library/PackageCache/com.unity.visualscripting@1.9.4/Editor/VisualScripting.Core/Plugins/PluginManifest.cs:48 
  at Unity.VisualScripting.PluginContainer.Initialize () [0x00525] in /home/hmcelik/Desktop/My project/Library/PackageCache/com.unity.visualscripting@1.9.4/Editor/VisualScripting.Core/Plugins/PluginContainer.cs:208 
  at Unity.VisualScripting.PluginContainer.InitializeOnLoad () [0x00009] in /home/hmcelik/Desktop/My project/Library/PackageCache/com.unity.visualscripting@1.9.4/Editor/VisualScripting.Core/Plugins/PluginContainer.cs:32 
  at Unity.VisualScripting.VSUsageUtility.DoInitializeOnLoadCalls () [0x00034] in /home/hmcelik/Desktop/My project/Library/PackageCache/com.unity.visualscripting@1.9.4/Editor/VisualScripting.Core/Utilities/VSUsageUtility.cs:76 
  at Unity.VisualScripting.VSUsageUtility.set_isVisualScriptingUsed (System.Boolean value) [0x0002c] in /home/hmcelik/Desktop/My project/Library/PackageCache/com.unity.visualscripting@1.9.4/Editor/VisualScripting.Core/Utilities/VSUsageUtility.cs:114 
  at Unity.VisualScripting.VSUsageUtility.CheckAndSetIsVisualScriptingUsed () [0x0000d] in /home/hmcelik/Desktop/My project/Library/PackageCache/com.unity.visualscripting@1.9.4/Editor/VisualScripting.Core/Utilities/VSUsageUtility.cs:33 
  at Unity.VisualScripting.VSUsageUtility..cctor () [0x00000] in /home/hmcelik/Desktop/My project/Library/PackageCache/com.unity.visualscripting@1.9.4/Editor/VisualScripting.Core/Utilities/VSUsageUtility.cs:22 
UnityEngine.StackTraceUtility:ExtractStackTrace () (at /home/bokken/build/output/unity/unity/Runtime/Export/Scripting/StackTrace.cs:37)
UnityEngine.DebugLogHandler:LogFormat (UnityEngine.LogType,UnityEngine.Object,string,object[])
UnityEngine.Logger:Log (UnityEngine.LogType,object)
UnityEngine.Debug:LogError (object)
UnityEditor.EditorAssemblies:ProcessInitializeOnLoadAttributes (System.Type[]) (at /home/bokken/build/output/unity/unity/Editor/Mono/EditorAssemblies.cs:134)

(Filename: /home/bokken/build/output/unity/unity/Editor/Mono/EditorAssemblies.cs Line: 134)

Mono: successfully reloaded assembly
- Completed reload, in  1,302 seconds
Domain Reload Profiling:
	ReloadAssembly (1302ms)
		BeginReloadAssembly (108ms)
			ExecutionOrderSort (0ms)
			DisableScriptedObjects (4ms)
			BackupInstance (0ms)
			ReleaseScriptingObjects (0ms)
			CreateAndSetChildDomain (32ms)
		EndReloadAssembly (1127ms)
			LoadAssemblies (42ms)
			RebuildTransferFunctionScriptingTraits (0ms)
			SetupTypeCache (232ms)
			ReleaseScriptCaches (1ms)
			RebuildScriptCaches (29ms)
			SetupLoadedEditorAssemblies (663ms)
				LogAssemblyErrors (0ms)
				InitializePlatformSupportModulesInManaged (9ms)
				SetLoadedEditorAssemblies (0ms)
				RefreshPlugins (1ms)
				BeforeProcessingInitializeOnLoad (47ms)
				ProcessInitializeOnLoadAttributes (573ms)
				ProcessInitializeOnLoadMethodAttributes (29ms)
				AfterProcessingInitializeOnLoad (3ms)
				EditorAssembliesLoaded (0ms)
			ExecutionOrderSort2 (0ms)
			AwakeInstancesAfterBackupRestoration (4ms)
Platform modules already initialized, skipping
Refreshing native plugins compatible for Editor in 0,69 ms, found 2 plugins.
Preloading 0 native plugins for Editor in 0,00 ms.
Unloading 3979 Unused Serialized files (Serialized files now loaded: 0)
Unloading 55 unused Assets / (46,8 KB). Loaded Objects now: 4515.
Memory consumption went from 138,0 MB to 137,9 MB.
Total: 10,335795 ms (FindLiveObjects: 0,196781 ms CreateObjectMapping: 0,101594 ms MarkObjects: 9,959470 ms  DeleteObjects: 0,077062 ms)

AssetImportParameters requested are different than current active one (requested -> active):
  custom:video-decoder-ogg-theora: a1e56fd34408186e4bbccfd4996cb3dc -> 
  custom:container-muxer-webm: aa71ff27fc2769a1b78a27578f13a17b -> 
  custom:container-demuxer-webm: 4f35f7cbe854078d1ac9338744f61a02 -> 
  custom:video-encoder-webm-vp8: eb34c28f22e8b96e1ab97ce403110664 -> 
  custom:CustomObjectIndexerAttribute: bc11b3a6c3213fcdd17b65e7da85e133 -> 
  custom:audio-encoder-webm-vorbis: bf7c407c2cedff20999df2af8eb42d56 -> 
  custom:SearchIndexIgnoredProperties: e643bd26f0fe6173181afceb89e7c659 -> 
  custom:container-demuxer-ogg: 62fdf1f143b41e24485cea50d1cbac27 -> 
  custom:video-decoder-webm-vp8: 9c59270c3fd7afecdb556c50c9e8de78 -> 
  custom:audio-decoder-ogg-vorbis: bf7c407c2cedff20999df2af8eb42d56 -> 
========================================================================
Received Prepare
Registering precompiled user dll's ...
Registered in 0,001798 seconds.
Begin MonoManager ReloadAssembly
Native extension for LinuxStandalone target not found
Refreshing native plugins compatible for Editor in 1,00 ms, found 2 plugins.
Preloading 0 native plugins for Editor in 0,00 ms.
[Package Manager] Server::EnsureServerProcessIsRunning -- launch failed, reason: Unity was launched with the -noUpm command-line argument
[Package Manager] Cannot connect to Unity Package Manager local server
System.Exception: Error! Visual Scripting: couldn't find visual scripting package
  at Unity.VisualScripting.PackageVersionUtility.get_version () [0x00043] in /home/hmcelik/Desktop/My project/Library/PackageCache/com.unity.visualscripting@1.9.4/Editor/VisualScripting.Core/Utilities/PackageVersionUtility.cs:31 
  at Unity.VisualScripting.BoltCoreManifest.get_version () [0x00000] in /home/hmcelik/Desktop/My project/Library/PackageCache/com.unity.visualscripting@1.9.4/Editor/VisualScripting.Core/Plugin/BoltCoreManifest.cs:11 
  at Unity.VisualScripting.PluginManifest.get_currentVersion () [0x00000] in /home/hmcelik/Desktop/My project/Library/PackageCache/com.unity.visualscripting@1.9.4/Editor/VisualScripting.Core/Plugins/PluginManifest.cs:33 
  at Unity.VisualScripting.PluginManifest.get_versionMismatch () [0x00000] in /home/hmcelik/Desktop/My project/Library/PackageCache/com.unity.visualscripting@1.9.4/Editor/VisualScripting.Core/Plugins/PluginManifest.cs:48 
  at Unity.VisualScripting.PluginContainer.Initialize () [0x00525] in /home/hmcelik/Desktop/My project/Library/PackageCache/com.unity.visualscripting@1.9.4/Editor/VisualScripting.Core/Plugins/PluginContainer.cs:208 
  at Unity.VisualScripting.PluginContainer.InitializeOnLoad () [0x00009] in /home/hmcelik/Desktop/My project/Library/PackageCache/com.unity.visualscripting@1.9.4/Editor/VisualScripting.Core/Plugins/PluginContainer.cs:32 
  at Unity.VisualScripting.VSUsageUtility.DoInitializeOnLoadCalls () [0x00034] in /home/hmcelik/Desktop/My project/Library/PackageCache/com.unity.visualscripting@1.9.4/Editor/VisualScripting.Core/Utilities/VSUsageUtility.cs:76 
  at Unity.VisualScripting.VSUsageUtility.set_isVisualScriptingUsed (System.Boolean value) [0x0002c] in /home/hmcelik/Desktop/My project/Library/PackageCache/com.unity.visualscripting@1.9.4/Editor/VisualScripting.Core/Utilities/VSUsageUtility.cs:114 
  at Unity.VisualScripting.VSUsageUtility.CheckAndSetIsVisualScriptingUsed () [0x0000d] in /home/hmcelik/Desktop/My project/Library/PackageCache/com.unity.visualscripting@1.9.4/Editor/VisualScripting.Core/Utilities/VSUsageUtility.cs:33 
  at Unity.VisualScripting.VSUsageUtility..cctor () [0x00000] in /home/hmcelik/Desktop/My project/Library/PackageCache/com.unity.visualscripting@1.9.4/Editor/VisualScripting.Core/Utilities/VSUsageUtility.cs:22 
UnityEngine.StackTraceUtility:ExtractStackTrace () (at /home/bokken/build/output/unity/unity/Runtime/Export/Scripting/StackTrace.cs:37)
UnityEngine.DebugLogHandler:LogFormat (UnityEngine.LogType,UnityEngine.Object,string,object[])
UnityEngine.Logger:Log (UnityEngine.LogType,object)
UnityEngine.Debug:LogError (object)
UnityEditor.EditorAssemblies:ProcessInitializeOnLoadAttributes (System.Type[]) (at /home/bokken/build/output/unity/unity/Editor/Mono/EditorAssemblies.cs:134)

(Filename: /home/bokken/build/output/unity/unity/Editor/Mono/EditorAssemblies.cs Line: 134)

Mono: successfully reloaded assembly
- Completed reload, in  1,317 seconds
Domain Reload Profiling:
	ReloadAssembly (1317ms)
		BeginReloadAssembly (101ms)
			ExecutionOrderSort (0ms)
			DisableScriptedObjects (4ms)
			BackupInstance (0ms)
			ReleaseScriptingObjects (0ms)
			CreateAndSetChildDomain (31ms)
		EndReloadAssembly (1151ms)
			LoadAssemblies (45ms)
			RebuildTransferFunctionScriptingTraits (0ms)
			SetupTypeCache (195ms)
			ReleaseScriptCaches (1ms)
			RebuildScriptCaches (30ms)
			SetupLoadedEditorAssemblies (728ms)
				LogAssemblyErrors (0ms)
				InitializePlatformSupportModulesInManaged (10ms)
				SetLoadedEditorAssemblies (0ms)
				RefreshPlugins (1ms)
				BeforeProcessingInitializeOnLoad (51ms)
				ProcessInitializeOnLoadAttributes (635ms)
				ProcessInitializeOnLoadMethodAttributes (27ms)
				AfterProcessingInitializeOnLoad (3ms)
				EditorAssembliesLoaded (0ms)
			ExecutionOrderSort2 (0ms)
			AwakeInstancesAfterBackupRestoration (3ms)
Platform modules already initialized, skipping
Refreshing native plugins compatible for Editor in 0,83 ms, found 2 plugins.
Preloading 0 native plugins for Editor in 0,00 ms.
Unloading 3980 Unused Serialized files (Serialized files now loaded: 0)
Unloading 55 unused Assets / (46,9 KB). Loaded Objects now: 4520.
Memory consumption went from 138,0 MB to 138,0 MB.
Total: 13,064160 ms (FindLiveObjects: 0,217500 ms CreateObjectMapping: 0,123823 ms MarkObjects: 12,586248 ms  DeleteObjects: 0,135282 ms)

AssetImportParameters requested are different than current active one (requested -> active):
  custom:video-decoder-ogg-theora: a1e56fd34408186e4bbccfd4996cb3dc -> 
  custom:container-muxer-webm: aa71ff27fc2769a1b78a27578f13a17b -> 
  custom:container-demuxer-webm: 4f35f7cbe854078d1ac9338744f61a02 -> 
  custom:video-encoder-webm-vp8: eb34c28f22e8b96e1ab97ce403110664 -> 
  custom:CustomObjectIndexerAttribute: bc11b3a6c3213fcdd17b65e7da85e133 -> 
  custom:audio-encoder-webm-vorbis: bf7c407c2cedff20999df2af8eb42d56 -> 
  custom:SearchIndexIgnoredProperties: e643bd26f0fe6173181afceb89e7c659 -> 
  custom:container-demuxer-ogg: 62fdf1f143b41e24485cea50d1cbac27 -> 
  custom:video-decoder-webm-vp8: 9c59270c3fd7afecdb556c50c9e8de78 -> 
  custom:audio-decoder-ogg-vorbis: bf7c407c2cedff20999df2af8eb42d56 -> 
========================================================================
Received Prepare
Registering precompiled user dll's ...
Registered in 0,001837 seconds.
Begin MonoManager ReloadAssembly
Native extension for LinuxStandalone target not found
Refreshing native plugins compatible for Editor in 0,67 ms, found 2 plugins.
Preloading 0 native plugins for Editor in 0,00 ms.
[Package Manager] Server::EnsureServerProcessIsRunning -- launch failed, reason: Unity was launched with the -noUpm command-line argument
[Package Manager] Cannot connect to Unity Package Manager local server
System.Exception: Error! Visual Scripting: couldn't find visual scripting package
  at Unity.VisualScripting.PackageVersionUtility.get_version () [0x00043] in /home/hmcelik/Desktop/My project/Library/PackageCache/com.unity.visualscripting@1.9.4/Editor/VisualScripting.Core/Utilities/PackageVersionUtility.cs:31 
  at Unity.VisualScripting.BoltCoreManifest.get_version () [0x00000] in /home/hmcelik/Desktop/My project/Library/PackageCache/com.unity.visualscripting@1.9.4/Editor/VisualScripting.Core/Plugin/BoltCoreManifest.cs:11 
  at Unity.VisualScripting.PluginManifest.get_currentVersion () [0x00000] in /home/hmcelik/Desktop/My project/Library/PackageCache/com.unity.visualscripting@1.9.4/Editor/VisualScripting.Core/Plugins/PluginManifest.cs:33 
  at Unity.VisualScripting.PluginManifest.get_versionMismatch () [0x00000] in /home/hmcelik/Desktop/My project/Library/PackageCache/com.unity.visualscripting@1.9.4/Editor/VisualScripting.Core/Plugins/PluginManifest.cs:48 
  at Unity.VisualScripting.PluginContainer.Initialize () [0x00525] in /home/hmcelik/Desktop/My project/Library/PackageCache/com.unity.visualscripting@1.9.4/Editor/VisualScripting.Core/Plugins/PluginContainer.cs:208 
  at Unity.VisualScripting.PluginContainer.InitializeOnLoad () [0x00009] in /home/hmcelik/Desktop/My project/Library/PackageCache/com.unity.visualscripting@1.9.4/Editor/VisualScripting.Core/Plugins/PluginContainer.cs:32 
  at Unity.VisualScripting.VSUsageUtility.DoInitializeOnLoadCalls () [0x00034] in /home/hmcelik/Desktop/My project/Library/PackageCache/com.unity.visualscripting@1.9.4/Editor/VisualScripting.Core/Utilities/VSUsageUtility.cs:76 
  at Unity.VisualScripting.VSUsageUtility.set_isVisualScriptingUsed (System.Boolean value) [0x0002c] in /home/hmcelik/Desktop/My project/Library/PackageCache/com.unity.visualscripting@1.9.4/Editor/VisualScripting.Core/Utilities/VSUsageUtility.cs:114 
  at Unity.VisualScripting.VSUsageUtility.CheckAndSetIsVisualScriptingUsed () [0x0000d] in /home/hmcelik/Desktop/My project/Library/PackageCache/com.unity.visualscripting@1.9.4/Editor/VisualScripting.Core/Utilities/VSUsageUtility.cs:33 
  at Unity.VisualScripting.VSUsageUtility..cctor () [0x00000] in /home/hmcelik/Desktop/My project/Library/PackageCache/com.unity.visualscripting@1.9.4/Editor/VisualScripting.Core/Utilities/VSUsageUtility.cs:22 
UnityEngine.StackTraceUtility:ExtractStackTrace () (at /home/bokken/build/output/unity/unity/Runtime/Export/Scripting/StackTrace.cs:37)
UnityEngine.DebugLogHandler:LogFormat (UnityEngine.LogType,UnityEngine.Object,string,object[])
UnityEngine.Logger:Log (UnityEngine.LogType,object)
UnityEngine.Debug:LogError (object)
UnityEditor.EditorAssemblies:ProcessInitializeOnLoadAttributes (System.Type[]) (at /home/bokken/build/output/unity/unity/Editor/Mono/EditorAssemblies.cs:134)

(Filename: /home/bokken/build/output/unity/unity/Editor/Mono/EditorAssemblies.cs Line: 134)

Mono: successfully reloaded assembly
- Completed reload, in  1,292 seconds
Domain Reload Profiling:
	ReloadAssembly (1292ms)
		BeginReloadAssembly (109ms)
			ExecutionOrderSort (0ms)
			DisableScriptedObjects (4ms)
			BackupInstance (0ms)
			ReleaseScriptingObjects (0ms)
			CreateAndSetChildDomain (33ms)
		EndReloadAssembly (1117ms)
			LoadAssemblies (40ms)
			RebuildTransferFunctionScriptingTraits (0ms)
			SetupTypeCache (198ms)
			ReleaseScriptCaches (1ms)
			RebuildScriptCaches (31ms)
			SetupLoadedEditorAssemblies (689ms)
				LogAssemblyErrors (0ms)
				InitializePlatformSupportModulesInManaged (8ms)
				SetLoadedEditorAssemblies (0ms)
				RefreshPlugins (1ms)
				BeforeProcessingInitializeOnLoad (41ms)
				ProcessInitializeOnLoadAttributes (607ms)
				ProcessInitializeOnLoadMethodAttributes (28ms)
				AfterProcessingInitializeOnLoad (4ms)
				EditorAssembliesLoaded (0ms)
			ExecutionOrderSort2 (0ms)
			AwakeInstancesAfterBackupRestoration (3ms)
Platform modules already initialized, skipping
Refreshing native plugins compatible for Editor in 0,73 ms, found 2 plugins.
Preloading 0 native plugins for Editor in 0,00 ms.
Unloading 3980 Unused Serialized files (Serialized files now loaded: 0)
Unloading 55 unused Assets / (46,9 KB). Loaded Objects now: 4524.
Memory consumption went from 138,0 MB to 138,0 MB.
Total: 10,405661 ms (FindLiveObjects: 0,190407 ms CreateObjectMapping: 0,075867 ms MarkObjects: 10,060636 ms  DeleteObjects: 0,077711 ms)

AssetImportParameters requested are different than current active one (requested -> active):
  custom:video-decoder-ogg-theora: a1e56fd34408186e4bbccfd4996cb3dc -> 
  custom:container-muxer-webm: aa71ff27fc2769a1b78a27578f13a17b -> 
  custom:container-demuxer-webm: 4f35f7cbe854078d1ac9338744f61a02 -> 
  custom:video-encoder-webm-vp8: eb34c28f22e8b96e1ab97ce403110664 -> 
  custom:CustomObjectIndexerAttribute: bc11b3a6c3213fcdd17b65e7da85e133 -> 
  custom:audio-encoder-webm-vorbis: bf7c407c2cedff20999df2af8eb42d56 -> 
  custom:SearchIndexIgnoredProperties: e643bd26f0fe6173181afceb89e7c659 -> 
  custom:container-demuxer-ogg: 62fdf1f143b41e24485cea50d1cbac27 -> 
  custom:video-decoder-webm-vp8: 9c59270c3fd7afecdb556c50c9e8de78 -> 
  custom:audio-decoder-ogg-vorbis: bf7c407c2cedff20999df2af8eb42d56 -> 
========================================================================
Received Prepare
Registering precompiled user dll's ...
Registered in 0,001792 seconds.
Begin MonoManager ReloadAssembly
Native extension for LinuxStandalone target not found
Refreshing native plugins compatible for Editor in 0,66 ms, found 2 plugins.
Preloading 0 native plugins for Editor in 0,00 ms.
[Package Manager] Server::EnsureServerProcessIsRunning -- launch failed, reason: Unity was launched with the -noUpm command-line argument
[Package Manager] Cannot connect to Unity Package Manager local server
System.Exception: Error! Visual Scripting: couldn't find visual scripting package
  at Unity.VisualScripting.PackageVersionUtility.get_version () [0x00043] in /home/hmcelik/Desktop/My project/Library/PackageCache/com.unity.visualscripting@1.9.4/Editor/VisualScripting.Core/Utilities/PackageVersionUtility.cs:31 
  at Unity.VisualScripting.BoltCoreManifest.get_version () [0x00000] in /home/hmcelik/Desktop/My project/Library/PackageCache/com.unity.visualscripting@1.9.4/Editor/VisualScripting.Core/Plugin/BoltCoreManifest.cs:11 
  at Unity.VisualScripting.PluginManifest.get_currentVersion () [0x00000] in /home/hmcelik/Desktop/My project/Library/PackageCache/com.unity.visualscripting@1.9.4/Editor/VisualScripting.Core/Plugins/PluginManifest.cs:33 
  at Unity.VisualScripting.PluginManifest.get_versionMismatch () [0x00000] in /home/hmcelik/Desktop/My project/Library/PackageCache/com.unity.visualscripting@1.9.4/Editor/VisualScripting.Core/Plugins/PluginManifest.cs:48 
  at Unity.VisualScripting.PluginContainer.Initialize () [0x00525] in /home/hmcelik/Desktop/My project/Library/PackageCache/com.unity.visualscripting@1.9.4/Editor/VisualScripting.Core/Plugins/PluginContainer.cs:208 
  at Unity.VisualScripting.PluginContainer.InitializeOnLoad () [0x00009] in /home/hmcelik/Desktop/My project/Library/PackageCache/com.unity.visualscripting@1.9.4/Editor/VisualScripting.Core/Plugins/PluginContainer.cs:32 
  at Unity.VisualScripting.VSUsageUtility.DoInitializeOnLoadCalls () [0x00034] in /home/hmcelik/Desktop/My project/Library/PackageCache/com.unity.visualscripting@1.9.4/Editor/VisualScripting.Core/Utilities/VSUsageUtility.cs:76 
  at Unity.VisualScripting.VSUsageUtility.set_isVisualScriptingUsed (System.Boolean value) [0x0002c] in /home/hmcelik/Desktop/My project/Library/PackageCache/com.unity.visualscripting@1.9.4/Editor/VisualScripting.Core/Utilities/VSUsageUtility.cs:114 
  at Unity.VisualScripting.VSUsageUtility.CheckAndSetIsVisualScriptingUsed () [0x0000d] in /home/hmcelik/Desktop/My project/Library/PackageCache/com.unity.visualscripting@1.9.4/Editor/VisualScripting.Core/Utilities/VSUsageUtility.cs:33 
  at Unity.VisualScripting.VSUsageUtility..cctor () [0x00000] in /home/hmcelik/Desktop/My project/Library/PackageCache/com.unity.visualscripting@1.9.4/Editor/VisualScripting.Core/Utilities/VSUsageUtility.cs:22 
UnityEngine.StackTraceUtility:ExtractStackTrace () (at /home/bokken/build/output/unity/unity/Runtime/Export/Scripting/StackTrace.cs:37)
UnityEngine.DebugLogHandler:LogFormat (UnityEngine.LogType,UnityEngine.Object,string,object[])
UnityEngine.Logger:Log (UnityEngine.LogType,object)
UnityEngine.Debug:LogError (object)
UnityEditor.EditorAssemblies:ProcessInitializeOnLoadAttributes (System.Type[]) (at /home/bokken/build/output/unity/unity/Editor/Mono/EditorAssemblies.cs:134)

(Filename: /home/bokken/build/output/unity/unity/Editor/Mono/EditorAssemblies.cs Line: 134)

Mono: successfully reloaded assembly
- Completed reload, in  1,316 seconds
Domain Reload Profiling:
	ReloadAssembly (1316ms)
		BeginReloadAssembly (101ms)
			ExecutionOrderSort (0ms)
			DisableScriptedObjects (4ms)
			BackupInstance (0ms)
			ReleaseScriptingObjects (0ms)
			CreateAndSetChildDomain (32ms)
		EndReloadAssembly (1150ms)
			LoadAssemblies (42ms)
			RebuildTransferFunctionScriptingTraits (0ms)
			SetupTypeCache (215ms)
			ReleaseScriptCaches (1ms)
			RebuildScriptCaches (45ms)
			SetupLoadedEditorAssemblies (696ms)
				LogAssemblyErrors (0ms)
				InitializePlatformSupportModulesInManaged (8ms)
				SetLoadedEditorAssemblies (0ms)
				RefreshPlugins (1ms)
				BeforeProcessingInitializeOnLoad (44ms)
				ProcessInitializeOnLoadAttributes (617ms)
				ProcessInitializeOnLoadMethodAttributes (24ms)
				AfterProcessingInitializeOnLoad (3ms)
				EditorAssembliesLoaded (0ms)
			ExecutionOrderSort2 (0ms)
			AwakeInstancesAfterBackupRestoration (3ms)
Platform modules already initialized, skipping
Refreshing native plugins compatible for Editor in 1,23 ms, found 2 plugins.
Preloading 0 native plugins for Editor in 0,00 ms.
Unloading 3980 Unused Serialized files (Serialized files now loaded: 0)
Unloading 55 unused Assets / (46,8 KB). Loaded Objects now: 4528.
Memory consumption went from 138,0 MB to 138,0 MB.
Total: 12,517480 ms (FindLiveObjects: 0,338580 ms CreateObjectMapping: 0,112553 ms MarkObjects: 11,962155 ms  DeleteObjects: 0,103014 ms)

AssetImportParameters requested are different than current active one (requested -> active):
  custom:video-decoder-ogg-theora: a1e56fd34408186e4bbccfd4996cb3dc -> 
  custom:container-muxer-webm: aa71ff27fc2769a1b78a27578f13a17b -> 
  custom:container-demuxer-webm: 4f35f7cbe854078d1ac9338744f61a02 -> 
  custom:video-encoder-webm-vp8: eb34c28f22e8b96e1ab97ce403110664 -> 
  custom:CustomObjectIndexerAttribute: bc11b3a6c3213fcdd17b65e7da85e133 -> 
  custom:audio-encoder-webm-vorbis: bf7c407c2cedff20999df2af8eb42d56 -> 
  custom:SearchIndexIgnoredProperties: e643bd26f0fe6173181afceb89e7c659 -> 
  custom:container-demuxer-ogg: 62fdf1f143b41e24485cea50d1cbac27 -> 
  custom:video-decoder-webm-vp8: 9c59270c3fd7afecdb556c50c9e8de78 -> 
  custom:audio-decoder-ogg-vorbis: bf7c407c2cedff20999df2af8eb42d56 -> 
========================================================================
Received Prepare
Registering precompiled user dll's ...
Registered in 0,002409 seconds.
Begin MonoManager ReloadAssembly
Native extension for LinuxStandalone target not found
Refreshing native plugins compatible for Editor in 0,66 ms, found 2 plugins.
Preloading 0 native plugins for Editor in 0,00 ms.
[Package Manager] Server::EnsureServerProcessIsRunning -- launch failed, reason: Unity was launched with the -noUpm command-line argument
[Package Manager] Cannot connect to Unity Package Manager local server
System.Exception: Error! Visual Scripting: couldn't find visual scripting package
  at Unity.VisualScripting.PackageVersionUtility.get_version () [0x00043] in /home/hmcelik/Desktop/My project/Library/PackageCache/com.unity.visualscripting@1.9.4/Editor/VisualScripting.Core/Utilities/PackageVersionUtility.cs:31 
  at Unity.VisualScripting.BoltCoreManifest.get_version () [0x00000] in /home/hmcelik/Desktop/My project/Library/PackageCache/com.unity.visualscripting@1.9.4/Editor/VisualScripting.Core/Plugin/BoltCoreManifest.cs:11 
  at Unity.VisualScripting.PluginManifest.get_currentVersion () [0x00000] in /home/hmcelik/Desktop/My project/Library/PackageCache/com.unity.visualscripting@1.9.4/Editor/VisualScripting.Core/Plugins/PluginManifest.cs:33 
  at Unity.VisualScripting.PluginManifest.get_versionMismatch () [0x00000] in /home/hmcelik/Desktop/My project/Library/PackageCache/com.unity.visualscripting@1.9.4/Editor/VisualScripting.Core/Plugins/PluginManifest.cs:48 
  at Unity.VisualScripting.PluginContainer.Initialize () [0x00525] in /home/hmcelik/Desktop/My project/Library/PackageCache/com.unity.visualscripting@1.9.4/Editor/VisualScripting.Core/Plugins/PluginContainer.cs:208 
  at Unity.VisualScripting.PluginContainer.InitializeOnLoad () [0x00009] in /home/hmcelik/Desktop/My project/Library/PackageCache/com.unity.visualscripting@1.9.4/Editor/VisualScripting.Core/Plugins/PluginContainer.cs:32 
  at Unity.VisualScripting.VSUsageUtility.DoInitializeOnLoadCalls () [0x00034] in /home/hmcelik/Desktop/My project/Library/PackageCache/com.unity.visualscripting@1.9.4/Editor/VisualScripting.Core/Utilities/VSUsageUtility.cs:76 
  at Unity.VisualScripting.VSUsageUtility.set_isVisualScriptingUsed (System.Boolean value) [0x0002c] in /home/hmcelik/Desktop/My project/Library/PackageCache/com.unity.visualscripting@1.9.4/Editor/VisualScripting.Core/Utilities/VSUsageUtility.cs:114 
  at Unity.VisualScripting.VSUsageUtility.CheckAndSetIsVisualScriptingUsed () [0x0000d] in /home/hmcelik/Desktop/My project/Library/PackageCache/com.unity.visualscripting@1.9.4/Editor/VisualScripting.Core/Utilities/VSUsageUtility.cs:33 
  at Unity.VisualScripting.VSUsageUtility..cctor () [0x00000] in /home/hmcelik/Desktop/My project/Library/PackageCache/com.unity.visualscripting@1.9.4/Editor/VisualScripting.Core/Utilities/VSUsageUtility.cs:22 
UnityEngine.StackTraceUtility:ExtractStackTrace () (at /home/bokken/build/output/unity/unity/Runtime/Export/Scripting/StackTrace.cs:37)
UnityEngine.DebugLogHandler:LogFormat (UnityEngine.LogType,UnityEngine.Object,string,object[])
UnityEngine.Logger:Log (UnityEngine.LogType,object)
UnityEngine.Debug:LogError (object)
UnityEditor.EditorAssemblies:ProcessInitializeOnLoadAttributes (System.Type[]) (at /home/bokken/build/output/unity/unity/Editor/Mono/EditorAssemblies.cs:134)

(Filename: /home/bokken/build/output/unity/unity/Editor/Mono/EditorAssemblies.cs Line: 134)

Mono: successfully reloaded assembly
- Completed reload, in  1,326 seconds
Domain Reload Profiling:
	ReloadAssembly (1326ms)
		BeginReloadAssembly (103ms)
			ExecutionOrderSort (0ms)
			DisableScriptedObjects (4ms)
			BackupInstance (0ms)
			ReleaseScriptingObjects (0ms)
			CreateAndSetChildDomain (32ms)
		EndReloadAssembly (1158ms)
			LoadAssemblies (45ms)
			RebuildTransferFunctionScriptingTraits (0ms)
			SetupTypeCache (226ms)
			ReleaseScriptCaches (1ms)
			RebuildScriptCaches (35ms)
			SetupLoadedEditorAssemblies (703ms)
				LogAssemblyErrors (0ms)
				InitializePlatformSupportModulesInManaged (8ms)
				SetLoadedEditorAssemblies (0ms)
				RefreshPlugins (1ms)
				BeforeProcessingInitializeOnLoad (42ms)
				ProcessInitializeOnLoadAttributes (626ms)
				ProcessInitializeOnLoadMethodAttributes (24ms)
				AfterProcessingInitializeOnLoad (3ms)
				EditorAssembliesLoaded (0ms)
			ExecutionOrderSort2 (0ms)
			AwakeInstancesAfterBackupRestoration (3ms)
Platform modules already initialized, skipping
Refreshing native plugins compatible for Editor in 1,18 ms, found 2 plugins.
Preloading 0 native plugins for Editor in 0,00 ms.
Unloading 3980 Unused Serialized files (Serialized files now loaded: 0)
Unloading 55 unused Assets / (60,6 KB). Loaded Objects now: 4532.
Memory consumption went from 138,1 MB to 138,0 MB.
Total: 15,543126 ms (FindLiveObjects: 0,243009 ms CreateObjectMapping: 0,143274 ms MarkObjects: 15,063979 ms  DeleteObjects: 0,091799 ms)

AssetImportParameters requested are different than current active one (requested -> active):
  custom:video-decoder-ogg-theora: a1e56fd34408186e4bbccfd4996cb3dc -> 
  custom:container-muxer-webm: aa71ff27fc2769a1b78a27578f13a17b -> 
  custom:container-demuxer-webm: 4f35f7cbe854078d1ac9338744f61a02 -> 
  custom:video-encoder-webm-vp8: eb34c28f22e8b96e1ab97ce403110664 -> 
  custom:CustomObjectIndexerAttribute: bc11b3a6c3213fcdd17b65e7da85e133 -> 
  custom:audio-encoder-webm-vorbis: bf7c407c2cedff20999df2af8eb42d56 -> 
  custom:SearchIndexIgnoredProperties: e643bd26f0fe6173181afceb89e7c659 -> 
  custom:container-demuxer-ogg: 62fdf1f143b41e24485cea50d1cbac27 -> 
  custom:video-decoder-webm-vp8: 9c59270c3fd7afecdb556c50c9e8de78 -> 
  custom:audio-decoder-ogg-vorbis: bf7c407c2cedff20999df2af8eb42d56 -> 
========================================================================
Received Prepare
Registering precompiled user dll's ...
Registered in 0,001925 seconds.
Begin MonoManager ReloadAssembly
Native extension for LinuxStandalone target not found
Refreshing native plugins compatible for Editor in 0,68 ms, found 2 plugins.
Preloading 0 native plugins for Editor in 0,00 ms.
[Package Manager] Server::EnsureServerProcessIsRunning -- launch failed, reason: Unity was launched with the -noUpm command-line argument
[Package Manager] Cannot connect to Unity Package Manager local server
System.Exception: Error! Visual Scripting: couldn't find visual scripting package
  at Unity.VisualScripting.PackageVersionUtility.get_version () [0x00043] in /home/hmcelik/Desktop/My project/Library/PackageCache/com.unity.visualscripting@1.9.4/Editor/VisualScripting.Core/Utilities/PackageVersionUtility.cs:31 
  at Unity.VisualScripting.BoltCoreManifest.get_version () [0x00000] in /home/hmcelik/Desktop/My project/Library/PackageCache/com.unity.visualscripting@1.9.4/Editor/VisualScripting.Core/Plugin/BoltCoreManifest.cs:11 
  at Unity.VisualScripting.PluginManifest.get_currentVersion () [0x00000] in /home/hmcelik/Desktop/My project/Library/PackageCache/com.unity.visualscripting@1.9.4/Editor/VisualScripting.Core/Plugins/PluginManifest.cs:33 
  at Unity.VisualScripting.PluginManifest.get_versionMismatch () [0x00000] in /home/hmcelik/Desktop/My project/Library/PackageCache/com.unity.visualscripting@1.9.4/Editor/VisualScripting.Core/Plugins/PluginManifest.cs:48 
  at Unity.VisualScripting.PluginContainer.Initialize () [0x00525] in /home/hmcelik/Desktop/My project/Library/PackageCache/com.unity.visualscripting@1.9.4/Editor/VisualScripting.Core/Plugins/PluginContainer.cs:208 
  at Unity.VisualScripting.PluginContainer.InitializeOnLoad () [0x00009] in /home/hmcelik/Desktop/My project/Library/PackageCache/com.unity.visualscripting@1.9.4/Editor/VisualScripting.Core/Plugins/PluginContainer.cs:32 
  at Unity.VisualScripting.VSUsageUtility.DoInitializeOnLoadCalls () [0x00034] in /home/hmcelik/Desktop/My project/Library/PackageCache/com.unity.visualscripting@1.9.4/Editor/VisualScripting.Core/Utilities/VSUsageUtility.cs:76 
  at Unity.VisualScripting.VSUsageUtility.set_isVisualScriptingUsed (System.Boolean value) [0x0002c] in /home/hmcelik/Desktop/My project/Library/PackageCache/com.unity.visualscripting@1.9.4/Editor/VisualScripting.Core/Utilities/VSUsageUtility.cs:114 
  at Unity.VisualScripting.VSUsageUtility.CheckAndSetIsVisualScriptingUsed () [0x0000d] in /home/hmcelik/Desktop/My project/Library/PackageCache/com.unity.visualscripting@1.9.4/Editor/VisualScripting.Core/Utilities/VSUsageUtility.cs:33 
  at Unity.VisualScripting.VSUsageUtility..cctor () [0x00000] in /home/hmcelik/Desktop/My project/Library/PackageCache/com.unity.visualscripting@1.9.4/Editor/VisualScripting.Core/Utilities/VSUsageUtility.cs:22 
UnityEngine.StackTraceUtility:ExtractStackTrace () (at /home/bokken/build/output/unity/unity/Runtime/Export/Scripting/StackTrace.cs:37)
UnityEngine.DebugLogHandler:LogFormat (UnityEngine.LogType,UnityEngine.Object,string,object[])
UnityEngine.Logger:Log (UnityEngine.LogType,object)
UnityEngine.Debug:LogError (object)
UnityEditor.EditorAssemblies:ProcessInitializeOnLoadAttributes (System.Type[]) (at /home/bokken/build/output/unity/unity/Editor/Mono/EditorAssemblies.cs:134)

(Filename: /home/bokken/build/output/unity/unity/Editor/Mono/EditorAssemblies.cs Line: 134)

Mono: successfully reloaded assembly
- Completed reload, in  1,334 seconds
Domain Reload Profiling:
	ReloadAssembly (1334ms)
		BeginReloadAssembly (108ms)
			ExecutionOrderSort (0ms)
			DisableScriptedObjects (4ms)
			BackupInstance (0ms)
			ReleaseScriptingObjects (0ms)
			CreateAndSetChildDomain (35ms)
		EndReloadAssembly (1159ms)
			LoadAssemblies (41ms)
			RebuildTransferFunctionScriptingTraits (0ms)
			SetupTypeCache (230ms)
			ReleaseScriptCaches (1ms)
			RebuildScriptCaches (29ms)
			SetupLoadedEditorAssemblies (707ms)
				LogAssemblyErrors (0ms)
				InitializePlatformSupportModulesInManaged (8ms)
				SetLoadedEditorAssemblies (0ms)
				RefreshPlugins (1ms)
				BeforeProcessingInitializeOnLoad (47ms)
				ProcessInitializeOnLoadAttributes (625ms)
				ProcessInitializeOnLoadMethodAttributes (24ms)
				AfterProcessingInitializeOnLoad (3ms)
				EditorAssembliesLoaded (0ms)
			ExecutionOrderSort2 (0ms)
			AwakeInstancesAfterBackupRestoration (3ms)
Platform modules already initialized, skipping
Refreshing native plugins compatible for Editor in 1,19 ms, found 2 plugins.
Preloading 0 native plugins for Editor in 0,00 ms.
Unloading 3980 Unused Serialized files (Serialized files now loaded: 0)
Unloading 55 unused Assets / (60,8 KB). Loaded Objects now: 4536.
Memory consumption went from 138,1 MB to 138,0 MB.
Total: 13,239235 ms (FindLiveObjects: 0,288866 ms CreateObjectMapping: 0,092373 ms MarkObjects: 12,749103 ms  DeleteObjects: 0,107774 ms)

AssetImportParameters requested are different than current active one (requested -> active):
  custom:video-decoder-ogg-theora: a1e56fd34408186e4bbccfd4996cb3dc -> 
  custom:container-muxer-webm: aa71ff27fc2769a1b78a27578f13a17b -> 
  custom:container-demuxer-webm: 4f35f7cbe854078d1ac9338744f61a02 -> 
  custom:video-encoder-webm-vp8: eb34c28f22e8b96e1ab97ce403110664 -> 
  custom:CustomObjectIndexerAttribute: bc11b3a6c3213fcdd17b65e7da85e133 -> 
  custom:audio-encoder-webm-vorbis: bf7c407c2cedff20999df2af8eb42d56 -> 
  custom:SearchIndexIgnoredProperties: e643bd26f0fe6173181afceb89e7c659 -> 
  custom:container-demuxer-ogg: 62fdf1f143b41e24485cea50d1cbac27 -> 
  custom:video-decoder-webm-vp8: 9c59270c3fd7afecdb556c50c9e8de78 -> 
  custom:audio-decoder-ogg-vorbis: bf7c407c2cedff20999df2af8eb42d56 -> 
========================================================================
Received Import Request.
  Time since last request: 1020,638644 seconds.
  path: Assets/LowPolyLight/Materials/emission_yellow.mat
  artifactKey: Guid(46ac422fee2ca584588bef99f7b9ce78) Importer(815301076,1909f56bfc062723c751e8b465ee728b)
Number of updated assets reloaded before import = 0
Start importing Assets/LowPolyLight/Materials/emission_yellow.mat using Guid(46ac422fee2ca584588bef99f7b9ce78) Importer(815301076,1909f56bfc062723c751e8b465ee728b)  -> (artifact id: '323eb886f61af14be90d664f09302010') in 0,226202 seconds 
Number of asset objects unloaded after import = 1
========================================================================
Received Import Request.
  Time since last request: 0,000019 seconds.
  path: Assets/Simple Garage/Materials/Garage door albedo.mat
  artifactKey: Guid(7ef4fb80a8e8ba548aacc1d07b7b1b39) Importer(815301076,1909f56bfc062723c751e8b465ee728b)
Number of updated assets reloaded before import = 0
Start importing Assets/Simple Garage/Materials/Garage door albedo.mat using Guid(7ef4fb80a8e8ba548aacc1d07b7b1b39) Importer(815301076,1909f56bfc062723c751e8b465ee728b)  -> (artifact id: '5f44c08377ca7a9c6eb19d17e5482635') in 0,272913 seconds 
Number of asset objects unloaded after import = 3
========================================================================
Received Import Request.
  Time since last request: 0,000024 seconds.
  path: Assets/ADI/Voxel Office Props/Models/Materials/fillingCabinetDrawMat.mat
  artifactKey: Guid(4a557f2f79ca00d4b94806ba0bf73c62) Importer(815301076,1909f56bfc062723c751e8b465ee728b)
Number of updated assets reloaded before import = 0
Start importing Assets/ADI/Voxel Office Props/Models/Materials/fillingCabinetDrawMat.mat using Guid(4a557f2f79ca00d4b94806ba0bf73c62) Importer(815301076,1909f56bfc062723c751e8b465ee728b)  -> (artifact id: 'e50af226e25a9257821363eb2253ddf0') in 0,180481 seconds 
Number of asset objects unloaded after import = 1
========================================================================
Received Import Request.
  Time since last request: 0,000015 seconds.
  path: Assets/Brick Project Studio/Apartment Kit/Common/Materials/Surface/Glass Wine Bottle Wrapper 02.mat
  artifactKey: Guid(5d5f7ba22899a774081673e045e96cc5) Importer(815301076,1909f56bfc062723c751e8b465ee728b)
Number of updated assets reloaded before import = 0
Start importing Assets/Brick Project Studio/Apartment Kit/Common/Materials/Surface/Glass Wine Bottle Wrapper 02.mat using Guid(5d5f7ba22899a774081673e045e96cc5) Importer(815301076,1909f56bfc062723c751e8b465ee728b)  -> (artifact id: 'e1760c7150b76b24daab6120a549b430') in 0,022318 seconds 
Number of asset objects unloaded after import = 1
========================================================================
Received Import Request.
  Time since last request: 0,000023 seconds.
  path: Packages/com.unity.probuilder/Content/Resources/Materials/FacePickerHDRP.mat
  artifactKey: Guid(a53ef0dd76f2fe74eb5f43267d7c0195) Importer(815301076,1909f56bfc062723c751e8b465ee728b)
Number of updated assets reloaded before import = 0
Start importing Packages/com.unity.probuilder/Content/Resources/Materials/FacePickerHDRP.mat using Guid(a53ef0dd76f2fe74eb5f43267d7c0195) Importer(815301076,1909f56bfc062723c751e8b465ee728b)  -> (artifact id: '2264820c12aab5ea4e84bd3eaa6e3688') in 0,016016 seconds 
Number of asset objects unloaded after import = 1
========================================================================
Received Import Request.
  Time since last request: 0,000021 seconds.
  path: Assets/Simple Garage/Models/Garage door.fbx
  artifactKey: Guid(0ef15bbf0c3f08646b1812c663767007) Importer(815301076,1909f56bfc062723c751e8b465ee728b)
Number of updated assets reloaded before import = 0
Start importing Assets/Simple Garage/Models/Garage door.fbx using Guid(0ef15bbf0c3f08646b1812c663767007) Importer(815301076,1909f56bfc062723c751e8b465ee728b)  -> (artifact id: '4ba007e09ad7d3e1400a858cdc2d0992') in 0,076577 seconds 
Number of asset objects unloaded after import = 10
========================================================================
Received Import Request.
  Time since last request: 0,000017 seconds.
  path: Assets/Brick Project Studio/_BPS Basic Assets/Common/Materials/Basic Assets/Int_BS_02.mat
  artifactKey: Guid(1f972757765558b46aa948a406f8542a) Importer(815301076,1909f56bfc062723c751e8b465ee728b)
Number of updated assets reloaded before import = 0
Start importing Assets/Brick Project Studio/_BPS Basic Assets/Common/Materials/Basic Assets/Int_BS_02.mat using Guid(1f972757765558b46aa948a406f8542a) Importer(815301076,1909f56bfc062723c751e8b465ee728b)  -> (artifact id: '249872798be60c62fb22dd6fe6ae2e8c') in 0,248310 seconds 
Number of asset objects unloaded after import = 2
========================================================================
Received Import Request.
  Time since last request: 0,000021 seconds.
  path: Assets/Brick Project Studio/Apartment Kit/Common/Materials/Interior Exterior/Int_Apt_03.mat
  artifactKey: Guid(8d06d0f3581549d4fb32fda8991db882) Importer(815301076,1909f56bfc062723c751e8b465ee728b)
Number of updated assets reloaded before import = 0
Start importing Assets/Brick Project Studio/Apartment Kit/Common/Materials/Interior Exterior/Int_Apt_03.mat using Guid(8d06d0f3581549d4fb32fda8991db882) Importer(815301076,1909f56bfc062723c751e8b465ee728b)  -> (artifact id: 'ef7cedb97a502afef439e3bf0a4c281c') in 0,269927 seconds 
Number of asset objects unloaded after import = 3
========================================================================
Received Import Request.
  Time since last request: 0,000034 seconds.
  path: Assets/TextMesh Pro/Resources/Fonts & Materials/LiberationSans SDF - Outline.mat
  artifactKey: Guid(79459efec17a4d00a321bdcc27bbc385) Importer(815301076,1909f56bfc062723c751e8b465ee728b)
Number of updated assets reloaded before import = 0
Start importing Assets/TextMesh Pro/Resources/Fonts & Materials/LiberationSans SDF - Outline.mat using Guid(79459efec17a4d00a321bdcc27bbc385) Importer(815301076,1909f56bfc062723c751e8b465ee728b)  -> (artifact id: '9e490018fd3dc80889c202cd442d7b57') in 0,137448 seconds 
Number of asset objects unloaded after import = 2
========================================================================
Received Import Request.
  Time since last request: 0,000016 seconds.
  path: Assets/ADI/Voxel Office Props/Models/Materials/lampMat.mat
  artifactKey: Guid(4d179ee620c48ba4a8355e46f230adfc) Importer(815301076,1909f56bfc062723c751e8b465ee728b)
Number of updated assets reloaded before import = 0
Start importing Assets/ADI/Voxel Office Props/Models/Materials/lampMat.mat using Guid(4d179ee620c48ba4a8355e46f230adfc) Importer(815301076,1909f56bfc062723c751e8b465ee728b)  -> (artifact id: 'ea6633aba4f2e8cde5d072a3035fbe93') in 0,018236 seconds 
Number of asset objects unloaded after import = 1
========================================================================
Received Import Request.
  Time since last request: 0,000017 seconds.
  path: Assets/Brick Project Studio/Apartment Kit/Common/Materials/Surface/Leather_01.mat
  artifactKey: Guid(cd43f733a36e7fa459b71f33b2d0bb36) Importer(815301076,1909f56bfc062723c751e8b465ee728b)
Number of updated assets reloaded before import = 0
Start importing Assets/Brick Project Studio/Apartment Kit/Common/Materials/Surface/Leather_01.mat using Guid(cd43f733a36e7fa459b71f33b2d0bb36) Importer(815301076,1909f56bfc062723c751e8b465ee728b)  -> (artifact id: '1b6998287e4f98153ee87b034a3fd5d9') in 0,674598 seconds 
Number of asset objects unloaded after import = 4
========================================================================
Received Import Request.
  Time since last request: 0,000020 seconds.
  path: Assets/Brick Project Studio/Apartment Kit/Common/Materials/Misc/Int_Apt_MarbleWall_01.mat
  artifactKey: Guid(14caf24636c53854ea2f3f8ca2dd0fc1) Importer(815301076,1909f56bfc062723c751e8b465ee728b)
Number of updated assets reloaded before import = 0
Start importing Assets/Brick Project Studio/Apartment Kit/Common/Materials/Misc/Int_Apt_MarbleWall_01.mat using Guid(14caf24636c53854ea2f3f8ca2dd0fc1) Importer(815301076,1909f56bfc062723c751e8b465ee728b)  -> (artifact id: 'b93f24fdcc0cd444734dfd3b88b7bc95') in 0,021888 seconds 
Number of asset objects unloaded after import = 2
========================================================================
Received Import Request.
  Time since last request: 0,000021 seconds.
  path: Assets/textures/Green.mat
  artifactKey: Guid(a048422e3f1e130e7921deff9d4935ac) Importer(815301076,1909f56bfc062723c751e8b465ee728b)
Number of updated assets reloaded before import = 0
Start importing Assets/textures/Green.mat using Guid(a048422e3f1e130e7921deff9d4935ac) Importer(815301076,1909f56bfc062723c751e8b465ee728b)  -> (artifact id: '1775db861f98515c6ca6e5ae54533fef') in 0,023607 seconds 
Number of asset objects unloaded after import = 1
========================================================================
Received Import Request.
  Time since last request: 0,000016 seconds.
  path: Packages/com.unity.probuilder/Content/Resources/Materials/FacePicker.mat
  artifactKey: Guid(5695904020f064fdab5ad265b274a616) Importer(815301076,1909f56bfc062723c751e8b465ee728b)
Number of updated assets reloaded before import = 0
Start importing Packages/com.unity.probuilder/Content/Resources/Materials/FacePicker.mat using Guid(5695904020f064fdab5ad265b274a616) Importer(815301076,1909f56bfc062723c751e8b465ee728b)  -> (artifact id: 'a5c8fa889963cafec3a2558e41f0a458') in 0,004944 seconds 
Number of asset objects unloaded after import = 1
========================================================================
Received Import Request.
  Time since last request: 0,000009 seconds.
  path: Assets/Brick Project Studio/Apartment Kit/Common/Materials/Surface/Glass Wine Bottle 05.mat
  artifactKey: Guid(faedf01a9e7977749a7798016f508081) Importer(815301076,1909f56bfc062723c751e8b465ee728b)
Number of updated assets reloaded before import = 0
Start importing Assets/Brick Project Studio/Apartment Kit/Common/Materials/Surface/Glass Wine Bottle 05.mat using Guid(faedf01a9e7977749a7798016f508081) Importer(815301076,1909f56bfc062723c751e8b465ee728b)  -> (artifact id: '1a5de5ff5c2a31c08e19a21243662045') in 0,448656 seconds 
Number of asset objects unloaded after import = 1
========================================================================
Received Import Request.
  Time since last request: 0,000019 seconds.
  path: Assets/Brick Project Studio/Apartment Kit/Common/Materials/Misc/Lamp 02 Ceiling.mat
  artifactKey: Guid(c4401e5b03b52de47b786ae0f6002794) Importer(815301076,1909f56bfc062723c751e8b465ee728b)
Number of updated assets reloaded before import = 0
Start importing Assets/Brick Project Studio/Apartment Kit/Common/Materials/Misc/Lamp 02 Ceiling.mat using Guid(c4401e5b03b52de47b786ae0f6002794) Importer(815301076,1909f56bfc062723c751e8b465ee728b)  -> (artifact id: 'd914455eb68584c0a131a660040f0430') in 0,269511 seconds 
Number of asset objects unloaded after import = 2
========================================================================
Received Import Request.
  Time since last request: 0,000029 seconds.
  path: Assets/Brick Project Studio/Apartment Kit/Common/Materials/Misc/Lamp 02 Standing.mat
  artifactKey: Guid(fe8413b8ec60cb04f81b8c9b23e233f6) Importer(815301076,1909f56bfc062723c751e8b465ee728b)
Number of updated assets reloaded before import = 0
Start importing Assets/Brick Project Studio/Apartment Kit/Common/Materials/Misc/Lamp 02 Standing.mat using Guid(fe8413b8ec60cb04f81b8c9b23e233f6) Importer(815301076,1909f56bfc062723c751e8b465ee728b)  -> (artifact id: '82212e201fa4aec86d3a996b6f4ea06e') in 0,026226 seconds 
Number of asset objects unloaded after import = 2
========================================================================
Received Import Request.
  Time since last request: 0,000017 seconds.
  path: Assets/Brick Project Studio/Apartment Kit/Common/Materials/Interior Exterior/Ext_Apt_01.mat
  artifactKey: Guid(05ab6237a2436a34bb31bebcb35225c8) Importer(815301076,1909f56bfc062723c751e8b465ee728b)
Number of updated assets reloaded before import = 0
Start importing Assets/Brick Project Studio/Apartment Kit/Common/Materials/Interior Exterior/Ext_Apt_01.mat using Guid(05ab6237a2436a34bb31bebcb35225c8) Importer(815301076,1909f56bfc062723c751e8b465ee728b)  -> (artifact id: '3c54be93eeb167d26633f19505e73f6f') in 0,062966 seconds 
Number of asset objects unloaded after import = 3
========================================================================
Received Import Request.
  Time since last request: 0,000024 seconds.
  path: Assets/turtlebot3-foxy-devel/Materials/grey.mat
  artifactKey: Guid(41a2ad778eb5af17f8a723da3db9bdea) Importer(815301076,1909f56bfc062723c751e8b465ee728b)
Number of updated assets reloaded before import = 0
Start importing Assets/turtlebot3-foxy-devel/Materials/grey.mat using Guid(41a2ad778eb5af17f8a723da3db9bdea) Importer(815301076,1909f56bfc062723c751e8b465ee728b)  -> (artifact id: '3ad40835a5628e6300b0a4f428410444') in 0,045856 seconds 
Number of asset objects unloaded after import = 1
========================================================================
Received Import Request.
  Time since last request: 0,000114 seconds.
  path: Assets/turtlebot3-foxy-devel/Materials/green.mat
  artifactKey: Guid(446e24de9ec14df2c8d086e8dd4f9288) Importer(815301076,1909f56bfc062723c751e8b465ee728b)
Number of updated assets reloaded before import = 0
Start importing Assets/turtlebot3-foxy-devel/Materials/green.mat using Guid(446e24de9ec14df2c8d086e8dd4f9288) Importer(815301076,1909f56bfc062723c751e8b465ee728b)  -> (artifact id: '6499295105f5e0f350ce06742fa729d2') in 0,033339 seconds 
Number of asset objects unloaded after import = 1
========================================================================
Received Import Request.
  Time since last request: 0,000015 seconds.
  path: Assets/ADI/Voxel Office Props/Materials/glass.mat
  artifactKey: Guid(757ca598e3c89ac479db1a7c24999c02) Importer(815301076,1909f56bfc062723c751e8b465ee728b)
Number of updated assets reloaded before import = 0
Start importing Assets/ADI/Voxel Office Props/Materials/glass.mat using Guid(757ca598e3c89ac479db1a7c24999c02) Importer(815301076,1909f56bfc062723c751e8b465ee728b)  -> (artifact id: 'd6f5b6bfe5ee64a08d85497a01320f0a') in 0,330683 seconds 
Number of asset objects unloaded after import = 2
========================================================================
Received Import Request.
  Time since last request: 0,000176 seconds.
  path: Assets/TextMesh Pro/Fonts/LiberationSans.ttf
  artifactKey: Guid(e3265ab4bf004d28a9537516768c1c75) Importer(815301076,1909f56bfc062723c751e8b465ee728b)
Number of updated assets reloaded before import = 0
Start importing Assets/TextMesh Pro/Fonts/LiberationSans.ttf using Guid(e3265ab4bf004d28a9537516768c1c75) Importer(815301076,1909f56bfc062723c751e8b465ee728b)  -> (artifact id: '572db614fb1388716ed626f98f682063') in 0,121679 seconds 
Number of asset objects unloaded after import = 4
========================================================================
Received Import Request.
  Time since last request: 0,000013 seconds.
  path: Assets/ADI/Voxel Office Props/Models/Materials/fillingCabinetMat.mat
  artifactKey: Guid(07de3bede9676fa4b9f7b31650af37fd) Importer(815301076,1909f56bfc062723c751e8b465ee728b)
Number of updated assets reloaded before import = 0
Start importing Assets/ADI/Voxel Office Props/Models/Materials/fillingCabinetMat.mat using Guid(07de3bede9676fa4b9f7b31650af37fd) Importer(815301076,1909f56bfc062723c751e8b465ee728b)  -> (artifact id: '145b721de9661ebb9419dec8e7680cf2') in 0,012612 seconds 
Number of asset objects unloaded after import = 1
========================================================================
Received Import Request.
  Time since last request: 0,000017 seconds.
  path: Assets/Brick Project Studio/Apartment Kit/Common/Materials/Surface/LampShadeFabric_On.mat
  artifactKey: Guid(625ca8b0c9507cd4d8685b336560db6d) Importer(815301076,1909f56bfc062723c751e8b465ee728b)
Number of updated assets reloaded before import = 0
Start importing Assets/Brick Project Studio/Apartment Kit/Common/Materials/Surface/LampShadeFabric_On.mat using Guid(625ca8b0c9507cd4d8685b336560db6d) Importer(815301076,1909f56bfc062723c751e8b465ee728b)  -> (artifact id: 'fca8bd70e7f3971de92ff05b27ab1f66') in 0,400422 seconds 
Number of asset objects unloaded after import = 3
========================================================================
Received Import Request.
  Time since last request: 0,000024 seconds.
  path: Packages/com.unity.probuilder/Content/Resources/Materials/InvisibleFace.mat
  artifactKey: Guid(978bbcf5050244f1b95128c04103f628) Importer(815301076,1909f56bfc062723c751e8b465ee728b)
Number of updated assets reloaded before import = 0
Start importing Packages/com.unity.probuilder/Content/Resources/Materials/InvisibleFace.mat using Guid(978bbcf5050244f1b95128c04103f628) Importer(815301076,1909f56bfc062723c751e8b465ee728b)  -> (artifact id: 'c8fa47c51dad5bf546b1ced771550974') in 0,033671 seconds 
Number of asset objects unloaded after import = 1
========================================================================
Received Import Request.
  Time since last request: 0,000024 seconds.
  path: Assets/Brick Project Studio/Apartment Kit/Common/Materials/Surface/Fabric_01_Blue.mat
  artifactKey: Guid(0e43f5a20c0c0184da573df09c6c1d40) Importer(815301076,1909f56bfc062723c751e8b465ee728b)
Number of updated assets reloaded before import = 0
Start importing Assets/Brick Project Studio/Apartment Kit/Common/Materials/Surface/Fabric_01_Blue.mat using Guid(0e43f5a20c0c0184da573df09c6c1d40) Importer(815301076,1909f56bfc062723c751e8b465ee728b)  -> (artifact id: 'f6f3c21866a4bdd84daf0b3486b1cbdd') in 0,310870 seconds 
Number of asset objects unloaded after import = 5
========================================================================
Received Import Request.
  Time since last request: 0,000028 seconds.
  path: Assets/Simple Garage/Materials/Exterior_Exterior_pbr_diffuse.mat
  artifactKey: Guid(340f75f24897b0d4f8ff67aa590e1319) Importer(815301076,1909f56bfc062723c751e8b465ee728b)
Number of updated assets reloaded before import = 0
Start importing Assets/Simple Garage/Materials/Exterior_Exterior_pbr_diffuse.mat using Guid(340f75f24897b0d4f8ff67aa590e1319) Importer(815301076,1909f56bfc062723c751e8b465ee728b)  -> (artifact id: '8d4675b9e0baca8603e646dc8798f0de') in 0,042050 seconds 
Number of asset objects unloaded after import = 3
========================================================================
Received Import Request.
  Time since last request: 0,000031 seconds.
  path: Assets/Brick Project Studio/_BPS Basic Assets/Common/Materials/Fire/Fire_Glow_01.mat
  artifactKey: Guid(9a0e2afa4dfa26744be17b68a3e1b98d) Importer(815301076,1909f56bfc062723c751e8b465ee728b)
Number of updated assets reloaded before import = 0
Start importing Assets/Brick Project Studio/_BPS Basic Assets/Common/Materials/Fire/Fire_Glow_01.mat using Guid(9a0e2afa4dfa26744be17b68a3e1b98d) Importer(815301076,1909f56bfc062723c751e8b465ee728b)  -> (artifact id: 'b73b9861f9995c2cd66d5a1d53c77a11') in 0,043928 seconds 
Number of asset objects unloaded after import = 1
========================================================================
Received Import Request.
  Time since last request: 0,000014 seconds.
  path: Assets/Brick Project Studio/_BPS Basic Assets/Common/Materials/Restroom/Int_RR_01.mat
  artifactKey: Guid(b61458ebb19004843af57f63626d7f2a) Importer(815301076,1909f56bfc062723c751e8b465ee728b)
Number of updated assets reloaded before import = 0
Start importing Assets/Brick Project Studio/_BPS Basic Assets/Common/Materials/Restroom/Int_RR_01.mat using Guid(b61458ebb19004843af57f63626d7f2a) Importer(815301076,1909f56bfc062723c751e8b465ee728b)  -> (artifact id: '105d1b45b06f38a4c742972aa2c8a607') in 0,042206 seconds 
Number of asset objects unloaded after import = 3
========================================================================
Received Import Request.
  Time since last request: 0,000020 seconds.
  path: Assets/Brick Project Studio/Apartment Kit/Common/Materials/Misc/keyboard_01.mat
  artifactKey: Guid(82dc13826f8c00040b92c94337944a2f) Importer(815301076,1909f56bfc062723c751e8b465ee728b)
Number of updated assets reloaded before import = 0
Start importing Assets/Brick Project Studio/Apartment Kit/Common/Materials/Misc/keyboard_01.mat using Guid(82dc13826f8c00040b92c94337944a2f) Importer(815301076,1909f56bfc062723c751e8b465ee728b)  -> (artifact id: '4c29c1125382dc94d76fedb96d6c0a22') in 0,029493 seconds 
Number of asset objects unloaded after import = 3
Editor requested this worker to shutdown with reason: Scaling down because of idle timeout
AssetImportWorker is now disconnected from the server
Process exiting
