Unity Editor version:    2021.3.38f1 (7a2fa5d8d101)
Branch:                  2021.3/release
Build type:              Release
Batch mode:              YES
System name:             Linux
Distro version:          #202302191831 SMP PREEMPT_DYNAMIC Sun Feb 19 23:37:22 UTC 2023
Kernel version:          6.2.0-060200-generic
Architecture:            x86_64
Available memory:        15627 MB
Using pre-set license
Pro License: YES
Desktop is 1920 x 1080 @ 60 Hz
Initialize udev device monitor.

COMMAND LINE ARGUMENTS:
Unity
-adb2
-batchMode
-noUpm
-name
AssetImportWorker3
-projectPath
/home/hmcelik/Desktop/My project
-logFile
Logs/AssetImportWorker3.log
-srvPort
35275
Successfully changed project path to: /home/hmcelik/Desktop/My project
/home/hmcelik/Desktop/My project
[UnityMemory] Configuration Parameters - Can be set up in boot.config
    "memorysetup-bucket-allocator-granularity=16"
    "memorysetup-bucket-allocator-bucket-count=8"
    "memorysetup-bucket-allocator-block-size=33554432"
    "memorysetup-bucket-allocator-block-count=8"
    "memorysetup-main-allocator-block-size=16777216"
    "memorysetup-thread-allocator-block-size=16777216"
    "memorysetup-gfx-main-allocator-block-size=16777216"
    "memorysetup-gfx-thread-allocator-block-size=16777216"
    "memorysetup-cache-allocator-block-size=4194304"
    "memorysetup-typetree-allocator-block-size=2097152"
    "memorysetup-profiler-bucket-allocator-granularity=16"
    "memorysetup-profiler-bucket-allocator-bucket-count=8"
    "memorysetup-profiler-bucket-allocator-block-size=33554432"
    "memorysetup-profiler-bucket-allocator-block-count=8"
    "memorysetup-profiler-allocator-block-size=16777216"
    "memorysetup-profiler-editor-allocator-block-size=1048576"
    "memorysetup-temp-allocator-size-main=16777216"
    "memorysetup-job-temp-allocator-block-size=2097152"
    "memorysetup-job-temp-allocator-block-size-background=1048576"
    "memorysetup-job-temp-allocator-reduction-small-platforms=262144"
    "memorysetup-temp-allocator-size-background-worker=32768"
    "memorysetup-temp-allocator-size-job-worker=262144"
    "memorysetup-temp-allocator-size-preload-manager=33554432"
    "memorysetup-temp-allocator-size-nav-mesh-worker=65536"
    "memorysetup-temp-allocator-size-audio-worker=65536"
    "memorysetup-temp-allocator-size-cloud-worker=32768"
    "memorysetup-temp-allocator-size-gi-baking-worker=262144"
    "memorysetup-temp-allocator-size-gfx=262144"
Player connection [140047451304832] Host "[IP] 192.168.0.103 [Port] 0 [Flags] 2 [Guid] 2083476747 [EditorId] 2083476747 [Version] 1048832 [Id] LinuxEditor(16,192.168.0.103) [Debug] 1 [PackageName] LinuxEditor [ProjectName] Editor" joined multi-casting on [225.0.0.222:54997]...

Player connection [140047451304832] Host "[IP] 192.168.0.103 [Port] 0 [Flags] 2 [Guid] 2083476747 [EditorId] 2083476747 [Version] 1048832 [Id] LinuxEditor(16,192.168.0.103) [Debug] 1 [PackageName] LinuxEditor [ProjectName] Editor" joined alternative multi-casting on [225.0.0.222:34997]...

[Physics::Module] Initialized MultithreadedJobDispatcher with {0} workers.
Refreshing native plugins compatible for Editor in 84,11 ms, found 2 plugins.
Preloading 0 native plugins for Editor in 0,00 ms.
Initialize engine version: 2021.3.38f1 (7a2fa5d8d101)
[Subsystems] Discovering subsystems at path /home/hmcelik/Unity/Hub/Editor/2021.3.38f1/Editor/Data/Resources/UnitySubsystems
[Subsystems] Discovering subsystems at path /home/hmcelik/Desktop/My project/Assets
GLX Extensions: GLX_ARB_context_flush_control GLX_ARB_create_context GLX_ARB_create_context_no_error GLX_ARB_create_context_profile GLX_ARB_fbconfig_float GLX_ARB_framebuffer_sRGB GLX_ARB_get_proc_address GLX_ARB_multisample GLX_EXT_create_context_es2_profile GLX_EXT_create_context_es_profile GLX_EXT_fbconfig_packed_float GLX_EXT_framebuffer_sRGB GLX_EXT_import_context GLX_EXT_no_config_context GLX_EXT_texture_from_pixmap GLX_EXT_visual_info GLX_EXT_visual_rating GLX_MESA_copy_sub_buffer GLX_MESA_query_renderer GLX_OML_swap_method GLX_SGIS_multisample GLX_SGIX_fbconfig GLX_SGIX_pbuffer GLX_SGIX_visual_select_group GLX_SGI_make_current_read 
Renderer: llvmpipe (LLVM 12.0.0, 256 bits)
Vendor:   Mesa/X.org
Version:  4.5 (Core Profile) Mesa 21.2.6
GLES:     0
 GL_3DFX_texture_compression_FXT1 GL_AMD_conservative_depth GL_AMD_draw_buffers_blend GL_AMD_gpu_shader_int64 GL_AMD_multi_draw_indirect GL_AMD_query_buffer_object GL_AMD_seamless_cubemap_per_texture GL_AMD_shader_stencil_export GL_AMD_shader_trinary_minmax GL_AMD_texture_texture4 GL_AMD_vertex_shader_layer GL_AMD_vertex_shader_viewport_index GL_ANGLE_texture_compression_dxt3 GL_ANGLE_texture_compression_dxt5 GL_ARB_ES2_compatibility GL_ARB_ES3_1_compatibility GL_ARB_ES3_2_compatibility GL_ARB_ES3_compatibility GL_ARB_arrays_of_arrays GL_ARB_base_instance GL_ARB_blend_func_extended GL_ARB_buffer_storage GL_ARB_clear_buffer_object GL_ARB_clear_texture GL_ARB_clip_control GL_ARB_compressed_texture_pixel_storage GL_ARB_compute_shader GL_ARB_conditional_render_inverted GL_ARB_conservative_depth GL_ARB_copy_buffer GL_ARB_copy_image GL_ARB_cull_distance GL_ARB_debug_output GL_ARB_depth_buffer_float GL_ARB_depth_clamp GL_ARB_derivative_control GL_ARB_direct_state_access GL_ARB_draw_buffers GL_ARB_draw_buffers_blend
 GL_ARB_draw_elements_base_vertex GL_ARB_draw_indirect GL_ARB_draw_instanced GL_ARB_enhanced_layouts GL_ARB_explicit_attrib_location GL_ARB_explicit_uniform_location GL_ARB_fragment_coord_conventions GL_ARB_fragment_layer_viewport GL_ARB_fragment_shader GL_ARB_framebuffer_no_attachments GL_ARB_framebuffer_object GL_ARB_framebuffer_sRGB GL_ARB_get_program_binary GL_ARB_get_texture_sub_image GL_ARB_gl_spirv GL_ARB_gpu_shader5 GL_ARB_gpu_shader_fp64 GL_ARB_gpu_shader_int64 GL_ARB_half_float_pixel GL_ARB_half_float_vertex GL_ARB_indirect_parameters GL_ARB_instanced_arrays GL_ARB_internalformat_query GL_ARB_internalformat_query2 GL_ARB_invalidate_subdata GL_ARB_map_buffer_alignment GL_ARB_map_buffer_range GL_ARB_multi_bind GL_ARB_multi_draw_indirect GL_ARB_occlusion_query2 GL_ARB_parallel_shader_compile GL_ARB_pipeline_statistics_query GL_ARB_pixel_buffer_object GL_ARB_point_sprite GL_ARB_polygon_offset_clamp GL_ARB_post_depth_coverage GL_ARB_program_interface_query GL_ARB_provoking_vertex GL_ARB_query_buffer_obj
ect GL_ARB_robust_buffer_access_behavior GL_ARB_robustness GL_ARB_sample_shading GL_ARB_sampler_objects GL_ARB_seamless_cube_map GL_ARB_seamless_cubemap_per_texture GL_ARB_separate_shader_objects GL_ARB_shader_atomic_counter_ops GL_ARB_shader_atomic_counters GL_ARB_shader_bit_encoding GL_ARB_shader_draw_parameters GL_ARB_shader_group_vote GL_ARB_shader_image_load_store GL_ARB_shader_image_size GL_ARB_shader_objects GL_ARB_shader_precision GL_ARB_shader_stencil_export GL_ARB_shader_storage_buffer_object GL_ARB_shader_subroutine GL_ARB_shader_texture_image_samples GL_ARB_shader_texture_lod GL_ARB_shader_viewport_layer_array GL_ARB_shading_language_420pack GL_ARB_shading_language_include GL_ARB_shading_language_packing GL_ARB_spirv_extensions GL_ARB_stencil_texturing GL_ARB_sync GL_ARB_tessellation_shader GL_ARB_texture_barrier GL_ARB_texture_buffer_object GL_ARB_texture_buffer_object_rgb32 GL_ARB_texture_buffer_range GL_ARB_texture_compression_bptc GL_ARB_texture_compression_rgtc GL_ARB_texture_cube_map_array 
GL_ARB_texture_filter_minmax GL_ARB_texture_float GL_ARB_texture_gather GL_ARB_texture_mirror_clamp_to_edge GL_ARB_texture_multisample GL_ARB_texture_non_power_of_two GL_ARB_texture_query_levels GL_ARB_texture_query_lod GL_ARB_texture_rectangle GL_ARB_texture_rg GL_ARB_texture_rgb10_a2ui GL_ARB_texture_stencil8 GL_ARB_texture_storage GL_ARB_texture_storage_multisample GL_ARB_texture_swizzle GL_ARB_texture_view GL_ARB_timer_query GL_ARB_transform_feedback2 GL_ARB_transform_feedback3 GL_ARB_transform_feedback_instanced GL_ARB_transform_feedback_overflow_query GL_ARB_uniform_buffer_object GL_ARB_vertex_array_bgra GL_ARB_vertex_array_object GL_ARB_vertex_attrib_64bit GL_ARB_vertex_attrib_binding GL_ARB_vertex_buffer_object GL_ARB_vertex_shader GL_ARB_vertex_type_10f_11f_11f_rev GL_ARB_vertex_type_2_10_10_10_rev GL_ARB_viewport_array GL_ATI_blend_equation_separate GL_ATI_texture_float GL_ATI_texture_mirror_once GL_EXT_EGL_image_storage GL_EXT_EGL_sync GL_EXT_abgr GL_EXT_blend_equation_separate GL_EXT_draw_buffers
2 GL_EXT_draw_instanced GL_EXT_framebuffer_blit GL_EXT_framebuffer_multisample GL_EXT_framebuffer_multisample_blit_scaled GL_EXT_framebuffer_object GL_EXT_framebuffer_sRGB GL_EXT_packed_depth_stencil GL_EXT_packed_float GL_EXT_pixel_buffer_object GL_EXT_polygon_offset_clamp GL_EXT_provoking_vertex GL_EXT_shader_framebuffer_fetch_non_coherent GL_EXT_shader_integer_mix GL_EXT_texture_array GL_EXT_texture_compression_dxt1 GL_EXT_texture_compression_rgtc GL_EXT_texture_compression_s3tc GL_EXT_texture_filter_minmax GL_EXT_texture_integer GL_EXT_texture_mirror_clamp GL_EXT_texture_sRGB GL_EXT_texture_sRGB_R8 GL_EXT_texture_sRGB_decode GL_EXT_texture_shadow_lod GL_EXT_texture_shared_exponent GL_EXT_texture_snorm GL_EXT_texture_swizzle GL_EXT_timer_query GL_EXT_transform_feedback GL_EXT_vertex_array_bgra GL_EXT_vertex_attrib_64bit GL_IBM_multimode_draw_arrays GL_KHR_blend_equation_advanced GL_KHR_context_flush_control GL_KHR_debug GL_KHR_no_error GL_KHR_parallel_shader_compile GL_KHR_robust_buffer_access_behavior GL
_KHR_robustness GL_KHR_texture_compression_astc_ldr GL_KHR_texture_compression_astc_sliced_3d GL_MESA_framebuffer_flip_y GL_MESA_pack_invert GL_MESA_shader_integer_functions GL_MESA_texture_signed_rgba GL_MESA_ycbcr_texture GL_NV_conditional_render GL_NV_copy_image GL_NV_depth_clamp GL_NV_packed_depth_stencil GL_NV_texture_barrier GL_OES_EGL_image GL_S3_s3tc
OPENGL LOG: Creating OpenGL 4.5 graphics device ; Context level  <OpenGL 4.5> ; Context handle 1727166480
Initialize mono
Mono path[0] = '/home/hmcelik/Unity/Hub/Editor/2021.3.38f1/Editor/Data/Managed'
Mono path[1] = '/home/hmcelik/Unity/Hub/Editor/2021.3.38f1/Editor/Data/MonoBleedingEdge/lib/mono/unityjit-linux'
Mono config path = '/home/hmcelik/Unity/Hub/Editor/2021.3.38f1/Editor/Data/MonoBleedingEdge/etc'
Using monoOptions --debugger-agent=transport=dt_socket,embedding=1,server=y,suspend=n,address=127.0.0.1:56159
Begin MonoManager ReloadAssembly
Registering precompiled unity dll's ...
Register platform support module: /home/hmcelik/Unity/Hub/Editor/2021.3.38f1/Editor/Data/PlaybackEngines/LinuxStandaloneSupport/UnityEditor.LinuxStandalone.Extensions.dll
Registered in 0,004445 seconds.
Native extension for LinuxStandalone target not found
Refreshing native plugins compatible for Editor in 82,18 ms, found 2 plugins.
Preloading 0 native plugins for Editor in 0,00 ms.
Mono: successfully reloaded assembly
- Completed reload, in  0,601 seconds
Domain Reload Profiling:
	ReloadAssembly (601ms)
		BeginReloadAssembly (59ms)
			ExecutionOrderSort (0ms)
			DisableScriptedObjects (0ms)
			BackupInstance (0ms)
			ReleaseScriptingObjects (0ms)
			CreateAndSetChildDomain (1ms)
		EndReloadAssembly (449ms)
			LoadAssemblies (58ms)
			RebuildTransferFunctionScriptingTraits (0ms)
			SetupTypeCache (109ms)
			ReleaseScriptCaches (0ms)
			RebuildScriptCaches (37ms)
			SetupLoadedEditorAssemblies (255ms)
				LogAssemblyErrors (0ms)
				InitializePlatformSupportModulesInManaged (9ms)
				SetLoadedEditorAssemblies (0ms)
				RefreshPlugins (82ms)
				BeforeProcessingInitializeOnLoad (1ms)
				ProcessInitializeOnLoadAttributes (126ms)
				ProcessInitializeOnLoadMethodAttributes (37ms)
				AfterProcessingInitializeOnLoad (0ms)
				EditorAssembliesLoaded (0ms)
			ExecutionOrderSort2 (0ms)
			AwakeInstancesAfterBackupRestoration (0ms)
Platform modules already initialized, skipping
Registering precompiled user dll's ...
Registered in 0,001913 seconds.
Begin MonoManager ReloadAssembly
Native extension for LinuxStandalone target not found
Refreshing native plugins compatible for Editor in 109,67 ms, found 2 plugins.
Preloading 0 native plugins for Editor in 0,00 ms.
Package Manager log level set to [2]
[Package Manager] Server::EnsureServerProcessIsRunning -- launch failed, reason: Unity was launched with the -noUpm command-line argument
[Package Manager] Cannot connect to Unity Package Manager local server
System.Exception: Error! Visual Scripting: couldn't find visual scripting package
  at Unity.VisualScripting.PackageVersionUtility.get_version () [0x00043] in /home/hmcelik/Desktop/My project/Library/PackageCache/com.unity.visualscripting@1.9.4/Editor/VisualScripting.Core/Utilities/PackageVersionUtility.cs:31 
  at Unity.VisualScripting.BoltCoreManifest.get_version () [0x00000] in /home/hmcelik/Desktop/My project/Library/PackageCache/com.unity.visualscripting@1.9.4/Editor/VisualScripting.Core/Plugin/BoltCoreManifest.cs:11 
  at Unity.VisualScripting.PluginManifest.get_currentVersion () [0x00000] in /home/hmcelik/Desktop/My project/Library/PackageCache/com.unity.visualscripting@1.9.4/Editor/VisualScripting.Core/Plugins/PluginManifest.cs:33 
  at Unity.VisualScripting.PluginManifest.get_versionMismatch () [0x00000] in /home/hmcelik/Desktop/My project/Library/PackageCache/com.unity.visualscripting@1.9.4/Editor/VisualScripting.Core/Plugins/PluginManifest.cs:48 
  at Unity.VisualScripting.PluginContainer.Initialize () [0x00525] in /home/hmcelik/Desktop/My project/Library/PackageCache/com.unity.visualscripting@1.9.4/Editor/VisualScripting.Core/Plugins/PluginContainer.cs:208 
  at Unity.VisualScripting.PluginContainer.InitializeOnLoad () [0x00009] in /home/hmcelik/Desktop/My project/Library/PackageCache/com.unity.visualscripting@1.9.4/Editor/VisualScripting.Core/Plugins/PluginContainer.cs:32 
  at Unity.VisualScripting.VSUsageUtility.DoInitializeOnLoadCalls () [0x00034] in /home/hmcelik/Desktop/My project/Library/PackageCache/com.unity.visualscripting@1.9.4/Editor/VisualScripting.Core/Utilities/VSUsageUtility.cs:76 
  at Unity.VisualScripting.VSUsageUtility.set_isVisualScriptingUsed (System.Boolean value) [0x0002c] in /home/hmcelik/Desktop/My project/Library/PackageCache/com.unity.visualscripting@1.9.4/Editor/VisualScripting.Core/Utilities/VSUsageUtility.cs:114 
  at Unity.VisualScripting.VSUsageUtility.CheckAndSetIsVisualScriptingUsed () [0x00032] in /home/hmcelik/Desktop/My project/Library/PackageCache/com.unity.visualscripting@1.9.4/Editor/VisualScripting.Core/Utilities/VSUsageUtility.cs:48 
  at Unity.VisualScripting.VSUsageUtility..cctor () [0x00000] in /home/hmcelik/Desktop/My project/Library/PackageCache/com.unity.visualscripting@1.9.4/Editor/VisualScripting.Core/Utilities/VSUsageUtility.cs:22 
UnityEngine.StackTraceUtility:ExtractStackTrace () (at /home/bokken/build/output/unity/unity/Runtime/Export/Scripting/StackTrace.cs:37)
UnityEngine.DebugLogHandler:LogFormat (UnityEngine.LogType,UnityEngine.Object,string,object[])
UnityEngine.Logger:Log (UnityEngine.LogType,object)
UnityEngine.Debug:LogError (object)
UnityEditor.EditorAssemblies:ProcessInitializeOnLoadAttributes (System.Type[]) (at /home/bokken/build/output/unity/unity/Editor/Mono/EditorAssemblies.cs:134)

(Filename: /home/bokken/build/output/unity/unity/Editor/Mono/EditorAssemblies.cs Line: 134)

Mono: successfully reloaded assembly
- Completed reload, in  1,388 seconds
Domain Reload Profiling:
	ReloadAssembly (1389ms)
		BeginReloadAssembly (87ms)
			ExecutionOrderSort (0ms)
			DisableScriptedObjects (7ms)
			BackupInstance (0ms)
			ReleaseScriptingObjects (0ms)
			CreateAndSetChildDomain (17ms)
		EndReloadAssembly (1221ms)
			LoadAssemblies (52ms)
			RebuildTransferFunctionScriptingTraits (0ms)
			SetupTypeCache (277ms)
			ReleaseScriptCaches (0ms)
			RebuildScriptCaches (50ms)
			SetupLoadedEditorAssemblies (802ms)
				LogAssemblyErrors (0ms)
				InitializePlatformSupportModulesInManaged (10ms)
				SetLoadedEditorAssemblies (0ms)
				RefreshPlugins (110ms)
				BeforeProcessingInitializeOnLoad (77ms)
				ProcessInitializeOnLoadAttributes (570ms)
				ProcessInitializeOnLoadMethodAttributes (31ms)
				AfterProcessingInitializeOnLoad (3ms)
				EditorAssembliesLoaded (0ms)
			ExecutionOrderSort2 (0ms)
			AwakeInstancesAfterBackupRestoration (3ms)
Platform modules already initialized, skipping
========================================================================
Worker process is ready to serve import requests
Launched and connected shader compiler UnityShaderCompiler after 0.01 seconds
Refreshing native plugins compatible for Editor in 0,77 ms, found 2 plugins.
Preloading 0 native plugins for Editor in 0,00 ms.
Unloading 4028 Unused Serialized files (Serialized files now loaded: 0)
Unloading 60 unused Assets / (72,2 KB). Loaded Objects now: 4460.
Memory consumption went from 140,1 MB to 140,1 MB.
Total: 16,942418 ms (FindLiveObjects: 0,178880 ms CreateObjectMapping: 0,095858 ms MarkObjects: 16,412384 ms  DeleteObjects: 0,254238 ms)

AssetImportParameters requested are different than current active one (requested -> active):
  custom:video-decoder-ogg-theora: a1e56fd34408186e4bbccfd4996cb3dc -> 
  custom:container-muxer-webm: aa71ff27fc2769a1b78a27578f13a17b -> 
  custom:container-demuxer-webm: 4f35f7cbe854078d1ac9338744f61a02 -> 
  custom:video-encoder-webm-vp8: eb34c28f22e8b96e1ab97ce403110664 -> 
  custom:CustomObjectIndexerAttribute: bc11b3a6c3213fcdd17b65e7da85e133 -> 
  custom:audio-encoder-webm-vorbis: bf7c407c2cedff20999df2af8eb42d56 -> 
  custom:SearchIndexIgnoredProperties: e643bd26f0fe6173181afceb89e7c659 -> 
  custom:container-demuxer-ogg: 62fdf1f143b41e24485cea50d1cbac27 -> 
  custom:video-decoder-webm-vp8: 9c59270c3fd7afecdb556c50c9e8de78 -> 
  custom:audio-decoder-ogg-vorbis: bf7c407c2cedff20999df2af8eb42d56 -> 
========================================================================
Received Import Request.
  Time since last request: 1803,200168 seconds.
  path: Assets/Brick Project Studio/Apartment Kit/Common/Materials/Interior Exterior/Int_Apt_01.mat
  artifactKey: Guid(e5edd18648b6fe340941b7f67c9a2996) Importer(815301076,1909f56bfc062723c751e8b465ee728b)
Number of updated assets reloaded before import = 0
Start importing Assets/Brick Project Studio/Apartment Kit/Common/Materials/Interior Exterior/Int_Apt_01.mat using Guid(e5edd18648b6fe340941b7f67c9a2996) Importer(815301076,1909f56bfc062723c751e8b465ee728b)  -> (artifact id: '7a5ebc46fc843af4446a56eaa7904210') in 0,923153 seconds 
Number of asset objects unloaded after import = 4
========================================================================
Received Import Request.
  Time since last request: 0,000030 seconds.
  path: Assets/Brick Project Studio/Apartment Kit/Common/Materials/Surface/Leather_02.mat
  artifactKey: Guid(6b037e7c427c8fc478dce6529e818f82) Importer(815301076,1909f56bfc062723c751e8b465ee728b)
Number of updated assets reloaded before import = 0
Start importing Assets/Brick Project Studio/Apartment Kit/Common/Materials/Surface/Leather_02.mat using Guid(6b037e7c427c8fc478dce6529e818f82) Importer(815301076,1909f56bfc062723c751e8b465ee728b)  -> (artifact id: '001f10f3199c77b7736e9b69fa3c399d') in 0,491203 seconds 
Number of asset objects unloaded after import = 4
========================================================================
Received Prepare
Registering precompiled user dll's ...
Registered in 0,001841 seconds.
Begin MonoManager ReloadAssembly
Native extension for LinuxStandalone target not found
Refreshing native plugins compatible for Editor in 1,09 ms, found 2 plugins.
Preloading 0 native plugins for Editor in 0,00 ms.
[Package Manager] Server::EnsureServerProcessIsRunning -- launch failed, reason: Unity was launched with the -noUpm command-line argument
[Package Manager] Cannot connect to Unity Package Manager local server
System.Exception: Error! Visual Scripting: couldn't find visual scripting package
  at Unity.VisualScripting.PackageVersionUtility.get_version () [0x00043] in /home/hmcelik/Desktop/My project/Library/PackageCache/com.unity.visualscripting@1.9.4/Editor/VisualScripting.Core/Utilities/PackageVersionUtility.cs:31 
  at Unity.VisualScripting.BoltCoreManifest.get_version () [0x00000] in /home/hmcelik/Desktop/My project/Library/PackageCache/com.unity.visualscripting@1.9.4/Editor/VisualScripting.Core/Plugin/BoltCoreManifest.cs:11 
  at Unity.VisualScripting.PluginManifest.get_currentVersion () [0x00000] in /home/hmcelik/Desktop/My project/Library/PackageCache/com.unity.visualscripting@1.9.4/Editor/VisualScripting.Core/Plugins/PluginManifest.cs:33 
  at Unity.VisualScripting.PluginManifest.get_versionMismatch () [0x00000] in /home/hmcelik/Desktop/My project/Library/PackageCache/com.unity.visualscripting@1.9.4/Editor/VisualScripting.Core/Plugins/PluginManifest.cs:48 
  at Unity.VisualScripting.PluginContainer.Initialize () [0x00525] in /home/hmcelik/Desktop/My project/Library/PackageCache/com.unity.visualscripting@1.9.4/Editor/VisualScripting.Core/Plugins/PluginContainer.cs:208 
  at Unity.VisualScripting.PluginContainer.InitializeOnLoad () [0x00009] in /home/hmcelik/Desktop/My project/Library/PackageCache/com.unity.visualscripting@1.9.4/Editor/VisualScripting.Core/Plugins/PluginContainer.cs:32 
  at Unity.VisualScripting.VSUsageUtility.DoInitializeOnLoadCalls () [0x00034] in /home/hmcelik/Desktop/My project/Library/PackageCache/com.unity.visualscripting@1.9.4/Editor/VisualScripting.Core/Utilities/VSUsageUtility.cs:76 
  at Unity.VisualScripting.VSUsageUtility.set_isVisualScriptingUsed (System.Boolean value) [0x0002c] in /home/hmcelik/Desktop/My project/Library/PackageCache/com.unity.visualscripting@1.9.4/Editor/VisualScripting.Core/Utilities/VSUsageUtility.cs:114 
  at Unity.VisualScripting.VSUsageUtility.CheckAndSetIsVisualScriptingUsed () [0x0000d] in /home/hmcelik/Desktop/My project/Library/PackageCache/com.unity.visualscripting@1.9.4/Editor/VisualScripting.Core/Utilities/VSUsageUtility.cs:33 
  at Unity.VisualScripting.VSUsageUtility..cctor () [0x00000] in /home/hmcelik/Desktop/My project/Library/PackageCache/com.unity.visualscripting@1.9.4/Editor/VisualScripting.Core/Utilities/VSUsageUtility.cs:22 
UnityEngine.StackTraceUtility:ExtractStackTrace () (at /home/bokken/build/output/unity/unity/Runtime/Export/Scripting/StackTrace.cs:37)
UnityEngine.DebugLogHandler:LogFormat (UnityEngine.LogType,UnityEngine.Object,string,object[])
UnityEngine.Logger:Log (UnityEngine.LogType,object)
UnityEngine.Debug:LogError (object)
UnityEditor.EditorAssemblies:ProcessInitializeOnLoadAttributes (System.Type[]) (at /home/bokken/build/output/unity/unity/Editor/Mono/EditorAssemblies.cs:134)

(Filename: /home/bokken/build/output/unity/unity/Editor/Mono/EditorAssemblies.cs Line: 134)

Mono: successfully reloaded assembly
- Completed reload, in  1,332 seconds
Domain Reload Profiling:
	ReloadAssembly (1333ms)
		BeginReloadAssembly (110ms)
			ExecutionOrderSort (0ms)
			DisableScriptedObjects (3ms)
			BackupInstance (0ms)
			ReleaseScriptingObjects (0ms)
			CreateAndSetChildDomain (39ms)
		EndReloadAssembly (1157ms)
			LoadAssemblies (46ms)
			RebuildTransferFunctionScriptingTraits (0ms)
			SetupTypeCache (232ms)
			ReleaseScriptCaches (1ms)
			RebuildScriptCaches (32ms)
			SetupLoadedEditorAssemblies (699ms)
				LogAssemblyErrors (0ms)
				InitializePlatformSupportModulesInManaged (9ms)
				SetLoadedEditorAssemblies (0ms)
				RefreshPlugins (1ms)
				BeforeProcessingInitializeOnLoad (42ms)
				ProcessInitializeOnLoadAttributes (617ms)
				ProcessInitializeOnLoadMethodAttributes (27ms)
				AfterProcessingInitializeOnLoad (3ms)
				EditorAssembliesLoaded (0ms)
			ExecutionOrderSort2 (0ms)
			AwakeInstancesAfterBackupRestoration (3ms)
Platform modules already initialized, skipping
Refreshing native plugins compatible for Editor in 0,96 ms, found 2 plugins.
Preloading 0 native plugins for Editor in 0,00 ms.
Unloading 3980 Unused Serialized files (Serialized files now loaded: 0)
Unloading 55 unused Assets / (60,4 KB). Loaded Objects now: 4505.
Memory consumption went from 137,8 MB to 137,7 MB.
Total: 14,441870 ms (FindLiveObjects: 0,249852 ms CreateObjectMapping: 0,150449 ms MarkObjects: 13,939783 ms  DeleteObjects: 0,100906 ms)

AssetImportParameters requested are different than current active one (requested -> active):
  custom:video-decoder-ogg-theora: a1e56fd34408186e4bbccfd4996cb3dc -> 
  custom:container-muxer-webm: aa71ff27fc2769a1b78a27578f13a17b -> 
  custom:container-demuxer-webm: 4f35f7cbe854078d1ac9338744f61a02 -> 
  custom:video-encoder-webm-vp8: eb34c28f22e8b96e1ab97ce403110664 -> 
  custom:CustomObjectIndexerAttribute: bc11b3a6c3213fcdd17b65e7da85e133 -> 
  custom:audio-encoder-webm-vorbis: bf7c407c2cedff20999df2af8eb42d56 -> 
  custom:SearchIndexIgnoredProperties: e643bd26f0fe6173181afceb89e7c659 -> 
  custom:container-demuxer-ogg: 62fdf1f143b41e24485cea50d1cbac27 -> 
  custom:video-decoder-webm-vp8: 9c59270c3fd7afecdb556c50c9e8de78 -> 
  custom:audio-decoder-ogg-vorbis: bf7c407c2cedff20999df2af8eb42d56 -> 
========================================================================
Received Prepare
Registering precompiled user dll's ...
Registered in 0,001921 seconds.
Begin MonoManager ReloadAssembly
Native extension for LinuxStandalone target not found
Refreshing native plugins compatible for Editor in 0,68 ms, found 2 plugins.
Preloading 0 native plugins for Editor in 0,00 ms.
[Package Manager] Server::EnsureServerProcessIsRunning -- launch failed, reason: Unity was launched with the -noUpm command-line argument
[Package Manager] Cannot connect to Unity Package Manager local server
System.Exception: Error! Visual Scripting: couldn't find visual scripting package
  at Unity.VisualScripting.PackageVersionUtility.get_version () [0x00043] in /home/hmcelik/Desktop/My project/Library/PackageCache/com.unity.visualscripting@1.9.4/Editor/VisualScripting.Core/Utilities/PackageVersionUtility.cs:31 
  at Unity.VisualScripting.BoltCoreManifest.get_version () [0x00000] in /home/hmcelik/Desktop/My project/Library/PackageCache/com.unity.visualscripting@1.9.4/Editor/VisualScripting.Core/Plugin/BoltCoreManifest.cs:11 
  at Unity.VisualScripting.PluginManifest.get_currentVersion () [0x00000] in /home/hmcelik/Desktop/My project/Library/PackageCache/com.unity.visualscripting@1.9.4/Editor/VisualScripting.Core/Plugins/PluginManifest.cs:33 
  at Unity.VisualScripting.PluginManifest.get_versionMismatch () [0x00000] in /home/hmcelik/Desktop/My project/Library/PackageCache/com.unity.visualscripting@1.9.4/Editor/VisualScripting.Core/Plugins/PluginManifest.cs:48 
  at Unity.VisualScripting.PluginContainer.Initialize () [0x00525] in /home/hmcelik/Desktop/My project/Library/PackageCache/com.unity.visualscripting@1.9.4/Editor/VisualScripting.Core/Plugins/PluginContainer.cs:208 
  at Unity.VisualScripting.PluginContainer.InitializeOnLoad () [0x00009] in /home/hmcelik/Desktop/My project/Library/PackageCache/com.unity.visualscripting@1.9.4/Editor/VisualScripting.Core/Plugins/PluginContainer.cs:32 
  at Unity.VisualScripting.VSUsageUtility.DoInitializeOnLoadCalls () [0x00034] in /home/hmcelik/Desktop/My project/Library/PackageCache/com.unity.visualscripting@1.9.4/Editor/VisualScripting.Core/Utilities/VSUsageUtility.cs:76 
  at Unity.VisualScripting.VSUsageUtility.set_isVisualScriptingUsed (System.Boolean value) [0x0002c] in /home/hmcelik/Desktop/My project/Library/PackageCache/com.unity.visualscripting@1.9.4/Editor/VisualScripting.Core/Utilities/VSUsageUtility.cs:114 
  at Unity.VisualScripting.VSUsageUtility.CheckAndSetIsVisualScriptingUsed () [0x0000d] in /home/hmcelik/Desktop/My project/Library/PackageCache/com.unity.visualscripting@1.9.4/Editor/VisualScripting.Core/Utilities/VSUsageUtility.cs:33 
  at Unity.VisualScripting.VSUsageUtility..cctor () [0x00000] in /home/hmcelik/Desktop/My project/Library/PackageCache/com.unity.visualscripting@1.9.4/Editor/VisualScripting.Core/Utilities/VSUsageUtility.cs:22 
UnityEngine.StackTraceUtility:ExtractStackTrace () (at /home/bokken/build/output/unity/unity/Runtime/Export/Scripting/StackTrace.cs:37)
UnityEngine.DebugLogHandler:LogFormat (UnityEngine.LogType,UnityEngine.Object,string,object[])
UnityEngine.Logger:Log (UnityEngine.LogType,object)
UnityEngine.Debug:LogError (object)
UnityEditor.EditorAssemblies:ProcessInitializeOnLoadAttributes (System.Type[]) (at /home/bokken/build/output/unity/unity/Editor/Mono/EditorAssemblies.cs:134)

(Filename: /home/bokken/build/output/unity/unity/Editor/Mono/EditorAssemblies.cs Line: 134)

Mono: successfully reloaded assembly
- Completed reload, in  1,301 seconds
Domain Reload Profiling:
	ReloadAssembly (1301ms)
		BeginReloadAssembly (101ms)
			ExecutionOrderSort (0ms)
			DisableScriptedObjects (4ms)
			BackupInstance (0ms)
			ReleaseScriptingObjects (0ms)
			CreateAndSetChildDomain (34ms)
		EndReloadAssembly (1135ms)
			LoadAssemblies (41ms)
			RebuildTransferFunctionScriptingTraits (0ms)
			SetupTypeCache (212ms)
			ReleaseScriptCaches (1ms)
			RebuildScriptCaches (29ms)
			SetupLoadedEditorAssemblies (709ms)
				LogAssemblyErrors (0ms)
				InitializePlatformSupportModulesInManaged (8ms)
				SetLoadedEditorAssemblies (0ms)
				RefreshPlugins (1ms)
				BeforeProcessingInitializeOnLoad (42ms)
				ProcessInitializeOnLoadAttributes (619ms)
				ProcessInitializeOnLoadMethodAttributes (35ms)
				AfterProcessingInitializeOnLoad (3ms)
				EditorAssembliesLoaded (0ms)
			ExecutionOrderSort2 (0ms)
			AwakeInstancesAfterBackupRestoration (3ms)
Platform modules already initialized, skipping
Refreshing native plugins compatible for Editor in 0,72 ms, found 2 plugins.
Preloading 0 native plugins for Editor in 0,00 ms.
Unloading 3980 Unused Serialized files (Serialized files now loaded: 0)
Unloading 55 unused Assets / (60,4 KB). Loaded Objects now: 4509.
Memory consumption went from 137,8 MB to 137,7 MB.
Total: 12,955543 ms (FindLiveObjects: 0,307694 ms CreateObjectMapping: 0,130235 ms MarkObjects: 12,430359 ms  DeleteObjects: 0,085508 ms)

AssetImportParameters requested are different than current active one (requested -> active):
  custom:video-decoder-ogg-theora: a1e56fd34408186e4bbccfd4996cb3dc -> 
  custom:container-muxer-webm: aa71ff27fc2769a1b78a27578f13a17b -> 
  custom:container-demuxer-webm: 4f35f7cbe854078d1ac9338744f61a02 -> 
  custom:video-encoder-webm-vp8: eb34c28f22e8b96e1ab97ce403110664 -> 
  custom:CustomObjectIndexerAttribute: bc11b3a6c3213fcdd17b65e7da85e133 -> 
  custom:audio-encoder-webm-vorbis: bf7c407c2cedff20999df2af8eb42d56 -> 
  custom:SearchIndexIgnoredProperties: e643bd26f0fe6173181afceb89e7c659 -> 
  custom:container-demuxer-ogg: 62fdf1f143b41e24485cea50d1cbac27 -> 
  custom:video-decoder-webm-vp8: 9c59270c3fd7afecdb556c50c9e8de78 -> 
  custom:audio-decoder-ogg-vorbis: bf7c407c2cedff20999df2af8eb42d56 -> 
========================================================================
Received Prepare
Registering precompiled user dll's ...
Registered in 0,001814 seconds.
Begin MonoManager ReloadAssembly
Native extension for LinuxStandalone target not found
Refreshing native plugins compatible for Editor in 0,75 ms, found 2 plugins.
Preloading 0 native plugins for Editor in 0,00 ms.
[Package Manager] Server::EnsureServerProcessIsRunning -- launch failed, reason: Unity was launched with the -noUpm command-line argument
[Package Manager] Cannot connect to Unity Package Manager local server
System.Exception: Error! Visual Scripting: couldn't find visual scripting package
  at Unity.VisualScripting.PackageVersionUtility.get_version () [0x00043] in /home/hmcelik/Desktop/My project/Library/PackageCache/com.unity.visualscripting@1.9.4/Editor/VisualScripting.Core/Utilities/PackageVersionUtility.cs:31 
  at Unity.VisualScripting.BoltCoreManifest.get_version () [0x00000] in /home/hmcelik/Desktop/My project/Library/PackageCache/com.unity.visualscripting@1.9.4/Editor/VisualScripting.Core/Plugin/BoltCoreManifest.cs:11 
  at Unity.VisualScripting.PluginManifest.get_currentVersion () [0x00000] in /home/hmcelik/Desktop/My project/Library/PackageCache/com.unity.visualscripting@1.9.4/Editor/VisualScripting.Core/Plugins/PluginManifest.cs:33 
  at Unity.VisualScripting.PluginManifest.get_versionMismatch () [0x00000] in /home/hmcelik/Desktop/My project/Library/PackageCache/com.unity.visualscripting@1.9.4/Editor/VisualScripting.Core/Plugins/PluginManifest.cs:48 
  at Unity.VisualScripting.PluginContainer.Initialize () [0x00525] in /home/hmcelik/Desktop/My project/Library/PackageCache/com.unity.visualscripting@1.9.4/Editor/VisualScripting.Core/Plugins/PluginContainer.cs:208 
  at Unity.VisualScripting.PluginContainer.InitializeOnLoad () [0x00009] in /home/hmcelik/Desktop/My project/Library/PackageCache/com.unity.visualscripting@1.9.4/Editor/VisualScripting.Core/Plugins/PluginContainer.cs:32 
  at Unity.VisualScripting.VSUsageUtility.DoInitializeOnLoadCalls () [0x00034] in /home/hmcelik/Desktop/My project/Library/PackageCache/com.unity.visualscripting@1.9.4/Editor/VisualScripting.Core/Utilities/VSUsageUtility.cs:76 
  at Unity.VisualScripting.VSUsageUtility.set_isVisualScriptingUsed (System.Boolean value) [0x0002c] in /home/hmcelik/Desktop/My project/Library/PackageCache/com.unity.visualscripting@1.9.4/Editor/VisualScripting.Core/Utilities/VSUsageUtility.cs:114 
  at Unity.VisualScripting.VSUsageUtility.CheckAndSetIsVisualScriptingUsed () [0x0000d] in /home/hmcelik/Desktop/My project/Library/PackageCache/com.unity.visualscripting@1.9.4/Editor/VisualScripting.Core/Utilities/VSUsageUtility.cs:33 
  at Unity.VisualScripting.VSUsageUtility..cctor () [0x00000] in /home/hmcelik/Desktop/My project/Library/PackageCache/com.unity.visualscripting@1.9.4/Editor/VisualScripting.Core/Utilities/VSUsageUtility.cs:22 
UnityEngine.StackTraceUtility:ExtractStackTrace () (at /home/bokken/build/output/unity/unity/Runtime/Export/Scripting/StackTrace.cs:37)
UnityEngine.DebugLogHandler:LogFormat (UnityEngine.LogType,UnityEngine.Object,string,object[])
UnityEngine.Logger:Log (UnityEngine.LogType,object)
UnityEngine.Debug:LogError (object)
UnityEditor.EditorAssemblies:ProcessInitializeOnLoadAttributes (System.Type[]) (at /home/bokken/build/output/unity/unity/Editor/Mono/EditorAssemblies.cs:134)

(Filename: /home/bokken/build/output/unity/unity/Editor/Mono/EditorAssemblies.cs Line: 134)

Mono: successfully reloaded assembly
- Completed reload, in  1,334 seconds
Domain Reload Profiling:
	ReloadAssembly (1334ms)
		BeginReloadAssembly (95ms)
			ExecutionOrderSort (0ms)
			DisableScriptedObjects (4ms)
			BackupInstance (0ms)
			ReleaseScriptingObjects (0ms)
			CreateAndSetChildDomain (29ms)
		EndReloadAssembly (1173ms)
			LoadAssemblies (40ms)
			RebuildTransferFunctionScriptingTraits (0ms)
			SetupTypeCache (196ms)
			ReleaseScriptCaches (1ms)
			RebuildScriptCaches (30ms)
			SetupLoadedEditorAssemblies (715ms)
				LogAssemblyErrors (0ms)
				InitializePlatformSupportModulesInManaged (8ms)
				SetLoadedEditorAssemblies (0ms)
				RefreshPlugins (1ms)
				BeforeProcessingInitializeOnLoad (41ms)
				ProcessInitializeOnLoadAttributes (633ms)
				ProcessInitializeOnLoadMethodAttributes (28ms)
				AfterProcessingInitializeOnLoad (3ms)
				EditorAssembliesLoaded (0ms)
			ExecutionOrderSort2 (0ms)
			AwakeInstancesAfterBackupRestoration (3ms)
Platform modules already initialized, skipping
Refreshing native plugins compatible for Editor in 1,03 ms, found 2 plugins.
Preloading 0 native plugins for Editor in 0,00 ms.
Unloading 3980 Unused Serialized files (Serialized files now loaded: 0)
Unloading 55 unused Assets / (60,4 KB). Loaded Objects now: 4513.
Memory consumption went from 137,8 MB to 137,7 MB.
Total: 11,404953 ms (FindLiveObjects: 0,242119 ms CreateObjectMapping: 0,095356 ms MarkObjects: 10,975225 ms  DeleteObjects: 0,091023 ms)

AssetImportParameters requested are different than current active one (requested -> active):
  custom:video-decoder-ogg-theora: a1e56fd34408186e4bbccfd4996cb3dc -> 
  custom:container-muxer-webm: aa71ff27fc2769a1b78a27578f13a17b -> 
  custom:container-demuxer-webm: 4f35f7cbe854078d1ac9338744f61a02 -> 
  custom:video-encoder-webm-vp8: eb34c28f22e8b96e1ab97ce403110664 -> 
  custom:CustomObjectIndexerAttribute: bc11b3a6c3213fcdd17b65e7da85e133 -> 
  custom:audio-encoder-webm-vorbis: bf7c407c2cedff20999df2af8eb42d56 -> 
  custom:SearchIndexIgnoredProperties: e643bd26f0fe6173181afceb89e7c659 -> 
  custom:container-demuxer-ogg: 62fdf1f143b41e24485cea50d1cbac27 -> 
  custom:video-decoder-webm-vp8: 9c59270c3fd7afecdb556c50c9e8de78 -> 
  custom:audio-decoder-ogg-vorbis: bf7c407c2cedff20999df2af8eb42d56 -> 
========================================================================
Received Import Request.
  Time since last request: 418,951925 seconds.
  path: Assets/LidarScanner.cs
  artifactKey: Guid(42157d2ee78e4e0c8848565d75fd68ba) Importer(815301076,1909f56bfc062723c751e8b465ee728b)
Number of updated assets reloaded before import = 0
Start importing Assets/LidarScanner.cs using Guid(42157d2ee78e4e0c8848565d75fd68ba) Importer(815301076,1909f56bfc062723c751e8b465ee728b)  -> (artifact id: '93d0f828be07d0b1ff57e23858e422ba') in 0,004457 seconds 
Number of asset objects unloaded after import = 0
========================================================================
Received Prepare
Registering precompiled user dll's ...
Registered in 0,001897 seconds.
Begin MonoManager ReloadAssembly
Native extension for LinuxStandalone target not found
Refreshing native plugins compatible for Editor in 0,67 ms, found 2 plugins.
Preloading 0 native plugins for Editor in 0,00 ms.
[Package Manager] Server::EnsureServerProcessIsRunning -- launch failed, reason: Unity was launched with the -noUpm command-line argument
[Package Manager] Cannot connect to Unity Package Manager local server
System.Exception: Error! Visual Scripting: couldn't find visual scripting package
  at Unity.VisualScripting.PackageVersionUtility.get_version () [0x00043] in /home/hmcelik/Desktop/My project/Library/PackageCache/com.unity.visualscripting@1.9.4/Editor/VisualScripting.Core/Utilities/PackageVersionUtility.cs:31 
  at Unity.VisualScripting.BoltCoreManifest.get_version () [0x00000] in /home/hmcelik/Desktop/My project/Library/PackageCache/com.unity.visualscripting@1.9.4/Editor/VisualScripting.Core/Plugin/BoltCoreManifest.cs:11 
  at Unity.VisualScripting.PluginManifest.get_currentVersion () [0x00000] in /home/hmcelik/Desktop/My project/Library/PackageCache/com.unity.visualscripting@1.9.4/Editor/VisualScripting.Core/Plugins/PluginManifest.cs:33 
  at Unity.VisualScripting.PluginManifest.get_versionMismatch () [0x00000] in /home/hmcelik/Desktop/My project/Library/PackageCache/com.unity.visualscripting@1.9.4/Editor/VisualScripting.Core/Plugins/PluginManifest.cs:48 
  at Unity.VisualScripting.PluginContainer.Initialize () [0x00525] in /home/hmcelik/Desktop/My project/Library/PackageCache/com.unity.visualscripting@1.9.4/Editor/VisualScripting.Core/Plugins/PluginContainer.cs:208 
  at Unity.VisualScripting.PluginContainer.InitializeOnLoad () [0x00009] in /home/hmcelik/Desktop/My project/Library/PackageCache/com.unity.visualscripting@1.9.4/Editor/VisualScripting.Core/Plugins/PluginContainer.cs:32 
  at Unity.VisualScripting.VSUsageUtility.DoInitializeOnLoadCalls () [0x00034] in /home/hmcelik/Desktop/My project/Library/PackageCache/com.unity.visualscripting@1.9.4/Editor/VisualScripting.Core/Utilities/VSUsageUtility.cs:76 
  at Unity.VisualScripting.VSUsageUtility.set_isVisualScriptingUsed (System.Boolean value) [0x0002c] in /home/hmcelik/Desktop/My project/Library/PackageCache/com.unity.visualscripting@1.9.4/Editor/VisualScripting.Core/Utilities/VSUsageUtility.cs:114 
  at Unity.VisualScripting.VSUsageUtility.CheckAndSetIsVisualScriptingUsed () [0x0000d] in /home/hmcelik/Desktop/My project/Library/PackageCache/com.unity.visualscripting@1.9.4/Editor/VisualScripting.Core/Utilities/VSUsageUtility.cs:33 
  at Unity.VisualScripting.VSUsageUtility..cctor () [0x00000] in /home/hmcelik/Desktop/My project/Library/PackageCache/com.unity.visualscripting@1.9.4/Editor/VisualScripting.Core/Utilities/VSUsageUtility.cs:22 
UnityEngine.StackTraceUtility:ExtractStackTrace () (at /home/bokken/build/output/unity/unity/Runtime/Export/Scripting/StackTrace.cs:37)
UnityEngine.DebugLogHandler:LogFormat (UnityEngine.LogType,UnityEngine.Object,string,object[])
UnityEngine.Logger:Log (UnityEngine.LogType,object)
UnityEngine.Debug:LogError (object)
UnityEditor.EditorAssemblies:ProcessInitializeOnLoadAttributes (System.Type[]) (at /home/bokken/build/output/unity/unity/Editor/Mono/EditorAssemblies.cs:134)

(Filename: /home/bokken/build/output/unity/unity/Editor/Mono/EditorAssemblies.cs Line: 134)

Mono: successfully reloaded assembly
- Completed reload, in  1,279 seconds
Domain Reload Profiling:
	ReloadAssembly (1280ms)
		BeginReloadAssembly (99ms)
			ExecutionOrderSort (0ms)
			DisableScriptedObjects (4ms)
			BackupInstance (0ms)
			ReleaseScriptingObjects (0ms)
			CreateAndSetChildDomain (33ms)
		EndReloadAssembly (1114ms)
			LoadAssemblies (41ms)
			RebuildTransferFunctionScriptingTraits (0ms)
			SetupTypeCache (194ms)
			ReleaseScriptCaches (1ms)
			RebuildScriptCaches (29ms)
			SetupLoadedEditorAssemblies (663ms)
				LogAssemblyErrors (0ms)
				InitializePlatformSupportModulesInManaged (8ms)
				SetLoadedEditorAssemblies (0ms)
				RefreshPlugins (1ms)
				BeforeProcessingInitializeOnLoad (41ms)
				ProcessInitializeOnLoadAttributes (582ms)
				ProcessInitializeOnLoadMethodAttributes (26ms)
				AfterProcessingInitializeOnLoad (3ms)
				EditorAssembliesLoaded (0ms)
			ExecutionOrderSort2 (0ms)
			AwakeInstancesAfterBackupRestoration (3ms)
Platform modules already initialized, skipping
Refreshing native plugins compatible for Editor in 0,70 ms, found 2 plugins.
Preloading 0 native plugins for Editor in 0,00 ms.
Unloading 3980 Unused Serialized files (Serialized files now loaded: 0)
Unloading 55 unused Assets / (60,6 KB). Loaded Objects now: 4517.
Memory consumption went from 137,8 MB to 137,8 MB.
Total: 10,184196 ms (FindLiveObjects: 0,188489 ms CreateObjectMapping: 0,078467 ms MarkObjects: 9,834438 ms  DeleteObjects: 0,081505 ms)

AssetImportParameters requested are different than current active one (requested -> active):
  custom:video-decoder-ogg-theora: a1e56fd34408186e4bbccfd4996cb3dc -> 
  custom:container-muxer-webm: aa71ff27fc2769a1b78a27578f13a17b -> 
  custom:container-demuxer-webm: 4f35f7cbe854078d1ac9338744f61a02 -> 
  custom:video-encoder-webm-vp8: eb34c28f22e8b96e1ab97ce403110664 -> 
  custom:CustomObjectIndexerAttribute: bc11b3a6c3213fcdd17b65e7da85e133 -> 
  custom:audio-encoder-webm-vorbis: bf7c407c2cedff20999df2af8eb42d56 -> 
  custom:SearchIndexIgnoredProperties: e643bd26f0fe6173181afceb89e7c659 -> 
  custom:container-demuxer-ogg: 62fdf1f143b41e24485cea50d1cbac27 -> 
  custom:video-decoder-webm-vp8: 9c59270c3fd7afecdb556c50c9e8de78 -> 
  custom:audio-decoder-ogg-vorbis: bf7c407c2cedff20999df2af8eb42d56 -> 
========================================================================
Received Prepare
Registering precompiled user dll's ...
Registered in 0,002315 seconds.
Begin MonoManager ReloadAssembly
Native extension for LinuxStandalone target not found
Refreshing native plugins compatible for Editor in 0,70 ms, found 2 plugins.
Preloading 0 native plugins for Editor in 0,00 ms.
[Package Manager] Server::EnsureServerProcessIsRunning -- launch failed, reason: Unity was launched with the -noUpm command-line argument
[Package Manager] Cannot connect to Unity Package Manager local server
System.Exception: Error! Visual Scripting: couldn't find visual scripting package
  at Unity.VisualScripting.PackageVersionUtility.get_version () [0x00043] in /home/hmcelik/Desktop/My project/Library/PackageCache/com.unity.visualscripting@1.9.4/Editor/VisualScripting.Core/Utilities/PackageVersionUtility.cs:31 
  at Unity.VisualScripting.BoltCoreManifest.get_version () [0x00000] in /home/hmcelik/Desktop/My project/Library/PackageCache/com.unity.visualscripting@1.9.4/Editor/VisualScripting.Core/Plugin/BoltCoreManifest.cs:11 
  at Unity.VisualScripting.PluginManifest.get_currentVersion () [0x00000] in /home/hmcelik/Desktop/My project/Library/PackageCache/com.unity.visualscripting@1.9.4/Editor/VisualScripting.Core/Plugins/PluginManifest.cs:33 
  at Unity.VisualScripting.PluginManifest.get_versionMismatch () [0x00000] in /home/hmcelik/Desktop/My project/Library/PackageCache/com.unity.visualscripting@1.9.4/Editor/VisualScripting.Core/Plugins/PluginManifest.cs:48 
  at Unity.VisualScripting.PluginContainer.Initialize () [0x00525] in /home/hmcelik/Desktop/My project/Library/PackageCache/com.unity.visualscripting@1.9.4/Editor/VisualScripting.Core/Plugins/PluginContainer.cs:208 
  at Unity.VisualScripting.PluginContainer.InitializeOnLoad () [0x00009] in /home/hmcelik/Desktop/My project/Library/PackageCache/com.unity.visualscripting@1.9.4/Editor/VisualScripting.Core/Plugins/PluginContainer.cs:32 
  at Unity.VisualScripting.VSUsageUtility.DoInitializeOnLoadCalls () [0x00034] in /home/hmcelik/Desktop/My project/Library/PackageCache/com.unity.visualscripting@1.9.4/Editor/VisualScripting.Core/Utilities/VSUsageUtility.cs:76 
  at Unity.VisualScripting.VSUsageUtility.set_isVisualScriptingUsed (System.Boolean value) [0x0002c] in /home/hmcelik/Desktop/My project/Library/PackageCache/com.unity.visualscripting@1.9.4/Editor/VisualScripting.Core/Utilities/VSUsageUtility.cs:114 
  at Unity.VisualScripting.VSUsageUtility.CheckAndSetIsVisualScriptingUsed () [0x0000d] in /home/hmcelik/Desktop/My project/Library/PackageCache/com.unity.visualscripting@1.9.4/Editor/VisualScripting.Core/Utilities/VSUsageUtility.cs:33 
  at Unity.VisualScripting.VSUsageUtility..cctor () [0x00000] in /home/hmcelik/Desktop/My project/Library/PackageCache/com.unity.visualscripting@1.9.4/Editor/VisualScripting.Core/Utilities/VSUsageUtility.cs:22 
UnityEngine.StackTraceUtility:ExtractStackTrace () (at /home/bokken/build/output/unity/unity/Runtime/Export/Scripting/StackTrace.cs:37)
UnityEngine.DebugLogHandler:LogFormat (UnityEngine.LogType,UnityEngine.Object,string,object[])
UnityEngine.Logger:Log (UnityEngine.LogType,object)
UnityEngine.Debug:LogError (object)
UnityEditor.EditorAssemblies:ProcessInitializeOnLoadAttributes (System.Type[]) (at /home/bokken/build/output/unity/unity/Editor/Mono/EditorAssemblies.cs:134)

(Filename: /home/bokken/build/output/unity/unity/Editor/Mono/EditorAssemblies.cs Line: 134)

Mono: successfully reloaded assembly
- Completed reload, in  1,296 seconds
Domain Reload Profiling:
	ReloadAssembly (1296ms)
		BeginReloadAssembly (103ms)
			ExecutionOrderSort (0ms)
			DisableScriptedObjects (4ms)
			BackupInstance (0ms)
			ReleaseScriptingObjects (0ms)
			CreateAndSetChildDomain (33ms)
		EndReloadAssembly (1129ms)
			LoadAssemblies (42ms)
			RebuildTransferFunctionScriptingTraits (0ms)
			SetupTypeCache (214ms)
			ReleaseScriptCaches (1ms)
			RebuildScriptCaches (30ms)
			SetupLoadedEditorAssemblies (698ms)
				LogAssemblyErrors (0ms)
				InitializePlatformSupportModulesInManaged (8ms)
				SetLoadedEditorAssemblies (0ms)
				RefreshPlugins (1ms)
				BeforeProcessingInitializeOnLoad (41ms)
				ProcessInitializeOnLoadAttributes (621ms)
				ProcessInitializeOnLoadMethodAttributes (24ms)
				AfterProcessingInitializeOnLoad (3ms)
				EditorAssembliesLoaded (0ms)
			ExecutionOrderSort2 (0ms)
			AwakeInstancesAfterBackupRestoration (3ms)
Platform modules already initialized, skipping
Refreshing native plugins compatible for Editor in 0,70 ms, found 2 plugins.
Preloading 0 native plugins for Editor in 0,00 ms.
Unloading 3980 Unused Serialized files (Serialized files now loaded: 0)
Unloading 55 unused Assets / (60,4 KB). Loaded Objects now: 4521.
Memory consumption went from 137,8 MB to 137,8 MB.
Total: 20,617491 ms (FindLiveObjects: 0,257386 ms CreateObjectMapping: 0,109919 ms MarkObjects: 20,155028 ms  DeleteObjects: 0,094055 ms)

AssetImportParameters requested are different than current active one (requested -> active):
  custom:video-decoder-ogg-theora: a1e56fd34408186e4bbccfd4996cb3dc -> 
  custom:container-muxer-webm: aa71ff27fc2769a1b78a27578f13a17b -> 
  custom:container-demuxer-webm: 4f35f7cbe854078d1ac9338744f61a02 -> 
  custom:video-encoder-webm-vp8: eb34c28f22e8b96e1ab97ce403110664 -> 
  custom:CustomObjectIndexerAttribute: bc11b3a6c3213fcdd17b65e7da85e133 -> 
  custom:audio-encoder-webm-vorbis: bf7c407c2cedff20999df2af8eb42d56 -> 
  custom:SearchIndexIgnoredProperties: e643bd26f0fe6173181afceb89e7c659 -> 
  custom:container-demuxer-ogg: 62fdf1f143b41e24485cea50d1cbac27 -> 
  custom:video-decoder-webm-vp8: 9c59270c3fd7afecdb556c50c9e8de78 -> 
  custom:audio-decoder-ogg-vorbis: bf7c407c2cedff20999df2af8eb42d56 -> 
========================================================================
Received Prepare
Registering precompiled user dll's ...
Registered in 0,002372 seconds.
Begin MonoManager ReloadAssembly
Native extension for LinuxStandalone target not found
Refreshing native plugins compatible for Editor in 0,68 ms, found 2 plugins.
Preloading 0 native plugins for Editor in 0,00 ms.
[Package Manager] Server::EnsureServerProcessIsRunning -- launch failed, reason: Unity was launched with the -noUpm command-line argument
[Package Manager] Cannot connect to Unity Package Manager local server
System.Exception: Error! Visual Scripting: couldn't find visual scripting package
  at Unity.VisualScripting.PackageVersionUtility.get_version () [0x00043] in /home/hmcelik/Desktop/My project/Library/PackageCache/com.unity.visualscripting@1.9.4/Editor/VisualScripting.Core/Utilities/PackageVersionUtility.cs:31 
  at Unity.VisualScripting.BoltCoreManifest.get_version () [0x00000] in /home/hmcelik/Desktop/My project/Library/PackageCache/com.unity.visualscripting@1.9.4/Editor/VisualScripting.Core/Plugin/BoltCoreManifest.cs:11 
  at Unity.VisualScripting.PluginManifest.get_currentVersion () [0x00000] in /home/hmcelik/Desktop/My project/Library/PackageCache/com.unity.visualscripting@1.9.4/Editor/VisualScripting.Core/Plugins/PluginManifest.cs:33 
  at Unity.VisualScripting.PluginManifest.get_versionMismatch () [0x00000] in /home/hmcelik/Desktop/My project/Library/PackageCache/com.unity.visualscripting@1.9.4/Editor/VisualScripting.Core/Plugins/PluginManifest.cs:48 
  at Unity.VisualScripting.PluginContainer.Initialize () [0x00525] in /home/hmcelik/Desktop/My project/Library/PackageCache/com.unity.visualscripting@1.9.4/Editor/VisualScripting.Core/Plugins/PluginContainer.cs:208 
  at Unity.VisualScripting.PluginContainer.InitializeOnLoad () [0x00009] in /home/hmcelik/Desktop/My project/Library/PackageCache/com.unity.visualscripting@1.9.4/Editor/VisualScripting.Core/Plugins/PluginContainer.cs:32 
  at Unity.VisualScripting.VSUsageUtility.DoInitializeOnLoadCalls () [0x00034] in /home/hmcelik/Desktop/My project/Library/PackageCache/com.unity.visualscripting@1.9.4/Editor/VisualScripting.Core/Utilities/VSUsageUtility.cs:76 
  at Unity.VisualScripting.VSUsageUtility.set_isVisualScriptingUsed (System.Boolean value) [0x0002c] in /home/hmcelik/Desktop/My project/Library/PackageCache/com.unity.visualscripting@1.9.4/Editor/VisualScripting.Core/Utilities/VSUsageUtility.cs:114 
  at Unity.VisualScripting.VSUsageUtility.CheckAndSetIsVisualScriptingUsed () [0x0000d] in /home/hmcelik/Desktop/My project/Library/PackageCache/com.unity.visualscripting@1.9.4/Editor/VisualScripting.Core/Utilities/VSUsageUtility.cs:33 
  at Unity.VisualScripting.VSUsageUtility..cctor () [0x00000] in /home/hmcelik/Desktop/My project/Library/PackageCache/com.unity.visualscripting@1.9.4/Editor/VisualScripting.Core/Utilities/VSUsageUtility.cs:22 
UnityEngine.StackTraceUtility:ExtractStackTrace () (at /home/bokken/build/output/unity/unity/Runtime/Export/Scripting/StackTrace.cs:37)
UnityEngine.DebugLogHandler:LogFormat (UnityEngine.LogType,UnityEngine.Object,string,object[])
UnityEngine.Logger:Log (UnityEngine.LogType,object)
UnityEngine.Debug:LogError (object)
UnityEditor.EditorAssemblies:ProcessInitializeOnLoadAttributes (System.Type[]) (at /home/bokken/build/output/unity/unity/Editor/Mono/EditorAssemblies.cs:134)

(Filename: /home/bokken/build/output/unity/unity/Editor/Mono/EditorAssemblies.cs Line: 134)

Mono: successfully reloaded assembly
- Completed reload, in  1,315 seconds
Domain Reload Profiling:
	ReloadAssembly (1316ms)
		BeginReloadAssembly (102ms)
			ExecutionOrderSort (0ms)
			DisableScriptedObjects (4ms)
			BackupInstance (0ms)
			ReleaseScriptingObjects (0ms)
			CreateAndSetChildDomain (33ms)
		EndReloadAssembly (1149ms)
			LoadAssemblies (41ms)
			RebuildTransferFunctionScriptingTraits (0ms)
			SetupTypeCache (230ms)
			ReleaseScriptCaches (1ms)
			RebuildScriptCaches (30ms)
			SetupLoadedEditorAssemblies (703ms)
				LogAssemblyErrors (0ms)
				InitializePlatformSupportModulesInManaged (8ms)
				SetLoadedEditorAssemblies (0ms)
				RefreshPlugins (1ms)
				BeforeProcessingInitializeOnLoad (42ms)
				ProcessInitializeOnLoadAttributes (625ms)
				ProcessInitializeOnLoadMethodAttributes (24ms)
				AfterProcessingInitializeOnLoad (3ms)
				EditorAssembliesLoaded (0ms)
			ExecutionOrderSort2 (0ms)
			AwakeInstancesAfterBackupRestoration (3ms)
Platform modules already initialized, skipping
Refreshing native plugins compatible for Editor in 1,13 ms, found 2 plugins.
Preloading 0 native plugins for Editor in 0,00 ms.
Unloading 3980 Unused Serialized files (Serialized files now loaded: 0)
Unloading 55 unused Assets / (55,8 KB). Loaded Objects now: 4525.
Memory consumption went from 137,8 MB to 137,8 MB.
Total: 10,250708 ms (FindLiveObjects: 0,205984 ms CreateObjectMapping: 0,084581 ms MarkObjects: 9,878636 ms  DeleteObjects: 0,080219 ms)

AssetImportParameters requested are different than current active one (requested -> active):
  custom:video-decoder-ogg-theora: a1e56fd34408186e4bbccfd4996cb3dc -> 
  custom:container-muxer-webm: aa71ff27fc2769a1b78a27578f13a17b -> 
  custom:container-demuxer-webm: 4f35f7cbe854078d1ac9338744f61a02 -> 
  custom:video-encoder-webm-vp8: eb34c28f22e8b96e1ab97ce403110664 -> 
  custom:CustomObjectIndexerAttribute: bc11b3a6c3213fcdd17b65e7da85e133 -> 
  custom:audio-encoder-webm-vorbis: bf7c407c2cedff20999df2af8eb42d56 -> 
  custom:SearchIndexIgnoredProperties: e643bd26f0fe6173181afceb89e7c659 -> 
  custom:container-demuxer-ogg: 62fdf1f143b41e24485cea50d1cbac27 -> 
  custom:video-decoder-webm-vp8: 9c59270c3fd7afecdb556c50c9e8de78 -> 
  custom:audio-decoder-ogg-vorbis: bf7c407c2cedff20999df2af8eb42d56 -> 
========================================================================
Received Prepare
Registering precompiled user dll's ...
Registered in 0,001932 seconds.
Begin MonoManager ReloadAssembly
Native extension for LinuxStandalone target not found
Refreshing native plugins compatible for Editor in 0,71 ms, found 2 plugins.
Preloading 0 native plugins for Editor in 0,00 ms.
[Package Manager] Server::EnsureServerProcessIsRunning -- launch failed, reason: Unity was launched with the -noUpm command-line argument
[Package Manager] Cannot connect to Unity Package Manager local server
System.Exception: Error! Visual Scripting: couldn't find visual scripting package
  at Unity.VisualScripting.PackageVersionUtility.get_version () [0x00043] in /home/hmcelik/Desktop/My project/Library/PackageCache/com.unity.visualscripting@1.9.4/Editor/VisualScripting.Core/Utilities/PackageVersionUtility.cs:31 
  at Unity.VisualScripting.BoltCoreManifest.get_version () [0x00000] in /home/hmcelik/Desktop/My project/Library/PackageCache/com.unity.visualscripting@1.9.4/Editor/VisualScripting.Core/Plugin/BoltCoreManifest.cs:11 
  at Unity.VisualScripting.PluginManifest.get_currentVersion () [0x00000] in /home/hmcelik/Desktop/My project/Library/PackageCache/com.unity.visualscripting@1.9.4/Editor/VisualScripting.Core/Plugins/PluginManifest.cs:33 
  at Unity.VisualScripting.PluginManifest.get_versionMismatch () [0x00000] in /home/hmcelik/Desktop/My project/Library/PackageCache/com.unity.visualscripting@1.9.4/Editor/VisualScripting.Core/Plugins/PluginManifest.cs:48 
  at Unity.VisualScripting.PluginContainer.Initialize () [0x00525] in /home/hmcelik/Desktop/My project/Library/PackageCache/com.unity.visualscripting@1.9.4/Editor/VisualScripting.Core/Plugins/PluginContainer.cs:208 
  at Unity.VisualScripting.PluginContainer.InitializeOnLoad () [0x00009] in /home/hmcelik/Desktop/My project/Library/PackageCache/com.unity.visualscripting@1.9.4/Editor/VisualScripting.Core/Plugins/PluginContainer.cs:32 
  at Unity.VisualScripting.VSUsageUtility.DoInitializeOnLoadCalls () [0x00034] in /home/hmcelik/Desktop/My project/Library/PackageCache/com.unity.visualscripting@1.9.4/Editor/VisualScripting.Core/Utilities/VSUsageUtility.cs:76 
  at Unity.VisualScripting.VSUsageUtility.set_isVisualScriptingUsed (System.Boolean value) [0x0002c] in /home/hmcelik/Desktop/My project/Library/PackageCache/com.unity.visualscripting@1.9.4/Editor/VisualScripting.Core/Utilities/VSUsageUtility.cs:114 
  at Unity.VisualScripting.VSUsageUtility.CheckAndSetIsVisualScriptingUsed () [0x0000d] in /home/hmcelik/Desktop/My project/Library/PackageCache/com.unity.visualscripting@1.9.4/Editor/VisualScripting.Core/Utilities/VSUsageUtility.cs:33 
  at Unity.VisualScripting.VSUsageUtility..cctor () [0x00000] in /home/hmcelik/Desktop/My project/Library/PackageCache/com.unity.visualscripting@1.9.4/Editor/VisualScripting.Core/Utilities/VSUsageUtility.cs:22 
UnityEngine.StackTraceUtility:ExtractStackTrace () (at /home/bokken/build/output/unity/unity/Runtime/Export/Scripting/StackTrace.cs:37)
UnityEngine.DebugLogHandler:LogFormat (UnityEngine.LogType,UnityEngine.Object,string,object[])
UnityEngine.Logger:Log (UnityEngine.LogType,object)
UnityEngine.Debug:LogError (object)
UnityEditor.EditorAssemblies:ProcessInitializeOnLoadAttributes (System.Type[]) (at /home/bokken/build/output/unity/unity/Editor/Mono/EditorAssemblies.cs:134)

(Filename: /home/bokken/build/output/unity/unity/Editor/Mono/EditorAssemblies.cs Line: 134)

Mono: successfully reloaded assembly
- Completed reload, in  1,271 seconds
Domain Reload Profiling:
	ReloadAssembly (1271ms)
		BeginReloadAssembly (101ms)
			ExecutionOrderSort (0ms)
			DisableScriptedObjects (4ms)
			BackupInstance (0ms)
			ReleaseScriptingObjects (0ms)
			CreateAndSetChildDomain (32ms)
		EndReloadAssembly (1107ms)
			LoadAssemblies (41ms)
			RebuildTransferFunctionScriptingTraits (0ms)
			SetupTypeCache (199ms)
			ReleaseScriptCaches (1ms)
			RebuildScriptCaches (30ms)
			SetupLoadedEditorAssemblies (684ms)
				LogAssemblyErrors (0ms)
				InitializePlatformSupportModulesInManaged (9ms)
				SetLoadedEditorAssemblies (0ms)
				RefreshPlugins (1ms)
				BeforeProcessingInitializeOnLoad (43ms)
				ProcessInitializeOnLoadAttributes (603ms)
				ProcessInitializeOnLoadMethodAttributes (25ms)
				AfterProcessingInitializeOnLoad (3ms)
				EditorAssembliesLoaded (0ms)
			ExecutionOrderSort2 (0ms)
			AwakeInstancesAfterBackupRestoration (3ms)
Platform modules already initialized, skipping
Refreshing native plugins compatible for Editor in 0,71 ms, found 2 plugins.
Preloading 0 native plugins for Editor in 0,00 ms.
Unloading 3980 Unused Serialized files (Serialized files now loaded: 0)
Unloading 55 unused Assets / (55,6 KB). Loaded Objects now: 4529.
Memory consumption went from 137,9 MB to 137,8 MB.
Total: 10,187451 ms (FindLiveObjects: 0,216904 ms CreateObjectMapping: 0,097143 ms MarkObjects: 9,787203 ms  DeleteObjects: 0,085114 ms)

AssetImportParameters requested are different than current active one (requested -> active):
  custom:video-decoder-ogg-theora: a1e56fd34408186e4bbccfd4996cb3dc -> 
  custom:container-muxer-webm: aa71ff27fc2769a1b78a27578f13a17b -> 
  custom:container-demuxer-webm: 4f35f7cbe854078d1ac9338744f61a02 -> 
  custom:video-encoder-webm-vp8: eb34c28f22e8b96e1ab97ce403110664 -> 
  custom:CustomObjectIndexerAttribute: bc11b3a6c3213fcdd17b65e7da85e133 -> 
  custom:audio-encoder-webm-vorbis: bf7c407c2cedff20999df2af8eb42d56 -> 
  custom:SearchIndexIgnoredProperties: e643bd26f0fe6173181afceb89e7c659 -> 
  custom:container-demuxer-ogg: 62fdf1f143b41e24485cea50d1cbac27 -> 
  custom:video-decoder-webm-vp8: 9c59270c3fd7afecdb556c50c9e8de78 -> 
  custom:audio-decoder-ogg-vorbis: bf7c407c2cedff20999df2af8eb42d56 -> 
========================================================================
Received Prepare
Registering precompiled user dll's ...
Registered in 0,001765 seconds.
Begin MonoManager ReloadAssembly
Native extension for LinuxStandalone target not found
Refreshing native plugins compatible for Editor in 0,67 ms, found 2 plugins.
Preloading 0 native plugins for Editor in 0,00 ms.
[Package Manager] Server::EnsureServerProcessIsRunning -- launch failed, reason: Unity was launched with the -noUpm command-line argument
[Package Manager] Cannot connect to Unity Package Manager local server
System.Exception: Error! Visual Scripting: couldn't find visual scripting package
  at Unity.VisualScripting.PackageVersionUtility.get_version () [0x00043] in /home/hmcelik/Desktop/My project/Library/PackageCache/com.unity.visualscripting@1.9.4/Editor/VisualScripting.Core/Utilities/PackageVersionUtility.cs:31 
  at Unity.VisualScripting.BoltCoreManifest.get_version () [0x00000] in /home/hmcelik/Desktop/My project/Library/PackageCache/com.unity.visualscripting@1.9.4/Editor/VisualScripting.Core/Plugin/BoltCoreManifest.cs:11 
  at Unity.VisualScripting.PluginManifest.get_currentVersion () [0x00000] in /home/hmcelik/Desktop/My project/Library/PackageCache/com.unity.visualscripting@1.9.4/Editor/VisualScripting.Core/Plugins/PluginManifest.cs:33 
  at Unity.VisualScripting.PluginManifest.get_versionMismatch () [0x00000] in /home/hmcelik/Desktop/My project/Library/PackageCache/com.unity.visualscripting@1.9.4/Editor/VisualScripting.Core/Plugins/PluginManifest.cs:48 
  at Unity.VisualScripting.PluginContainer.Initialize () [0x00525] in /home/hmcelik/Desktop/My project/Library/PackageCache/com.unity.visualscripting@1.9.4/Editor/VisualScripting.Core/Plugins/PluginContainer.cs:208 
  at Unity.VisualScripting.PluginContainer.InitializeOnLoad () [0x00009] in /home/hmcelik/Desktop/My project/Library/PackageCache/com.unity.visualscripting@1.9.4/Editor/VisualScripting.Core/Plugins/PluginContainer.cs:32 
  at Unity.VisualScripting.VSUsageUtility.DoInitializeOnLoadCalls () [0x00034] in /home/hmcelik/Desktop/My project/Library/PackageCache/com.unity.visualscripting@1.9.4/Editor/VisualScripting.Core/Utilities/VSUsageUtility.cs:76 
  at Unity.VisualScripting.VSUsageUtility.set_isVisualScriptingUsed (System.Boolean value) [0x0002c] in /home/hmcelik/Desktop/My project/Library/PackageCache/com.unity.visualscripting@1.9.4/Editor/VisualScripting.Core/Utilities/VSUsageUtility.cs:114 
  at Unity.VisualScripting.VSUsageUtility.CheckAndSetIsVisualScriptingUsed () [0x0000d] in /home/hmcelik/Desktop/My project/Library/PackageCache/com.unity.visualscripting@1.9.4/Editor/VisualScripting.Core/Utilities/VSUsageUtility.cs:33 
  at Unity.VisualScripting.VSUsageUtility..cctor () [0x00000] in /home/hmcelik/Desktop/My project/Library/PackageCache/com.unity.visualscripting@1.9.4/Editor/VisualScripting.Core/Utilities/VSUsageUtility.cs:22 
UnityEngine.StackTraceUtility:ExtractStackTrace () (at /home/bokken/build/output/unity/unity/Runtime/Export/Scripting/StackTrace.cs:37)
UnityEngine.DebugLogHandler:LogFormat (UnityEngine.LogType,UnityEngine.Object,string,object[])
UnityEngine.Logger:Log (UnityEngine.LogType,object)
UnityEngine.Debug:LogError (object)
UnityEditor.EditorAssemblies:ProcessInitializeOnLoadAttributes (System.Type[]) (at /home/bokken/build/output/unity/unity/Editor/Mono/EditorAssemblies.cs:134)

(Filename: /home/bokken/build/output/unity/unity/Editor/Mono/EditorAssemblies.cs Line: 134)

Mono: successfully reloaded assembly
- Completed reload, in  1,303 seconds
Domain Reload Profiling:
	ReloadAssembly (1303ms)
		BeginReloadAssembly (103ms)
			ExecutionOrderSort (0ms)
			DisableScriptedObjects (4ms)
			BackupInstance (0ms)
			ReleaseScriptingObjects (0ms)
			CreateAndSetChildDomain (35ms)
		EndReloadAssembly (1134ms)
			LoadAssemblies (41ms)
			RebuildTransferFunctionScriptingTraits (0ms)
			SetupTypeCache (230ms)
			ReleaseScriptCaches (1ms)
			RebuildScriptCaches (30ms)
			SetupLoadedEditorAssemblies (680ms)
				LogAssemblyErrors (0ms)
				InitializePlatformSupportModulesInManaged (8ms)
				SetLoadedEditorAssemblies (0ms)
				RefreshPlugins (1ms)
				BeforeProcessingInitializeOnLoad (43ms)
				ProcessInitializeOnLoadAttributes (600ms)
				ProcessInitializeOnLoadMethodAttributes (25ms)
				AfterProcessingInitializeOnLoad (3ms)
				EditorAssembliesLoaded (0ms)
			ExecutionOrderSort2 (0ms)
			AwakeInstancesAfterBackupRestoration (3ms)
Platform modules already initialized, skipping
Refreshing native plugins compatible for Editor in 0,70 ms, found 2 plugins.
Preloading 0 native plugins for Editor in 0,00 ms.
Unloading 3980 Unused Serialized files (Serialized files now loaded: 0)
Unloading 55 unused Assets / (46,6 KB). Loaded Objects now: 4533.
Memory consumption went from 137,9 MB to 137,8 MB.
Total: 17,000938 ms (FindLiveObjects: 0,500426 ms CreateObjectMapping: 0,225168 ms MarkObjects: 16,173099 ms  DeleteObjects: 0,100459 ms)

AssetImportParameters requested are different than current active one (requested -> active):
  custom:video-decoder-ogg-theora: a1e56fd34408186e4bbccfd4996cb3dc -> 
  custom:container-muxer-webm: aa71ff27fc2769a1b78a27578f13a17b -> 
  custom:container-demuxer-webm: 4f35f7cbe854078d1ac9338744f61a02 -> 
  custom:video-encoder-webm-vp8: eb34c28f22e8b96e1ab97ce403110664 -> 
  custom:CustomObjectIndexerAttribute: bc11b3a6c3213fcdd17b65e7da85e133 -> 
  custom:audio-encoder-webm-vorbis: bf7c407c2cedff20999df2af8eb42d56 -> 
  custom:SearchIndexIgnoredProperties: e643bd26f0fe6173181afceb89e7c659 -> 
  custom:container-demuxer-ogg: 62fdf1f143b41e24485cea50d1cbac27 -> 
  custom:video-decoder-webm-vp8: 9c59270c3fd7afecdb556c50c9e8de78 -> 
  custom:audio-decoder-ogg-vorbis: bf7c407c2cedff20999df2af8eb42d56 -> 
========================================================================
Received Prepare
Registering precompiled user dll's ...
Registered in 0,002398 seconds.
Begin MonoManager ReloadAssembly
Native extension for LinuxStandalone target not found
Refreshing native plugins compatible for Editor in 0,97 ms, found 2 plugins.
Preloading 0 native plugins for Editor in 0,00 ms.
[Package Manager] Server::EnsureServerProcessIsRunning -- launch failed, reason: Unity was launched with the -noUpm command-line argument
[Package Manager] Cannot connect to Unity Package Manager local server
System.Exception: Error! Visual Scripting: couldn't find visual scripting package
  at Unity.VisualScripting.PackageVersionUtility.get_version () [0x00043] in /home/hmcelik/Desktop/My project/Library/PackageCache/com.unity.visualscripting@1.9.4/Editor/VisualScripting.Core/Utilities/PackageVersionUtility.cs:31 
  at Unity.VisualScripting.BoltCoreManifest.get_version () [0x00000] in /home/hmcelik/Desktop/My project/Library/PackageCache/com.unity.visualscripting@1.9.4/Editor/VisualScripting.Core/Plugin/BoltCoreManifest.cs:11 
  at Unity.VisualScripting.PluginManifest.get_currentVersion () [0x00000] in /home/hmcelik/Desktop/My project/Library/PackageCache/com.unity.visualscripting@1.9.4/Editor/VisualScripting.Core/Plugins/PluginManifest.cs:33 
  at Unity.VisualScripting.PluginManifest.get_versionMismatch () [0x00000] in /home/hmcelik/Desktop/My project/Library/PackageCache/com.unity.visualscripting@1.9.4/Editor/VisualScripting.Core/Plugins/PluginManifest.cs:48 
  at Unity.VisualScripting.PluginContainer.Initialize () [0x00525] in /home/hmcelik/Desktop/My project/Library/PackageCache/com.unity.visualscripting@1.9.4/Editor/VisualScripting.Core/Plugins/PluginContainer.cs:208 
  at Unity.VisualScripting.PluginContainer.InitializeOnLoad () [0x00009] in /home/hmcelik/Desktop/My project/Library/PackageCache/com.unity.visualscripting@1.9.4/Editor/VisualScripting.Core/Plugins/PluginContainer.cs:32 
  at Unity.VisualScripting.VSUsageUtility.DoInitializeOnLoadCalls () [0x00034] in /home/hmcelik/Desktop/My project/Library/PackageCache/com.unity.visualscripting@1.9.4/Editor/VisualScripting.Core/Utilities/VSUsageUtility.cs:76 
  at Unity.VisualScripting.VSUsageUtility.set_isVisualScriptingUsed (System.Boolean value) [0x0002c] in /home/hmcelik/Desktop/My project/Library/PackageCache/com.unity.visualscripting@1.9.4/Editor/VisualScripting.Core/Utilities/VSUsageUtility.cs:114 
  at Unity.VisualScripting.VSUsageUtility.CheckAndSetIsVisualScriptingUsed () [0x0000d] in /home/hmcelik/Desktop/My project/Library/PackageCache/com.unity.visualscripting@1.9.4/Editor/VisualScripting.Core/Utilities/VSUsageUtility.cs:33 
  at Unity.VisualScripting.VSUsageUtility..cctor () [0x00000] in /home/hmcelik/Desktop/My project/Library/PackageCache/com.unity.visualscripting@1.9.4/Editor/VisualScripting.Core/Utilities/VSUsageUtility.cs:22 
UnityEngine.StackTraceUtility:ExtractStackTrace () (at /home/bokken/build/output/unity/unity/Runtime/Export/Scripting/StackTrace.cs:37)
UnityEngine.DebugLogHandler:LogFormat (UnityEngine.LogType,UnityEngine.Object,string,object[])
UnityEngine.Logger:Log (UnityEngine.LogType,object)
UnityEngine.Debug:LogError (object)
UnityEditor.EditorAssemblies:ProcessInitializeOnLoadAttributes (System.Type[]) (at /home/bokken/build/output/unity/unity/Editor/Mono/EditorAssemblies.cs:134)

(Filename: /home/bokken/build/output/unity/unity/Editor/Mono/EditorAssemblies.cs Line: 134)

Mono: successfully reloaded assembly
- Completed reload, in  1,341 seconds
Domain Reload Profiling:
	ReloadAssembly (1342ms)
		BeginReloadAssembly (110ms)
			ExecutionOrderSort (0ms)
			DisableScriptedObjects (4ms)
			BackupInstance (0ms)
			ReleaseScriptingObjects (0ms)
			CreateAndSetChildDomain (33ms)
		EndReloadAssembly (1165ms)
			LoadAssemblies (44ms)
			RebuildTransferFunctionScriptingTraits (0ms)
			SetupTypeCache (227ms)
			ReleaseScriptCaches (1ms)
			RebuildScriptCaches (29ms)
			SetupLoadedEditorAssemblies (715ms)
				LogAssemblyErrors (0ms)
				InitializePlatformSupportModulesInManaged (9ms)
				SetLoadedEditorAssemblies (0ms)
				RefreshPlugins (1ms)
				BeforeProcessingInitializeOnLoad (45ms)
				ProcessInitializeOnLoadAttributes (633ms)
				ProcessInitializeOnLoadMethodAttributes (25ms)
				AfterProcessingInitializeOnLoad (3ms)
				EditorAssembliesLoaded (0ms)
			ExecutionOrderSort2 (0ms)
			AwakeInstancesAfterBackupRestoration (3ms)
Platform modules already initialized, skipping
Refreshing native plugins compatible for Editor in 1,28 ms, found 2 plugins.
Preloading 0 native plugins for Editor in 0,00 ms.
Unloading 3980 Unused Serialized files (Serialized files now loaded: 0)
Unloading 55 unused Assets / (55,7 KB). Loaded Objects now: 4537.
Memory consumption went from 137,9 MB to 137,8 MB.
Total: 12,595028 ms (FindLiveObjects: 0,236981 ms CreateObjectMapping: 0,121699 ms MarkObjects: 12,141999 ms  DeleteObjects: 0,093113 ms)

AssetImportParameters requested are different than current active one (requested -> active):
  custom:video-decoder-ogg-theora: a1e56fd34408186e4bbccfd4996cb3dc -> 
  custom:container-muxer-webm: aa71ff27fc2769a1b78a27578f13a17b -> 
  custom:container-demuxer-webm: 4f35f7cbe854078d1ac9338744f61a02 -> 
  custom:video-encoder-webm-vp8: eb34c28f22e8b96e1ab97ce403110664 -> 
  custom:CustomObjectIndexerAttribute: bc11b3a6c3213fcdd17b65e7da85e133 -> 
  custom:audio-encoder-webm-vorbis: bf7c407c2cedff20999df2af8eb42d56 -> 
  custom:SearchIndexIgnoredProperties: e643bd26f0fe6173181afceb89e7c659 -> 
  custom:container-demuxer-ogg: 62fdf1f143b41e24485cea50d1cbac27 -> 
  custom:video-decoder-webm-vp8: 9c59270c3fd7afecdb556c50c9e8de78 -> 
  custom:audio-decoder-ogg-vorbis: bf7c407c2cedff20999df2af8eb42d56 -> 
========================================================================
Received Prepare
Registering precompiled user dll's ...
Registered in 0,001841 seconds.
Begin MonoManager ReloadAssembly
Native extension for LinuxStandalone target not found
Refreshing native plugins compatible for Editor in 1,08 ms, found 2 plugins.
Preloading 0 native plugins for Editor in 0,00 ms.
[Package Manager] Server::EnsureServerProcessIsRunning -- launch failed, reason: Unity was launched with the -noUpm command-line argument
[Package Manager] Cannot connect to Unity Package Manager local server
System.Exception: Error! Visual Scripting: couldn't find visual scripting package
  at Unity.VisualScripting.PackageVersionUtility.get_version () [0x00043] in /home/hmcelik/Desktop/My project/Library/PackageCache/com.unity.visualscripting@1.9.4/Editor/VisualScripting.Core/Utilities/PackageVersionUtility.cs:31 
  at Unity.VisualScripting.BoltCoreManifest.get_version () [0x00000] in /home/hmcelik/Desktop/My project/Library/PackageCache/com.unity.visualscripting@1.9.4/Editor/VisualScripting.Core/Plugin/BoltCoreManifest.cs:11 
  at Unity.VisualScripting.PluginManifest.get_currentVersion () [0x00000] in /home/hmcelik/Desktop/My project/Library/PackageCache/com.unity.visualscripting@1.9.4/Editor/VisualScripting.Core/Plugins/PluginManifest.cs:33 
  at Unity.VisualScripting.PluginManifest.get_versionMismatch () [0x00000] in /home/hmcelik/Desktop/My project/Library/PackageCache/com.unity.visualscripting@1.9.4/Editor/VisualScripting.Core/Plugins/PluginManifest.cs:48 
  at Unity.VisualScripting.PluginContainer.Initialize () [0x00525] in /home/hmcelik/Desktop/My project/Library/PackageCache/com.unity.visualscripting@1.9.4/Editor/VisualScripting.Core/Plugins/PluginContainer.cs:208 
  at Unity.VisualScripting.PluginContainer.InitializeOnLoad () [0x00009] in /home/hmcelik/Desktop/My project/Library/PackageCache/com.unity.visualscripting@1.9.4/Editor/VisualScripting.Core/Plugins/PluginContainer.cs:32 
  at Unity.VisualScripting.VSUsageUtility.DoInitializeOnLoadCalls () [0x00034] in /home/hmcelik/Desktop/My project/Library/PackageCache/com.unity.visualscripting@1.9.4/Editor/VisualScripting.Core/Utilities/VSUsageUtility.cs:76 
  at Unity.VisualScripting.VSUsageUtility.set_isVisualScriptingUsed (System.Boolean value) [0x0002c] in /home/hmcelik/Desktop/My project/Library/PackageCache/com.unity.visualscripting@1.9.4/Editor/VisualScripting.Core/Utilities/VSUsageUtility.cs:114 
  at Unity.VisualScripting.VSUsageUtility.CheckAndSetIsVisualScriptingUsed () [0x0000d] in /home/hmcelik/Desktop/My project/Library/PackageCache/com.unity.visualscripting@1.9.4/Editor/VisualScripting.Core/Utilities/VSUsageUtility.cs:33 
  at Unity.VisualScripting.VSUsageUtility..cctor () [0x00000] in /home/hmcelik/Desktop/My project/Library/PackageCache/com.unity.visualscripting@1.9.4/Editor/VisualScripting.Core/Utilities/VSUsageUtility.cs:22 
UnityEngine.StackTraceUtility:ExtractStackTrace () (at /home/bokken/build/output/unity/unity/Runtime/Export/Scripting/StackTrace.cs:37)
UnityEngine.DebugLogHandler:LogFormat (UnityEngine.LogType,UnityEngine.Object,string,object[])
UnityEngine.Logger:Log (UnityEngine.LogType,object)
UnityEngine.Debug:LogError (object)
UnityEditor.EditorAssemblies:ProcessInitializeOnLoadAttributes (System.Type[]) (at /home/bokken/build/output/unity/unity/Editor/Mono/EditorAssemblies.cs:134)

(Filename: /home/bokken/build/output/unity/unity/Editor/Mono/EditorAssemblies.cs Line: 134)

Mono: successfully reloaded assembly
- Completed reload, in  1,315 seconds
Domain Reload Profiling:
	ReloadAssembly (1316ms)
		BeginReloadAssembly (111ms)
			ExecutionOrderSort (0ms)
			DisableScriptedObjects (4ms)
			BackupInstance (0ms)
			ReleaseScriptingObjects (0ms)
			CreateAndSetChildDomain (38ms)
		EndReloadAssembly (1140ms)
			LoadAssemblies (41ms)
			RebuildTransferFunctionScriptingTraits (0ms)
			SetupTypeCache (198ms)
			ReleaseScriptCaches (1ms)
			RebuildScriptCaches (30ms)
			SetupLoadedEditorAssemblies (689ms)
				LogAssemblyErrors (0ms)
				InitializePlatformSupportModulesInManaged (14ms)
				SetLoadedEditorAssemblies (1ms)
				RefreshPlugins (1ms)
				BeforeProcessingInitializeOnLoad (48ms)
				ProcessInitializeOnLoadAttributes (593ms)
				ProcessInitializeOnLoadMethodAttributes (27ms)
				AfterProcessingInitializeOnLoad (4ms)
				EditorAssembliesLoaded (0ms)
			ExecutionOrderSort2 (0ms)
			AwakeInstancesAfterBackupRestoration (4ms)
Platform modules already initialized, skipping
Refreshing native plugins compatible for Editor in 0,78 ms, found 2 plugins.
Preloading 0 native plugins for Editor in 0,00 ms.
Unloading 3980 Unused Serialized files (Serialized files now loaded: 0)
Unloading 55 unused Assets / (60,3 KB). Loaded Objects now: 4541.
Memory consumption went from 137,9 MB to 137,8 MB.
Total: 13,366207 ms (FindLiveObjects: 0,316210 ms CreateObjectMapping: 0,185630 ms MarkObjects: 12,748727 ms  DeleteObjects: 0,114468 ms)

AssetImportParameters requested are different than current active one (requested -> active):
  custom:video-decoder-ogg-theora: a1e56fd34408186e4bbccfd4996cb3dc -> 
  custom:container-muxer-webm: aa71ff27fc2769a1b78a27578f13a17b -> 
  custom:container-demuxer-webm: 4f35f7cbe854078d1ac9338744f61a02 -> 
  custom:video-encoder-webm-vp8: eb34c28f22e8b96e1ab97ce403110664 -> 
  custom:CustomObjectIndexerAttribute: bc11b3a6c3213fcdd17b65e7da85e133 -> 
  custom:audio-encoder-webm-vorbis: bf7c407c2cedff20999df2af8eb42d56 -> 
  custom:SearchIndexIgnoredProperties: e643bd26f0fe6173181afceb89e7c659 -> 
  custom:container-demuxer-ogg: 62fdf1f143b41e24485cea50d1cbac27 -> 
  custom:video-decoder-webm-vp8: 9c59270c3fd7afecdb556c50c9e8de78 -> 
  custom:audio-decoder-ogg-vorbis: bf7c407c2cedff20999df2af8eb42d56 -> 
========================================================================
Received Prepare
Registering precompiled user dll's ...
Registered in 0,002339 seconds.
Begin MonoManager ReloadAssembly
Native extension for LinuxStandalone target not found
Refreshing native plugins compatible for Editor in 0,67 ms, found 2 plugins.
Preloading 0 native plugins for Editor in 0,00 ms.
[Package Manager] Server::EnsureServerProcessIsRunning -- launch failed, reason: Unity was launched with the -noUpm command-line argument
[Package Manager] Cannot connect to Unity Package Manager local server
System.Exception: Error! Visual Scripting: couldn't find visual scripting package
  at Unity.VisualScripting.PackageVersionUtility.get_version () [0x00043] in /home/hmcelik/Desktop/My project/Library/PackageCache/com.unity.visualscripting@1.9.4/Editor/VisualScripting.Core/Utilities/PackageVersionUtility.cs:31 
  at Unity.VisualScripting.BoltCoreManifest.get_version () [0x00000] in /home/hmcelik/Desktop/My project/Library/PackageCache/com.unity.visualscripting@1.9.4/Editor/VisualScripting.Core/Plugin/BoltCoreManifest.cs:11 
  at Unity.VisualScripting.PluginManifest.get_currentVersion () [0x00000] in /home/hmcelik/Desktop/My project/Library/PackageCache/com.unity.visualscripting@1.9.4/Editor/VisualScripting.Core/Plugins/PluginManifest.cs:33 
  at Unity.VisualScripting.PluginManifest.get_versionMismatch () [0x00000] in /home/hmcelik/Desktop/My project/Library/PackageCache/com.unity.visualscripting@1.9.4/Editor/VisualScripting.Core/Plugins/PluginManifest.cs:48 
  at Unity.VisualScripting.PluginContainer.Initialize () [0x00525] in /home/hmcelik/Desktop/My project/Library/PackageCache/com.unity.visualscripting@1.9.4/Editor/VisualScripting.Core/Plugins/PluginContainer.cs:208 
  at Unity.VisualScripting.PluginContainer.InitializeOnLoad () [0x00009] in /home/hmcelik/Desktop/My project/Library/PackageCache/com.unity.visualscripting@1.9.4/Editor/VisualScripting.Core/Plugins/PluginContainer.cs:32 
  at Unity.VisualScripting.VSUsageUtility.DoInitializeOnLoadCalls () [0x00034] in /home/hmcelik/Desktop/My project/Library/PackageCache/com.unity.visualscripting@1.9.4/Editor/VisualScripting.Core/Utilities/VSUsageUtility.cs:76 
  at Unity.VisualScripting.VSUsageUtility.set_isVisualScriptingUsed (System.Boolean value) [0x0002c] in /home/hmcelik/Desktop/My project/Library/PackageCache/com.unity.visualscripting@1.9.4/Editor/VisualScripting.Core/Utilities/VSUsageUtility.cs:114 
  at Unity.VisualScripting.VSUsageUtility.CheckAndSetIsVisualScriptingUsed () [0x0000d] in /home/hmcelik/Desktop/My project/Library/PackageCache/com.unity.visualscripting@1.9.4/Editor/VisualScripting.Core/Utilities/VSUsageUtility.cs:33 
  at Unity.VisualScripting.VSUsageUtility..cctor () [0x00000] in /home/hmcelik/Desktop/My project/Library/PackageCache/com.unity.visualscripting@1.9.4/Editor/VisualScripting.Core/Utilities/VSUsageUtility.cs:22 
UnityEngine.StackTraceUtility:ExtractStackTrace () (at /home/bokken/build/output/unity/unity/Runtime/Export/Scripting/StackTrace.cs:37)
UnityEngine.DebugLogHandler:LogFormat (UnityEngine.LogType,UnityEngine.Object,string,object[])
UnityEngine.Logger:Log (UnityEngine.LogType,object)
UnityEngine.Debug:LogError (object)
UnityEditor.EditorAssemblies:ProcessInitializeOnLoadAttributes (System.Type[]) (at /home/bokken/build/output/unity/unity/Editor/Mono/EditorAssemblies.cs:134)

(Filename: /home/bokken/build/output/unity/unity/Editor/Mono/EditorAssemblies.cs Line: 134)

Mono: successfully reloaded assembly
- Completed reload, in  1,287 seconds
Domain Reload Profiling:
	ReloadAssembly (1288ms)
		BeginReloadAssembly (103ms)
			ExecutionOrderSort (0ms)
			DisableScriptedObjects (4ms)
			BackupInstance (0ms)
			ReleaseScriptingObjects (0ms)
			CreateAndSetChildDomain (33ms)
		EndReloadAssembly (1119ms)
			LoadAssemblies (41ms)
			RebuildTransferFunctionScriptingTraits (0ms)
			SetupTypeCache (198ms)
			ReleaseScriptCaches (1ms)
			RebuildScriptCaches (33ms)
			SetupLoadedEditorAssemblies (697ms)
				LogAssemblyErrors (0ms)
				InitializePlatformSupportModulesInManaged (8ms)
				SetLoadedEditorAssemblies (0ms)
				RefreshPlugins (1ms)
				BeforeProcessingInitializeOnLoad (43ms)
				ProcessInitializeOnLoadAttributes (618ms)
				ProcessInitializeOnLoadMethodAttributes (24ms)
				AfterProcessingInitializeOnLoad (3ms)
				EditorAssembliesLoaded (0ms)
			ExecutionOrderSort2 (0ms)
			AwakeInstancesAfterBackupRestoration (3ms)
Platform modules already initialized, skipping
Refreshing native plugins compatible for Editor in 0,89 ms, found 2 plugins.
Preloading 0 native plugins for Editor in 0,00 ms.
Unloading 3980 Unused Serialized files (Serialized files now loaded: 0)
Unloading 55 unused Assets / (46,6 KB). Loaded Objects now: 4545.
Memory consumption went from 137,9 MB to 137,9 MB.
Total: 11,166263 ms (FindLiveObjects: 0,267800 ms CreateObjectMapping: 0,138923 ms MarkObjects: 10,638382 ms  DeleteObjects: 0,119519 ms)

AssetImportParameters requested are different than current active one (requested -> active):
  custom:video-decoder-ogg-theora: a1e56fd34408186e4bbccfd4996cb3dc -> 
  custom:container-muxer-webm: aa71ff27fc2769a1b78a27578f13a17b -> 
  custom:container-demuxer-webm: 4f35f7cbe854078d1ac9338744f61a02 -> 
  custom:video-encoder-webm-vp8: eb34c28f22e8b96e1ab97ce403110664 -> 
  custom:CustomObjectIndexerAttribute: bc11b3a6c3213fcdd17b65e7da85e133 -> 
  custom:audio-encoder-webm-vorbis: bf7c407c2cedff20999df2af8eb42d56 -> 
  custom:SearchIndexIgnoredProperties: e643bd26f0fe6173181afceb89e7c659 -> 
  custom:container-demuxer-ogg: 62fdf1f143b41e24485cea50d1cbac27 -> 
  custom:video-decoder-webm-vp8: 9c59270c3fd7afecdb556c50c9e8de78 -> 
  custom:audio-decoder-ogg-vorbis: bf7c407c2cedff20999df2af8eb42d56 -> 
========================================================================
Received Prepare
Registering precompiled user dll's ...
Registered in 0,002263 seconds.
Begin MonoManager ReloadAssembly
Native extension for LinuxStandalone target not found
Refreshing native plugins compatible for Editor in 0,67 ms, found 2 plugins.
Preloading 0 native plugins for Editor in 0,00 ms.
[Package Manager] Server::EnsureServerProcessIsRunning -- launch failed, reason: Unity was launched with the -noUpm command-line argument
[Package Manager] Cannot connect to Unity Package Manager local server
System.Exception: Error! Visual Scripting: couldn't find visual scripting package
  at Unity.VisualScripting.PackageVersionUtility.get_version () [0x00043] in /home/hmcelik/Desktop/My project/Library/PackageCache/com.unity.visualscripting@1.9.4/Editor/VisualScripting.Core/Utilities/PackageVersionUtility.cs:31 
  at Unity.VisualScripting.BoltCoreManifest.get_version () [0x00000] in /home/hmcelik/Desktop/My project/Library/PackageCache/com.unity.visualscripting@1.9.4/Editor/VisualScripting.Core/Plugin/BoltCoreManifest.cs:11 
  at Unity.VisualScripting.PluginManifest.get_currentVersion () [0x00000] in /home/hmcelik/Desktop/My project/Library/PackageCache/com.unity.visualscripting@1.9.4/Editor/VisualScripting.Core/Plugins/PluginManifest.cs:33 
  at Unity.VisualScripting.PluginManifest.get_versionMismatch () [0x00000] in /home/hmcelik/Desktop/My project/Library/PackageCache/com.unity.visualscripting@1.9.4/Editor/VisualScripting.Core/Plugins/PluginManifest.cs:48 
  at Unity.VisualScripting.PluginContainer.Initialize () [0x00525] in /home/hmcelik/Desktop/My project/Library/PackageCache/com.unity.visualscripting@1.9.4/Editor/VisualScripting.Core/Plugins/PluginContainer.cs:208 
  at Unity.VisualScripting.PluginContainer.InitializeOnLoad () [0x00009] in /home/hmcelik/Desktop/My project/Library/PackageCache/com.unity.visualscripting@1.9.4/Editor/VisualScripting.Core/Plugins/PluginContainer.cs:32 
  at Unity.VisualScripting.VSUsageUtility.DoInitializeOnLoadCalls () [0x00034] in /home/hmcelik/Desktop/My project/Library/PackageCache/com.unity.visualscripting@1.9.4/Editor/VisualScripting.Core/Utilities/VSUsageUtility.cs:76 
  at Unity.VisualScripting.VSUsageUtility.set_isVisualScriptingUsed (System.Boolean value) [0x0002c] in /home/hmcelik/Desktop/My project/Library/PackageCache/com.unity.visualscripting@1.9.4/Editor/VisualScripting.Core/Utilities/VSUsageUtility.cs:114 
  at Unity.VisualScripting.VSUsageUtility.CheckAndSetIsVisualScriptingUsed () [0x0000d] in /home/hmcelik/Desktop/My project/Library/PackageCache/com.unity.visualscripting@1.9.4/Editor/VisualScripting.Core/Utilities/VSUsageUtility.cs:33 
  at Unity.VisualScripting.VSUsageUtility..cctor () [0x00000] in /home/hmcelik/Desktop/My project/Library/PackageCache/com.unity.visualscripting@1.9.4/Editor/VisualScripting.Core/Utilities/VSUsageUtility.cs:22 
UnityEngine.StackTraceUtility:ExtractStackTrace () (at /home/bokken/build/output/unity/unity/Runtime/Export/Scripting/StackTrace.cs:37)
UnityEngine.DebugLogHandler:LogFormat (UnityEngine.LogType,UnityEngine.Object,string,object[])
UnityEngine.Logger:Log (UnityEngine.LogType,object)
UnityEngine.Debug:LogError (object)
UnityEditor.EditorAssemblies:ProcessInitializeOnLoadAttributes (System.Type[]) (at /home/bokken/build/output/unity/unity/Editor/Mono/EditorAssemblies.cs:134)

(Filename: /home/bokken/build/output/unity/unity/Editor/Mono/EditorAssemblies.cs Line: 134)

Mono: successfully reloaded assembly
- Completed reload, in  1,336 seconds
Domain Reload Profiling:
	ReloadAssembly (1336ms)
		BeginReloadAssembly (106ms)
			ExecutionOrderSort (0ms)
			DisableScriptedObjects (4ms)
			BackupInstance (0ms)
			ReleaseScriptingObjects (0ms)
			CreateAndSetChildDomain (32ms)
		EndReloadAssembly (1166ms)
			LoadAssemblies (43ms)
			RebuildTransferFunctionScriptingTraits (0ms)
			SetupTypeCache (197ms)
			ReleaseScriptCaches (1ms)
			RebuildScriptCaches (38ms)
			SetupLoadedEditorAssemblies (723ms)
				LogAssemblyErrors (0ms)
				InitializePlatformSupportModulesInManaged (9ms)
				SetLoadedEditorAssemblies (0ms)
				RefreshPlugins (1ms)
				BeforeProcessingInitializeOnLoad (43ms)
				ProcessInitializeOnLoadAttributes (632ms)
				ProcessInitializeOnLoadMethodAttributes (35ms)
				AfterProcessingInitializeOnLoad (3ms)
				EditorAssembliesLoaded (0ms)
			ExecutionOrderSort2 (0ms)
			AwakeInstancesAfterBackupRestoration (3ms)
Platform modules already initialized, skipping
Refreshing native plugins compatible for Editor in 0,72 ms, found 2 plugins.
Preloading 0 native plugins for Editor in 0,00 ms.
Unloading 3980 Unused Serialized files (Serialized files now loaded: 0)
Unloading 55 unused Assets / (46,6 KB). Loaded Objects now: 4549.
Memory consumption went from 137,9 MB to 137,9 MB.
Total: 14,968221 ms (FindLiveObjects: 0,288293 ms CreateObjectMapping: 0,103706 ms MarkObjects: 14,456677 ms  DeleteObjects: 0,118405 ms)

AssetImportParameters requested are different than current active one (requested -> active):
  custom:video-decoder-ogg-theora: a1e56fd34408186e4bbccfd4996cb3dc -> 
  custom:container-muxer-webm: aa71ff27fc2769a1b78a27578f13a17b -> 
  custom:container-demuxer-webm: 4f35f7cbe854078d1ac9338744f61a02 -> 
  custom:video-encoder-webm-vp8: eb34c28f22e8b96e1ab97ce403110664 -> 
  custom:CustomObjectIndexerAttribute: bc11b3a6c3213fcdd17b65e7da85e133 -> 
  custom:audio-encoder-webm-vorbis: bf7c407c2cedff20999df2af8eb42d56 -> 
  custom:SearchIndexIgnoredProperties: e643bd26f0fe6173181afceb89e7c659 -> 
  custom:container-demuxer-ogg: 62fdf1f143b41e24485cea50d1cbac27 -> 
  custom:video-decoder-webm-vp8: 9c59270c3fd7afecdb556c50c9e8de78 -> 
  custom:audio-decoder-ogg-vorbis: bf7c407c2cedff20999df2af8eb42d56 -> 
========================================================================
Received Prepare
Registering precompiled user dll's ...
Registered in 0,001878 seconds.
Begin MonoManager ReloadAssembly
Native extension for LinuxStandalone target not found
Refreshing native plugins compatible for Editor in 0,69 ms, found 2 plugins.
Preloading 0 native plugins for Editor in 0,00 ms.
[Package Manager] Server::EnsureServerProcessIsRunning -- launch failed, reason: Unity was launched with the -noUpm command-line argument
[Package Manager] Cannot connect to Unity Package Manager local server
System.Exception: Error! Visual Scripting: couldn't find visual scripting package
  at Unity.VisualScripting.PackageVersionUtility.get_version () [0x00043] in /home/hmcelik/Desktop/My project/Library/PackageCache/com.unity.visualscripting@1.9.4/Editor/VisualScripting.Core/Utilities/PackageVersionUtility.cs:31 
  at Unity.VisualScripting.BoltCoreManifest.get_version () [0x00000] in /home/hmcelik/Desktop/My project/Library/PackageCache/com.unity.visualscripting@1.9.4/Editor/VisualScripting.Core/Plugin/BoltCoreManifest.cs:11 
  at Unity.VisualScripting.PluginManifest.get_currentVersion () [0x00000] in /home/hmcelik/Desktop/My project/Library/PackageCache/com.unity.visualscripting@1.9.4/Editor/VisualScripting.Core/Plugins/PluginManifest.cs:33 
  at Unity.VisualScripting.PluginManifest.get_versionMismatch () [0x00000] in /home/hmcelik/Desktop/My project/Library/PackageCache/com.unity.visualscripting@1.9.4/Editor/VisualScripting.Core/Plugins/PluginManifest.cs:48 
  at Unity.VisualScripting.PluginContainer.Initialize () [0x00525] in /home/hmcelik/Desktop/My project/Library/PackageCache/com.unity.visualscripting@1.9.4/Editor/VisualScripting.Core/Plugins/PluginContainer.cs:208 
  at Unity.VisualScripting.PluginContainer.InitializeOnLoad () [0x00009] in /home/hmcelik/Desktop/My project/Library/PackageCache/com.unity.visualscripting@1.9.4/Editor/VisualScripting.Core/Plugins/PluginContainer.cs:32 
  at Unity.VisualScripting.VSUsageUtility.DoInitializeOnLoadCalls () [0x00034] in /home/hmcelik/Desktop/My project/Library/PackageCache/com.unity.visualscripting@1.9.4/Editor/VisualScripting.Core/Utilities/VSUsageUtility.cs:76 
  at Unity.VisualScripting.VSUsageUtility.set_isVisualScriptingUsed (System.Boolean value) [0x0002c] in /home/hmcelik/Desktop/My project/Library/PackageCache/com.unity.visualscripting@1.9.4/Editor/VisualScripting.Core/Utilities/VSUsageUtility.cs:114 
  at Unity.VisualScripting.VSUsageUtility.CheckAndSetIsVisualScriptingUsed () [0x0000d] in /home/hmcelik/Desktop/My project/Library/PackageCache/com.unity.visualscripting@1.9.4/Editor/VisualScripting.Core/Utilities/VSUsageUtility.cs:33 
  at Unity.VisualScripting.VSUsageUtility..cctor () [0x00000] in /home/hmcelik/Desktop/My project/Library/PackageCache/com.unity.visualscripting@1.9.4/Editor/VisualScripting.Core/Utilities/VSUsageUtility.cs:22 
UnityEngine.StackTraceUtility:ExtractStackTrace () (at /home/bokken/build/output/unity/unity/Runtime/Export/Scripting/StackTrace.cs:37)
UnityEngine.DebugLogHandler:LogFormat (UnityEngine.LogType,UnityEngine.Object,string,object[])
UnityEngine.Logger:Log (UnityEngine.LogType,object)
UnityEngine.Debug:LogError (object)
UnityEditor.EditorAssemblies:ProcessInitializeOnLoadAttributes (System.Type[]) (at /home/bokken/build/output/unity/unity/Editor/Mono/EditorAssemblies.cs:134)

(Filename: /home/bokken/build/output/unity/unity/Editor/Mono/EditorAssemblies.cs Line: 134)

Mono: successfully reloaded assembly
- Completed reload, in  1,317 seconds
Domain Reload Profiling:
	ReloadAssembly (1317ms)
		BeginReloadAssembly (105ms)
			ExecutionOrderSort (0ms)
			DisableScriptedObjects (4ms)
			BackupInstance (0ms)
			ReleaseScriptingObjects (0ms)
			CreateAndSetChildDomain (34ms)
		EndReloadAssembly (1147ms)
			LoadAssemblies (41ms)
			RebuildTransferFunctionScriptingTraits (0ms)
			SetupTypeCache (230ms)
			ReleaseScriptCaches (1ms)
			RebuildScriptCaches (29ms)
			SetupLoadedEditorAssemblies (693ms)
				LogAssemblyErrors (0ms)
				InitializePlatformSupportModulesInManaged (8ms)
				SetLoadedEditorAssemblies (0ms)
				RefreshPlugins (1ms)
				BeforeProcessingInitializeOnLoad (45ms)
				ProcessInitializeOnLoadAttributes (611ms)
				ProcessInitializeOnLoadMethodAttributes (25ms)
				AfterProcessingInitializeOnLoad (3ms)
				EditorAssembliesLoaded (0ms)
			ExecutionOrderSort2 (0ms)
			AwakeInstancesAfterBackupRestoration (3ms)
Platform modules already initialized, skipping
Refreshing native plugins compatible for Editor in 0,79 ms, found 2 plugins.
Preloading 0 native plugins for Editor in 0,00 ms.
Unloading 3980 Unused Serialized files (Serialized files now loaded: 0)
Unloading 55 unused Assets / (55,8 KB). Loaded Objects now: 4553.
Memory consumption went from 137,9 MB to 137,9 MB.
Total: 17,094275 ms (FindLiveObjects: 0,222373 ms CreateObjectMapping: 0,105496 ms MarkObjects: 16,654734 ms  DeleteObjects: 0,110701 ms)

AssetImportParameters requested are different than current active one (requested -> active):
  custom:video-decoder-ogg-theora: a1e56fd34408186e4bbccfd4996cb3dc -> 
  custom:container-muxer-webm: aa71ff27fc2769a1b78a27578f13a17b -> 
  custom:container-demuxer-webm: 4f35f7cbe854078d1ac9338744f61a02 -> 
  custom:video-encoder-webm-vp8: eb34c28f22e8b96e1ab97ce403110664 -> 
  custom:CustomObjectIndexerAttribute: bc11b3a6c3213fcdd17b65e7da85e133 -> 
  custom:audio-encoder-webm-vorbis: bf7c407c2cedff20999df2af8eb42d56 -> 
  custom:SearchIndexIgnoredProperties: e643bd26f0fe6173181afceb89e7c659 -> 
  custom:container-demuxer-ogg: 62fdf1f143b41e24485cea50d1cbac27 -> 
  custom:video-decoder-webm-vp8: 9c59270c3fd7afecdb556c50c9e8de78 -> 
  custom:audio-decoder-ogg-vorbis: bf7c407c2cedff20999df2af8eb42d56 -> 
========================================================================
Received Prepare
Registering precompiled user dll's ...
Registered in 0,001838 seconds.
Begin MonoManager ReloadAssembly
Native extension for LinuxStandalone target not found
Refreshing native plugins compatible for Editor in 0,78 ms, found 2 plugins.
Preloading 0 native plugins for Editor in 0,00 ms.
[Package Manager] Server::EnsureServerProcessIsRunning -- launch failed, reason: Unity was launched with the -noUpm command-line argument
[Package Manager] Cannot connect to Unity Package Manager local server
System.Exception: Error! Visual Scripting: couldn't find visual scripting package
  at Unity.VisualScripting.PackageVersionUtility.get_version () [0x00043] in /home/hmcelik/Desktop/My project/Library/PackageCache/com.unity.visualscripting@1.9.4/Editor/VisualScripting.Core/Utilities/PackageVersionUtility.cs:31 
  at Unity.VisualScripting.BoltCoreManifest.get_version () [0x00000] in /home/hmcelik/Desktop/My project/Library/PackageCache/com.unity.visualscripting@1.9.4/Editor/VisualScripting.Core/Plugin/BoltCoreManifest.cs:11 
  at Unity.VisualScripting.PluginManifest.get_currentVersion () [0x00000] in /home/hmcelik/Desktop/My project/Library/PackageCache/com.unity.visualscripting@1.9.4/Editor/VisualScripting.Core/Plugins/PluginManifest.cs:33 
  at Unity.VisualScripting.PluginManifest.get_versionMismatch () [0x00000] in /home/hmcelik/Desktop/My project/Library/PackageCache/com.unity.visualscripting@1.9.4/Editor/VisualScripting.Core/Plugins/PluginManifest.cs:48 
  at Unity.VisualScripting.PluginContainer.Initialize () [0x00525] in /home/hmcelik/Desktop/My project/Library/PackageCache/com.unity.visualscripting@1.9.4/Editor/VisualScripting.Core/Plugins/PluginContainer.cs:208 
  at Unity.VisualScripting.PluginContainer.InitializeOnLoad () [0x00009] in /home/hmcelik/Desktop/My project/Library/PackageCache/com.unity.visualscripting@1.9.4/Editor/VisualScripting.Core/Plugins/PluginContainer.cs:32 
  at Unity.VisualScripting.VSUsageUtility.DoInitializeOnLoadCalls () [0x00034] in /home/hmcelik/Desktop/My project/Library/PackageCache/com.unity.visualscripting@1.9.4/Editor/VisualScripting.Core/Utilities/VSUsageUtility.cs:76 
  at Unity.VisualScripting.VSUsageUtility.set_isVisualScriptingUsed (System.Boolean value) [0x0002c] in /home/hmcelik/Desktop/My project/Library/PackageCache/com.unity.visualscripting@1.9.4/Editor/VisualScripting.Core/Utilities/VSUsageUtility.cs:114 
  at Unity.VisualScripting.VSUsageUtility.CheckAndSetIsVisualScriptingUsed () [0x0000d] in /home/hmcelik/Desktop/My project/Library/PackageCache/com.unity.visualscripting@1.9.4/Editor/VisualScripting.Core/Utilities/VSUsageUtility.cs:33 
  at Unity.VisualScripting.VSUsageUtility..cctor () [0x00000] in /home/hmcelik/Desktop/My project/Library/PackageCache/com.unity.visualscripting@1.9.4/Editor/VisualScripting.Core/Utilities/VSUsageUtility.cs:22 
UnityEngine.StackTraceUtility:ExtractStackTrace () (at /home/bokken/build/output/unity/unity/Runtime/Export/Scripting/StackTrace.cs:37)
UnityEngine.DebugLogHandler:LogFormat (UnityEngine.LogType,UnityEngine.Object,string,object[])
UnityEngine.Logger:Log (UnityEngine.LogType,object)
UnityEngine.Debug:LogError (object)
UnityEditor.EditorAssemblies:ProcessInitializeOnLoadAttributes (System.Type[]) (at /home/bokken/build/output/unity/unity/Editor/Mono/EditorAssemblies.cs:134)

(Filename: /home/bokken/build/output/unity/unity/Editor/Mono/EditorAssemblies.cs Line: 134)

Mono: successfully reloaded assembly
- Completed reload, in  1,305 seconds
Domain Reload Profiling:
	ReloadAssembly (1306ms)
		BeginReloadAssembly (108ms)
			ExecutionOrderSort (0ms)
			DisableScriptedObjects (4ms)
			BackupInstance (0ms)
			ReleaseScriptingObjects (0ms)
			CreateAndSetChildDomain (35ms)
		EndReloadAssembly (1133ms)
			LoadAssemblies (43ms)
			RebuildTransferFunctionScriptingTraits (0ms)
			SetupTypeCache (206ms)
			ReleaseScriptCaches (1ms)
			RebuildScriptCaches (29ms)
			SetupLoadedEditorAssemblies (700ms)
				LogAssemblyErrors (0ms)
				InitializePlatformSupportModulesInManaged (9ms)
				SetLoadedEditorAssemblies (0ms)
				RefreshPlugins (1ms)
				BeforeProcessingInitializeOnLoad (45ms)
				ProcessInitializeOnLoadAttributes (613ms)
				ProcessInitializeOnLoadMethodAttributes (28ms)
				AfterProcessingInitializeOnLoad (3ms)
				EditorAssembliesLoaded (0ms)
			ExecutionOrderSort2 (0ms)
			AwakeInstancesAfterBackupRestoration (4ms)
Platform modules already initialized, skipping
Refreshing native plugins compatible for Editor in 0,72 ms, found 2 plugins.
Preloading 0 native plugins for Editor in 0,00 ms.
Unloading 3980 Unused Serialized files (Serialized files now loaded: 0)
Unloading 55 unused Assets / (60,4 KB). Loaded Objects now: 4557.
Memory consumption went from 138,0 MB to 137,9 MB.
Total: 10,091468 ms (FindLiveObjects: 0,203863 ms CreateObjectMapping: 0,105633 ms MarkObjects: 9,700906 ms  DeleteObjects: 0,080089 ms)

AssetImportParameters requested are different than current active one (requested -> active):
  custom:video-decoder-ogg-theora: a1e56fd34408186e4bbccfd4996cb3dc -> 
  custom:container-muxer-webm: aa71ff27fc2769a1b78a27578f13a17b -> 
  custom:container-demuxer-webm: 4f35f7cbe854078d1ac9338744f61a02 -> 
  custom:video-encoder-webm-vp8: eb34c28f22e8b96e1ab97ce403110664 -> 
  custom:CustomObjectIndexerAttribute: bc11b3a6c3213fcdd17b65e7da85e133 -> 
  custom:audio-encoder-webm-vorbis: bf7c407c2cedff20999df2af8eb42d56 -> 
  custom:SearchIndexIgnoredProperties: e643bd26f0fe6173181afceb89e7c659 -> 
  custom:container-demuxer-ogg: 62fdf1f143b41e24485cea50d1cbac27 -> 
  custom:video-decoder-webm-vp8: 9c59270c3fd7afecdb556c50c9e8de78 -> 
  custom:audio-decoder-ogg-vorbis: bf7c407c2cedff20999df2af8eb42d56 -> 
========================================================================
Received Prepare
Registering precompiled user dll's ...
Registered in 0,001929 seconds.
Begin MonoManager ReloadAssembly
Native extension for LinuxStandalone target not found
Refreshing native plugins compatible for Editor in 0,67 ms, found 2 plugins.
Preloading 0 native plugins for Editor in 0,00 ms.
[Package Manager] Server::EnsureServerProcessIsRunning -- launch failed, reason: Unity was launched with the -noUpm command-line argument
[Package Manager] Cannot connect to Unity Package Manager local server
System.Exception: Error! Visual Scripting: couldn't find visual scripting package
  at Unity.VisualScripting.PackageVersionUtility.get_version () [0x00043] in /home/hmcelik/Desktop/My project/Library/PackageCache/com.unity.visualscripting@1.9.4/Editor/VisualScripting.Core/Utilities/PackageVersionUtility.cs:31 
  at Unity.VisualScripting.BoltCoreManifest.get_version () [0x00000] in /home/hmcelik/Desktop/My project/Library/PackageCache/com.unity.visualscripting@1.9.4/Editor/VisualScripting.Core/Plugin/BoltCoreManifest.cs:11 
  at Unity.VisualScripting.PluginManifest.get_currentVersion () [0x00000] in /home/hmcelik/Desktop/My project/Library/PackageCache/com.unity.visualscripting@1.9.4/Editor/VisualScripting.Core/Plugins/PluginManifest.cs:33 
  at Unity.VisualScripting.PluginManifest.get_versionMismatch () [0x00000] in /home/hmcelik/Desktop/My project/Library/PackageCache/com.unity.visualscripting@1.9.4/Editor/VisualScripting.Core/Plugins/PluginManifest.cs:48 
  at Unity.VisualScripting.PluginContainer.Initialize () [0x00525] in /home/hmcelik/Desktop/My project/Library/PackageCache/com.unity.visualscripting@1.9.4/Editor/VisualScripting.Core/Plugins/PluginContainer.cs:208 
  at Unity.VisualScripting.PluginContainer.InitializeOnLoad () [0x00009] in /home/hmcelik/Desktop/My project/Library/PackageCache/com.unity.visualscripting@1.9.4/Editor/VisualScripting.Core/Plugins/PluginContainer.cs:32 
  at Unity.VisualScripting.VSUsageUtility.DoInitializeOnLoadCalls () [0x00034] in /home/hmcelik/Desktop/My project/Library/PackageCache/com.unity.visualscripting@1.9.4/Editor/VisualScripting.Core/Utilities/VSUsageUtility.cs:76 
  at Unity.VisualScripting.VSUsageUtility.set_isVisualScriptingUsed (System.Boolean value) [0x0002c] in /home/hmcelik/Desktop/My project/Library/PackageCache/com.unity.visualscripting@1.9.4/Editor/VisualScripting.Core/Utilities/VSUsageUtility.cs:114 
  at Unity.VisualScripting.VSUsageUtility.CheckAndSetIsVisualScriptingUsed () [0x0000d] in /home/hmcelik/Desktop/My project/Library/PackageCache/com.unity.visualscripting@1.9.4/Editor/VisualScripting.Core/Utilities/VSUsageUtility.cs:33 
  at Unity.VisualScripting.VSUsageUtility..cctor () [0x00000] in /home/hmcelik/Desktop/My project/Library/PackageCache/com.unity.visualscripting@1.9.4/Editor/VisualScripting.Core/Utilities/VSUsageUtility.cs:22 
UnityEngine.StackTraceUtility:ExtractStackTrace () (at /home/bokken/build/output/unity/unity/Runtime/Export/Scripting/StackTrace.cs:37)
UnityEngine.DebugLogHandler:LogFormat (UnityEngine.LogType,UnityEngine.Object,string,object[])
UnityEngine.Logger:Log (UnityEngine.LogType,object)
UnityEngine.Debug:LogError (object)
UnityEditor.EditorAssemblies:ProcessInitializeOnLoadAttributes (System.Type[]) (at /home/bokken/build/output/unity/unity/Editor/Mono/EditorAssemblies.cs:134)

(Filename: /home/bokken/build/output/unity/unity/Editor/Mono/EditorAssemblies.cs Line: 134)

Mono: successfully reloaded assembly
- Completed reload, in  1,347 seconds
Domain Reload Profiling:
	ReloadAssembly (1347ms)
		BeginReloadAssembly (102ms)
			ExecutionOrderSort (0ms)
			DisableScriptedObjects (4ms)
			BackupInstance (0ms)
			ReleaseScriptingObjects (0ms)
			CreateAndSetChildDomain (32ms)
		EndReloadAssembly (1180ms)
			LoadAssemblies (40ms)
			RebuildTransferFunctionScriptingTraits (0ms)
			SetupTypeCache (220ms)
			ReleaseScriptCaches (1ms)
			RebuildScriptCaches (47ms)
			SetupLoadedEditorAssemblies (714ms)
				LogAssemblyErrors (0ms)
				InitializePlatformSupportModulesInManaged (8ms)
				SetLoadedEditorAssemblies (0ms)
				RefreshPlugins (1ms)
				BeforeProcessingInitializeOnLoad (45ms)
				ProcessInitializeOnLoadAttributes (633ms)
				ProcessInitializeOnLoadMethodAttributes (24ms)
				AfterProcessingInitializeOnLoad (3ms)
				EditorAssembliesLoaded (0ms)
			ExecutionOrderSort2 (0ms)
			AwakeInstancesAfterBackupRestoration (3ms)
Platform modules already initialized, skipping
Refreshing native plugins compatible for Editor in 0,74 ms, found 2 plugins.
Preloading 0 native plugins for Editor in 0,00 ms.
Unloading 3980 Unused Serialized files (Serialized files now loaded: 0)
Unloading 55 unused Assets / (60,5 KB). Loaded Objects now: 4561.
Memory consumption went from 138,0 MB to 137,9 MB.
Total: 11,054018 ms (FindLiveObjects: 0,306325 ms CreateObjectMapping: 0,108562 ms MarkObjects: 10,508347 ms  DeleteObjects: 0,129432 ms)

AssetImportParameters requested are different than current active one (requested -> active):
  custom:video-decoder-ogg-theora: a1e56fd34408186e4bbccfd4996cb3dc -> 
  custom:container-muxer-webm: aa71ff27fc2769a1b78a27578f13a17b -> 
  custom:container-demuxer-webm: 4f35f7cbe854078d1ac9338744f61a02 -> 
  custom:video-encoder-webm-vp8: eb34c28f22e8b96e1ab97ce403110664 -> 
  custom:CustomObjectIndexerAttribute: bc11b3a6c3213fcdd17b65e7da85e133 -> 
  custom:audio-encoder-webm-vorbis: bf7c407c2cedff20999df2af8eb42d56 -> 
  custom:SearchIndexIgnoredProperties: e643bd26f0fe6173181afceb89e7c659 -> 
  custom:container-demuxer-ogg: 62fdf1f143b41e24485cea50d1cbac27 -> 
  custom:video-decoder-webm-vp8: 9c59270c3fd7afecdb556c50c9e8de78 -> 
  custom:audio-decoder-ogg-vorbis: bf7c407c2cedff20999df2af8eb42d56 -> 
========================================================================
Received Prepare
Registering precompiled user dll's ...
Registered in 0,001829 seconds.
Begin MonoManager ReloadAssembly
Native extension for LinuxStandalone target not found
Refreshing native plugins compatible for Editor in 0,76 ms, found 2 plugins.
Preloading 0 native plugins for Editor in 0,00 ms.
[Package Manager] Server::EnsureServerProcessIsRunning -- launch failed, reason: Unity was launched with the -noUpm command-line argument
[Package Manager] Cannot connect to Unity Package Manager local server
System.Exception: Error! Visual Scripting: couldn't find visual scripting package
  at Unity.VisualScripting.PackageVersionUtility.get_version () [0x00043] in /home/hmcelik/Desktop/My project/Library/PackageCache/com.unity.visualscripting@1.9.4/Editor/VisualScripting.Core/Utilities/PackageVersionUtility.cs:31 
  at Unity.VisualScripting.BoltCoreManifest.get_version () [0x00000] in /home/hmcelik/Desktop/My project/Library/PackageCache/com.unity.visualscripting@1.9.4/Editor/VisualScripting.Core/Plugin/BoltCoreManifest.cs:11 
  at Unity.VisualScripting.PluginManifest.get_currentVersion () [0x00000] in /home/hmcelik/Desktop/My project/Library/PackageCache/com.unity.visualscripting@1.9.4/Editor/VisualScripting.Core/Plugins/PluginManifest.cs:33 
  at Unity.VisualScripting.PluginManifest.get_versionMismatch () [0x00000] in /home/hmcelik/Desktop/My project/Library/PackageCache/com.unity.visualscripting@1.9.4/Editor/VisualScripting.Core/Plugins/PluginManifest.cs:48 
  at Unity.VisualScripting.PluginContainer.Initialize () [0x00525] in /home/hmcelik/Desktop/My project/Library/PackageCache/com.unity.visualscripting@1.9.4/Editor/VisualScripting.Core/Plugins/PluginContainer.cs:208 
  at Unity.VisualScripting.PluginContainer.InitializeOnLoad () [0x00009] in /home/hmcelik/Desktop/My project/Library/PackageCache/com.unity.visualscripting@1.9.4/Editor/VisualScripting.Core/Plugins/PluginContainer.cs:32 
  at Unity.VisualScripting.VSUsageUtility.DoInitializeOnLoadCalls () [0x00034] in /home/hmcelik/Desktop/My project/Library/PackageCache/com.unity.visualscripting@1.9.4/Editor/VisualScripting.Core/Utilities/VSUsageUtility.cs:76 
  at Unity.VisualScripting.VSUsageUtility.set_isVisualScriptingUsed (System.Boolean value) [0x0002c] in /home/hmcelik/Desktop/My project/Library/PackageCache/com.unity.visualscripting@1.9.4/Editor/VisualScripting.Core/Utilities/VSUsageUtility.cs:114 
  at Unity.VisualScripting.VSUsageUtility.CheckAndSetIsVisualScriptingUsed () [0x0000d] in /home/hmcelik/Desktop/My project/Library/PackageCache/com.unity.visualscripting@1.9.4/Editor/VisualScripting.Core/Utilities/VSUsageUtility.cs:33 
  at Unity.VisualScripting.VSUsageUtility..cctor () [0x00000] in /home/hmcelik/Desktop/My project/Library/PackageCache/com.unity.visualscripting@1.9.4/Editor/VisualScripting.Core/Utilities/VSUsageUtility.cs:22 
UnityEngine.StackTraceUtility:ExtractStackTrace () (at /home/bokken/build/output/unity/unity/Runtime/Export/Scripting/StackTrace.cs:37)
UnityEngine.DebugLogHandler:LogFormat (UnityEngine.LogType,UnityEngine.Object,string,object[])
UnityEngine.Logger:Log (UnityEngine.LogType,object)
UnityEngine.Debug:LogError (object)
UnityEditor.EditorAssemblies:ProcessInitializeOnLoadAttributes (System.Type[]) (at /home/bokken/build/output/unity/unity/Editor/Mono/EditorAssemblies.cs:134)

(Filename: /home/bokken/build/output/unity/unity/Editor/Mono/EditorAssemblies.cs Line: 134)

Mono: successfully reloaded assembly
- Completed reload, in  1,327 seconds
Domain Reload Profiling:
	ReloadAssembly (1327ms)
		BeginReloadAssembly (105ms)
			ExecutionOrderSort (0ms)
			DisableScriptedObjects (4ms)
			BackupInstance (0ms)
			ReleaseScriptingObjects (0ms)
			CreateAndSetChildDomain (35ms)
		EndReloadAssembly (1157ms)
			LoadAssemblies (42ms)
			RebuildTransferFunctionScriptingTraits (0ms)
			SetupTypeCache (222ms)
			ReleaseScriptCaches (1ms)
			RebuildScriptCaches (34ms)
			SetupLoadedEditorAssemblies (706ms)
				LogAssemblyErrors (0ms)
				InitializePlatformSupportModulesInManaged (9ms)
				SetLoadedEditorAssemblies (0ms)
				RefreshPlugins (1ms)
				BeforeProcessingInitializeOnLoad (44ms)
				ProcessInitializeOnLoadAttributes (625ms)
				ProcessInitializeOnLoadMethodAttributes (24ms)
				AfterProcessingInitializeOnLoad (3ms)
				EditorAssembliesLoaded (0ms)
			ExecutionOrderSort2 (0ms)
			AwakeInstancesAfterBackupRestoration (3ms)
Platform modules already initialized, skipping
Refreshing native plugins compatible for Editor in 0,80 ms, found 2 plugins.
Preloading 0 native plugins for Editor in 0,00 ms.
Unloading 3980 Unused Serialized files (Serialized files now loaded: 0)
Unloading 55 unused Assets / (60,5 KB). Loaded Objects now: 4565.
Memory consumption went from 137,9 MB to 137,9 MB.
Total: 11,898363 ms (FindLiveObjects: 0,211074 ms CreateObjectMapping: 0,107025 ms MarkObjects: 11,439669 ms  DeleteObjects: 0,138963 ms)

AssetImportParameters requested are different than current active one (requested -> active):
  custom:video-decoder-ogg-theora: a1e56fd34408186e4bbccfd4996cb3dc -> 
  custom:container-muxer-webm: aa71ff27fc2769a1b78a27578f13a17b -> 
  custom:container-demuxer-webm: 4f35f7cbe854078d1ac9338744f61a02 -> 
  custom:video-encoder-webm-vp8: eb34c28f22e8b96e1ab97ce403110664 -> 
  custom:CustomObjectIndexerAttribute: bc11b3a6c3213fcdd17b65e7da85e133 -> 
  custom:audio-encoder-webm-vorbis: bf7c407c2cedff20999df2af8eb42d56 -> 
  custom:SearchIndexIgnoredProperties: e643bd26f0fe6173181afceb89e7c659 -> 
  custom:container-demuxer-ogg: 62fdf1f143b41e24485cea50d1cbac27 -> 
  custom:video-decoder-webm-vp8: 9c59270c3fd7afecdb556c50c9e8de78 -> 
  custom:audio-decoder-ogg-vorbis: bf7c407c2cedff20999df2af8eb42d56 -> 
========================================================================
Received Prepare
Registering precompiled user dll's ...
Registered in 0,001833 seconds.
Begin MonoManager ReloadAssembly
Native extension for LinuxStandalone target not found
Refreshing native plugins compatible for Editor in 0,70 ms, found 2 plugins.
Preloading 0 native plugins for Editor in 0,00 ms.
[Package Manager] Server::EnsureServerProcessIsRunning -- launch failed, reason: Unity was launched with the -noUpm command-line argument
[Package Manager] Cannot connect to Unity Package Manager local server
System.Exception: Error! Visual Scripting: couldn't find visual scripting package
  at Unity.VisualScripting.PackageVersionUtility.get_version () [0x00043] in /home/hmcelik/Desktop/My project/Library/PackageCache/com.unity.visualscripting@1.9.4/Editor/VisualScripting.Core/Utilities/PackageVersionUtility.cs:31 
  at Unity.VisualScripting.BoltCoreManifest.get_version () [0x00000] in /home/hmcelik/Desktop/My project/Library/PackageCache/com.unity.visualscripting@1.9.4/Editor/VisualScripting.Core/Plugin/BoltCoreManifest.cs:11 
  at Unity.VisualScripting.PluginManifest.get_currentVersion () [0x00000] in /home/hmcelik/Desktop/My project/Library/PackageCache/com.unity.visualscripting@1.9.4/Editor/VisualScripting.Core/Plugins/PluginManifest.cs:33 
  at Unity.VisualScripting.PluginManifest.get_versionMismatch () [0x00000] in /home/hmcelik/Desktop/My project/Library/PackageCache/com.unity.visualscripting@1.9.4/Editor/VisualScripting.Core/Plugins/PluginManifest.cs:48 
  at Unity.VisualScripting.PluginContainer.Initialize () [0x00525] in /home/hmcelik/Desktop/My project/Library/PackageCache/com.unity.visualscripting@1.9.4/Editor/VisualScripting.Core/Plugins/PluginContainer.cs:208 
  at Unity.VisualScripting.PluginContainer.InitializeOnLoad () [0x00009] in /home/hmcelik/Desktop/My project/Library/PackageCache/com.unity.visualscripting@1.9.4/Editor/VisualScripting.Core/Plugins/PluginContainer.cs:32 
  at Unity.VisualScripting.VSUsageUtility.DoInitializeOnLoadCalls () [0x00034] in /home/hmcelik/Desktop/My project/Library/PackageCache/com.unity.visualscripting@1.9.4/Editor/VisualScripting.Core/Utilities/VSUsageUtility.cs:76 
  at Unity.VisualScripting.VSUsageUtility.set_isVisualScriptingUsed (System.Boolean value) [0x0002c] in /home/hmcelik/Desktop/My project/Library/PackageCache/com.unity.visualscripting@1.9.4/Editor/VisualScripting.Core/Utilities/VSUsageUtility.cs:114 
  at Unity.VisualScripting.VSUsageUtility.CheckAndSetIsVisualScriptingUsed () [0x0000d] in /home/hmcelik/Desktop/My project/Library/PackageCache/com.unity.visualscripting@1.9.4/Editor/VisualScripting.Core/Utilities/VSUsageUtility.cs:33 
  at Unity.VisualScripting.VSUsageUtility..cctor () [0x00000] in /home/hmcelik/Desktop/My project/Library/PackageCache/com.unity.visualscripting@1.9.4/Editor/VisualScripting.Core/Utilities/VSUsageUtility.cs:22 
UnityEngine.StackTraceUtility:ExtractStackTrace () (at /home/bokken/build/output/unity/unity/Runtime/Export/Scripting/StackTrace.cs:37)
UnityEngine.DebugLogHandler:LogFormat (UnityEngine.LogType,UnityEngine.Object,string,object[])
UnityEngine.Logger:Log (UnityEngine.LogType,object)
UnityEngine.Debug:LogError (object)
UnityEditor.EditorAssemblies:ProcessInitializeOnLoadAttributes (System.Type[]) (at /home/bokken/build/output/unity/unity/Editor/Mono/EditorAssemblies.cs:134)

(Filename: /home/bokken/build/output/unity/unity/Editor/Mono/EditorAssemblies.cs Line: 134)

Mono: successfully reloaded assembly
- Completed reload, in  1,346 seconds
Domain Reload Profiling:
	ReloadAssembly (1346ms)
		BeginReloadAssembly (109ms)
			ExecutionOrderSort (0ms)
			DisableScriptedObjects (4ms)
			BackupInstance (0ms)
			ReleaseScriptingObjects (0ms)
			CreateAndSetChildDomain (36ms)
		EndReloadAssembly (1171ms)
			LoadAssemblies (44ms)
			RebuildTransferFunctionScriptingTraits (0ms)
			SetupTypeCache (232ms)
			ReleaseScriptCaches (1ms)
			RebuildScriptCaches (30ms)
			SetupLoadedEditorAssemblies (709ms)
				LogAssemblyErrors (0ms)
				InitializePlatformSupportModulesInManaged (8ms)
				SetLoadedEditorAssemblies (0ms)
				RefreshPlugins (1ms)
				BeforeProcessingInitializeOnLoad (43ms)
				ProcessInitializeOnLoadAttributes (630ms)
				ProcessInitializeOnLoadMethodAttributes (24ms)
				AfterProcessingInitializeOnLoad (3ms)
				EditorAssembliesLoaded (0ms)
			ExecutionOrderSort2 (0ms)
			AwakeInstancesAfterBackupRestoration (3ms)
Platform modules already initialized, skipping
Refreshing native plugins compatible for Editor in 0,96 ms, found 2 plugins.
Preloading 0 native plugins for Editor in 0,00 ms.
Unloading 3980 Unused Serialized files (Serialized files now loaded: 0)
Unloading 55 unused Assets / (46,6 KB). Loaded Objects now: 4569.
Memory consumption went from 137,9 MB to 137,9 MB.
Total: 14,724643 ms (FindLiveObjects: 0,230502 ms CreateObjectMapping: 0,102787 ms MarkObjects: 14,291841 ms  DeleteObjects: 0,098502 ms)

AssetImportParameters requested are different than current active one (requested -> active):
  custom:video-decoder-ogg-theora: a1e56fd34408186e4bbccfd4996cb3dc -> 
  custom:container-muxer-webm: aa71ff27fc2769a1b78a27578f13a17b -> 
  custom:container-demuxer-webm: 4f35f7cbe854078d1ac9338744f61a02 -> 
  custom:video-encoder-webm-vp8: eb34c28f22e8b96e1ab97ce403110664 -> 
  custom:CustomObjectIndexerAttribute: bc11b3a6c3213fcdd17b65e7da85e133 -> 
  custom:audio-encoder-webm-vorbis: bf7c407c2cedff20999df2af8eb42d56 -> 
  custom:SearchIndexIgnoredProperties: e643bd26f0fe6173181afceb89e7c659 -> 
  custom:container-demuxer-ogg: 62fdf1f143b41e24485cea50d1cbac27 -> 
  custom:video-decoder-webm-vp8: 9c59270c3fd7afecdb556c50c9e8de78 -> 
  custom:audio-decoder-ogg-vorbis: bf7c407c2cedff20999df2af8eb42d56 -> 
========================================================================
Received Prepare
Registering precompiled user dll's ...
Registered in 0,001804 seconds.
Begin MonoManager ReloadAssembly
Native extension for LinuxStandalone target not found
Refreshing native plugins compatible for Editor in 0,66 ms, found 2 plugins.
Preloading 0 native plugins for Editor in 0,00 ms.
[Package Manager] Server::EnsureServerProcessIsRunning -- launch failed, reason: Unity was launched with the -noUpm command-line argument
[Package Manager] Cannot connect to Unity Package Manager local server
System.Exception: Error! Visual Scripting: couldn't find visual scripting package
  at Unity.VisualScripting.PackageVersionUtility.get_version () [0x00043] in /home/hmcelik/Desktop/My project/Library/PackageCache/com.unity.visualscripting@1.9.4/Editor/VisualScripting.Core/Utilities/PackageVersionUtility.cs:31 
  at Unity.VisualScripting.BoltCoreManifest.get_version () [0x00000] in /home/hmcelik/Desktop/My project/Library/PackageCache/com.unity.visualscripting@1.9.4/Editor/VisualScripting.Core/Plugin/BoltCoreManifest.cs:11 
  at Unity.VisualScripting.PluginManifest.get_currentVersion () [0x00000] in /home/hmcelik/Desktop/My project/Library/PackageCache/com.unity.visualscripting@1.9.4/Editor/VisualScripting.Core/Plugins/PluginManifest.cs:33 
  at Unity.VisualScripting.PluginManifest.get_versionMismatch () [0x00000] in /home/hmcelik/Desktop/My project/Library/PackageCache/com.unity.visualscripting@1.9.4/Editor/VisualScripting.Core/Plugins/PluginManifest.cs:48 
  at Unity.VisualScripting.PluginContainer.Initialize () [0x00525] in /home/hmcelik/Desktop/My project/Library/PackageCache/com.unity.visualscripting@1.9.4/Editor/VisualScripting.Core/Plugins/PluginContainer.cs:208 
  at Unity.VisualScripting.PluginContainer.InitializeOnLoad () [0x00009] in /home/hmcelik/Desktop/My project/Library/PackageCache/com.unity.visualscripting@1.9.4/Editor/VisualScripting.Core/Plugins/PluginContainer.cs:32 
  at Unity.VisualScripting.VSUsageUtility.DoInitializeOnLoadCalls () [0x00034] in /home/hmcelik/Desktop/My project/Library/PackageCache/com.unity.visualscripting@1.9.4/Editor/VisualScripting.Core/Utilities/VSUsageUtility.cs:76 
  at Unity.VisualScripting.VSUsageUtility.set_isVisualScriptingUsed (System.Boolean value) [0x0002c] in /home/hmcelik/Desktop/My project/Library/PackageCache/com.unity.visualscripting@1.9.4/Editor/VisualScripting.Core/Utilities/VSUsageUtility.cs:114 
  at Unity.VisualScripting.VSUsageUtility.CheckAndSetIsVisualScriptingUsed () [0x0000d] in /home/hmcelik/Desktop/My project/Library/PackageCache/com.unity.visualscripting@1.9.4/Editor/VisualScripting.Core/Utilities/VSUsageUtility.cs:33 
  at Unity.VisualScripting.VSUsageUtility..cctor () [0x00000] in /home/hmcelik/Desktop/My project/Library/PackageCache/com.unity.visualscripting@1.9.4/Editor/VisualScripting.Core/Utilities/VSUsageUtility.cs:22 
UnityEngine.StackTraceUtility:ExtractStackTrace () (at /home/bokken/build/output/unity/unity/Runtime/Export/Scripting/StackTrace.cs:37)
UnityEngine.DebugLogHandler:LogFormat (UnityEngine.LogType,UnityEngine.Object,string,object[])
UnityEngine.Logger:Log (UnityEngine.LogType,object)
UnityEngine.Debug:LogError (object)
UnityEditor.EditorAssemblies:ProcessInitializeOnLoadAttributes (System.Type[]) (at /home/bokken/build/output/unity/unity/Editor/Mono/EditorAssemblies.cs:134)

(Filename: /home/bokken/build/output/unity/unity/Editor/Mono/EditorAssemblies.cs Line: 134)

Mono: successfully reloaded assembly
- Completed reload, in  1,342 seconds
Domain Reload Profiling:
	ReloadAssembly (1343ms)
		BeginReloadAssembly (108ms)
			ExecutionOrderSort (0ms)
			DisableScriptedObjects (4ms)
			BackupInstance (0ms)
			ReleaseScriptingObjects (0ms)
			CreateAndSetChildDomain (35ms)
		EndReloadAssembly (1169ms)
			LoadAssemblies (44ms)
			RebuildTransferFunctionScriptingTraits (0ms)
			SetupTypeCache (231ms)
			ReleaseScriptCaches (1ms)
			RebuildScriptCaches (30ms)
			SetupLoadedEditorAssemblies (708ms)
				LogAssemblyErrors (0ms)
				InitializePlatformSupportModulesInManaged (8ms)
				SetLoadedEditorAssemblies (0ms)
				RefreshPlugins (1ms)
				BeforeProcessingInitializeOnLoad (43ms)
				ProcessInitializeOnLoadAttributes (626ms)
				ProcessInitializeOnLoadMethodAttributes (27ms)
				AfterProcessingInitializeOnLoad (3ms)
				EditorAssembliesLoaded (0ms)
			ExecutionOrderSort2 (0ms)
			AwakeInstancesAfterBackupRestoration (3ms)
Platform modules already initialized, skipping
Refreshing native plugins compatible for Editor in 0,71 ms, found 2 plugins.
Preloading 0 native plugins for Editor in 0,00 ms.
Unloading 3980 Unused Serialized files (Serialized files now loaded: 0)
Unloading 55 unused Assets / (60,4 KB). Loaded Objects now: 4573.
Memory consumption went from 138,0 MB to 137,9 MB.
Total: 15,451136 ms (FindLiveObjects: 0,227963 ms CreateObjectMapping: 0,110249 ms MarkObjects: 15,005209 ms  DeleteObjects: 0,106710 ms)

AssetImportParameters requested are different than current active one (requested -> active):
  custom:video-decoder-ogg-theora: a1e56fd34408186e4bbccfd4996cb3dc -> 
  custom:container-muxer-webm: aa71ff27fc2769a1b78a27578f13a17b -> 
  custom:container-demuxer-webm: 4f35f7cbe854078d1ac9338744f61a02 -> 
  custom:video-encoder-webm-vp8: eb34c28f22e8b96e1ab97ce403110664 -> 
  custom:CustomObjectIndexerAttribute: bc11b3a6c3213fcdd17b65e7da85e133 -> 
  custom:audio-encoder-webm-vorbis: bf7c407c2cedff20999df2af8eb42d56 -> 
  custom:SearchIndexIgnoredProperties: e643bd26f0fe6173181afceb89e7c659 -> 
  custom:container-demuxer-ogg: 62fdf1f143b41e24485cea50d1cbac27 -> 
  custom:video-decoder-webm-vp8: 9c59270c3fd7afecdb556c50c9e8de78 -> 
  custom:audio-decoder-ogg-vorbis: bf7c407c2cedff20999df2af8eb42d56 -> 
========================================================================
Received Prepare
Registering precompiled user dll's ...
Registered in 0,002234 seconds.
Begin MonoManager ReloadAssembly
Native extension for LinuxStandalone target not found
Refreshing native plugins compatible for Editor in 0,91 ms, found 2 plugins.
Preloading 0 native plugins for Editor in 0,00 ms.
[Package Manager] Server::EnsureServerProcessIsRunning -- launch failed, reason: Unity was launched with the -noUpm command-line argument
[Package Manager] Cannot connect to Unity Package Manager local server
System.Exception: Error! Visual Scripting: couldn't find visual scripting package
  at Unity.VisualScripting.PackageVersionUtility.get_version () [0x00043] in /home/hmcelik/Desktop/My project/Library/PackageCache/com.unity.visualscripting@1.9.4/Editor/VisualScripting.Core/Utilities/PackageVersionUtility.cs:31 
  at Unity.VisualScripting.BoltCoreManifest.get_version () [0x00000] in /home/hmcelik/Desktop/My project/Library/PackageCache/com.unity.visualscripting@1.9.4/Editor/VisualScripting.Core/Plugin/BoltCoreManifest.cs:11 
  at Unity.VisualScripting.PluginManifest.get_currentVersion () [0x00000] in /home/hmcelik/Desktop/My project/Library/PackageCache/com.unity.visualscripting@1.9.4/Editor/VisualScripting.Core/Plugins/PluginManifest.cs:33 
  at Unity.VisualScripting.PluginManifest.get_versionMismatch () [0x00000] in /home/hmcelik/Desktop/My project/Library/PackageCache/com.unity.visualscripting@1.9.4/Editor/VisualScripting.Core/Plugins/PluginManifest.cs:48 
  at Unity.VisualScripting.PluginContainer.Initialize () [0x00525] in /home/hmcelik/Desktop/My project/Library/PackageCache/com.unity.visualscripting@1.9.4/Editor/VisualScripting.Core/Plugins/PluginContainer.cs:208 
  at Unity.VisualScripting.PluginContainer.InitializeOnLoad () [0x00009] in /home/hmcelik/Desktop/My project/Library/PackageCache/com.unity.visualscripting@1.9.4/Editor/VisualScripting.Core/Plugins/PluginContainer.cs:32 
  at Unity.VisualScripting.VSUsageUtility.DoInitializeOnLoadCalls () [0x00034] in /home/hmcelik/Desktop/My project/Library/PackageCache/com.unity.visualscripting@1.9.4/Editor/VisualScripting.Core/Utilities/VSUsageUtility.cs:76 
  at Unity.VisualScripting.VSUsageUtility.set_isVisualScriptingUsed (System.Boolean value) [0x0002c] in /home/hmcelik/Desktop/My project/Library/PackageCache/com.unity.visualscripting@1.9.4/Editor/VisualScripting.Core/Utilities/VSUsageUtility.cs:114 
  at Unity.VisualScripting.VSUsageUtility.CheckAndSetIsVisualScriptingUsed () [0x0000d] in /home/hmcelik/Desktop/My project/Library/PackageCache/com.unity.visualscripting@1.9.4/Editor/VisualScripting.Core/Utilities/VSUsageUtility.cs:33 
  at Unity.VisualScripting.VSUsageUtility..cctor () [0x00000] in /home/hmcelik/Desktop/My project/Library/PackageCache/com.unity.visualscripting@1.9.4/Editor/VisualScripting.Core/Utilities/VSUsageUtility.cs:22 
UnityEngine.StackTraceUtility:ExtractStackTrace () (at /home/bokken/build/output/unity/unity/Runtime/Export/Scripting/StackTrace.cs:37)
UnityEngine.DebugLogHandler:LogFormat (UnityEngine.LogType,UnityEngine.Object,string,object[])
UnityEngine.Logger:Log (UnityEngine.LogType,object)
UnityEngine.Debug:LogError (object)
UnityEditor.EditorAssemblies:ProcessInitializeOnLoadAttributes (System.Type[]) (at /home/bokken/build/output/unity/unity/Editor/Mono/EditorAssemblies.cs:134)

(Filename: /home/bokken/build/output/unity/unity/Editor/Mono/EditorAssemblies.cs Line: 134)

Mono: successfully reloaded assembly
- Completed reload, in  1,372 seconds
Domain Reload Profiling:
	ReloadAssembly (1373ms)
		BeginReloadAssembly (109ms)
			ExecutionOrderSort (0ms)
			DisableScriptedObjects (4ms)
			BackupInstance (0ms)
			ReleaseScriptingObjects (0ms)
			CreateAndSetChildDomain (37ms)
		EndReloadAssembly (1197ms)
			LoadAssemblies (41ms)
			RebuildTransferFunctionScriptingTraits (0ms)
			SetupTypeCache (228ms)
			ReleaseScriptCaches (1ms)
			RebuildScriptCaches (30ms)
			SetupLoadedEditorAssemblies (718ms)
				LogAssemblyErrors (0ms)
				InitializePlatformSupportModulesInManaged (11ms)
				SetLoadedEditorAssemblies (0ms)
				RefreshPlugins (1ms)
				BeforeProcessingInitializeOnLoad (47ms)
				ProcessInitializeOnLoadAttributes (629ms)
				ProcessInitializeOnLoadMethodAttributes (27ms)
				AfterProcessingInitializeOnLoad (3ms)
				EditorAssembliesLoaded (0ms)
			ExecutionOrderSort2 (0ms)
			AwakeInstancesAfterBackupRestoration (3ms)
Platform modules already initialized, skipping
Refreshing native plugins compatible for Editor in 0,78 ms, found 2 plugins.
Preloading 0 native plugins for Editor in 0,00 ms.
Unloading 3980 Unused Serialized files (Serialized files now loaded: 0)
Unloading 55 unused Assets / (46,6 KB). Loaded Objects now: 4577.
Memory consumption went from 138,0 MB to 137,9 MB.
Total: 10,493859 ms (FindLiveObjects: 0,199244 ms CreateObjectMapping: 0,096429 ms MarkObjects: 10,095940 ms  DeleteObjects: 0,101288 ms)

AssetImportParameters requested are different than current active one (requested -> active):
  custom:video-decoder-ogg-theora: a1e56fd34408186e4bbccfd4996cb3dc -> 
  custom:container-muxer-webm: aa71ff27fc2769a1b78a27578f13a17b -> 
  custom:container-demuxer-webm: 4f35f7cbe854078d1ac9338744f61a02 -> 
  custom:video-encoder-webm-vp8: eb34c28f22e8b96e1ab97ce403110664 -> 
  custom:CustomObjectIndexerAttribute: bc11b3a6c3213fcdd17b65e7da85e133 -> 
  custom:audio-encoder-webm-vorbis: bf7c407c2cedff20999df2af8eb42d56 -> 
  custom:SearchIndexIgnoredProperties: e643bd26f0fe6173181afceb89e7c659 -> 
  custom:container-demuxer-ogg: 62fdf1f143b41e24485cea50d1cbac27 -> 
  custom:video-decoder-webm-vp8: 9c59270c3fd7afecdb556c50c9e8de78 -> 
  custom:audio-decoder-ogg-vorbis: bf7c407c2cedff20999df2af8eb42d56 -> 
========================================================================
Received Prepare
Registering precompiled user dll's ...
Registered in 0,001796 seconds.
Begin MonoManager ReloadAssembly
Native extension for LinuxStandalone target not found
Refreshing native plugins compatible for Editor in 0,67 ms, found 2 plugins.
Preloading 0 native plugins for Editor in 0,00 ms.
[Package Manager] Server::EnsureServerProcessIsRunning -- launch failed, reason: Unity was launched with the -noUpm command-line argument
[Package Manager] Cannot connect to Unity Package Manager local server
System.Exception: Error! Visual Scripting: couldn't find visual scripting package
  at Unity.VisualScripting.PackageVersionUtility.get_version () [0x00043] in /home/hmcelik/Desktop/My project/Library/PackageCache/com.unity.visualscripting@1.9.4/Editor/VisualScripting.Core/Utilities/PackageVersionUtility.cs:31 
  at Unity.VisualScripting.BoltCoreManifest.get_version () [0x00000] in /home/hmcelik/Desktop/My project/Library/PackageCache/com.unity.visualscripting@1.9.4/Editor/VisualScripting.Core/Plugin/BoltCoreManifest.cs:11 
  at Unity.VisualScripting.PluginManifest.get_currentVersion () [0x00000] in /home/hmcelik/Desktop/My project/Library/PackageCache/com.unity.visualscripting@1.9.4/Editor/VisualScripting.Core/Plugins/PluginManifest.cs:33 
  at Unity.VisualScripting.PluginManifest.get_versionMismatch () [0x00000] in /home/hmcelik/Desktop/My project/Library/PackageCache/com.unity.visualscripting@1.9.4/Editor/VisualScripting.Core/Plugins/PluginManifest.cs:48 
  at Unity.VisualScripting.PluginContainer.Initialize () [0x00525] in /home/hmcelik/Desktop/My project/Library/PackageCache/com.unity.visualscripting@1.9.4/Editor/VisualScripting.Core/Plugins/PluginContainer.cs:208 
  at Unity.VisualScripting.PluginContainer.InitializeOnLoad () [0x00009] in /home/hmcelik/Desktop/My project/Library/PackageCache/com.unity.visualscripting@1.9.4/Editor/VisualScripting.Core/Plugins/PluginContainer.cs:32 
  at Unity.VisualScripting.VSUsageUtility.DoInitializeOnLoadCalls () [0x00034] in /home/hmcelik/Desktop/My project/Library/PackageCache/com.unity.visualscripting@1.9.4/Editor/VisualScripting.Core/Utilities/VSUsageUtility.cs:76 
  at Unity.VisualScripting.VSUsageUtility.set_isVisualScriptingUsed (System.Boolean value) [0x0002c] in /home/hmcelik/Desktop/My project/Library/PackageCache/com.unity.visualscripting@1.9.4/Editor/VisualScripting.Core/Utilities/VSUsageUtility.cs:114 
  at Unity.VisualScripting.VSUsageUtility.CheckAndSetIsVisualScriptingUsed () [0x0000d] in /home/hmcelik/Desktop/My project/Library/PackageCache/com.unity.visualscripting@1.9.4/Editor/VisualScripting.Core/Utilities/VSUsageUtility.cs:33 
  at Unity.VisualScripting.VSUsageUtility..cctor () [0x00000] in /home/hmcelik/Desktop/My project/Library/PackageCache/com.unity.visualscripting@1.9.4/Editor/VisualScripting.Core/Utilities/VSUsageUtility.cs:22 
UnityEngine.StackTraceUtility:ExtractStackTrace () (at /home/bokken/build/output/unity/unity/Runtime/Export/Scripting/StackTrace.cs:37)
UnityEngine.DebugLogHandler:LogFormat (UnityEngine.LogType,UnityEngine.Object,string,object[])
UnityEngine.Logger:Log (UnityEngine.LogType,object)
UnityEngine.Debug:LogError (object)
UnityEditor.EditorAssemblies:ProcessInitializeOnLoadAttributes (System.Type[]) (at /home/bokken/build/output/unity/unity/Editor/Mono/EditorAssemblies.cs:134)

(Filename: /home/bokken/build/output/unity/unity/Editor/Mono/EditorAssemblies.cs Line: 134)

Mono: successfully reloaded assembly
- Completed reload, in  1,336 seconds
Domain Reload Profiling:
	ReloadAssembly (1337ms)
		BeginReloadAssembly (111ms)
			ExecutionOrderSort (0ms)
			DisableScriptedObjects (4ms)
			BackupInstance (0ms)
			ReleaseScriptingObjects (0ms)
			CreateAndSetChildDomain (36ms)
		EndReloadAssembly (1160ms)
			LoadAssemblies (44ms)
			RebuildTransferFunctionScriptingTraits (0ms)
			SetupTypeCache (231ms)
			ReleaseScriptCaches (1ms)
			RebuildScriptCaches (29ms)
			SetupLoadedEditorAssemblies (705ms)
				LogAssemblyErrors (0ms)
				InitializePlatformSupportModulesInManaged (11ms)
				SetLoadedEditorAssemblies (0ms)
				RefreshPlugins (1ms)
				BeforeProcessingInitializeOnLoad (45ms)
				ProcessInitializeOnLoadAttributes (619ms)
				ProcessInitializeOnLoadMethodAttributes (27ms)
				AfterProcessingInitializeOnLoad (3ms)
				EditorAssembliesLoaded (0ms)
			ExecutionOrderSort2 (0ms)
			AwakeInstancesAfterBackupRestoration (3ms)
Platform modules already initialized, skipping
Refreshing native plugins compatible for Editor in 0,80 ms, found 2 plugins.
Preloading 0 native plugins for Editor in 0,00 ms.
Unloading 3980 Unused Serialized files (Serialized files now loaded: 0)
Unloading 55 unused Assets / (60,5 KB). Loaded Objects now: 4581.
Memory consumption went from 138,0 MB to 137,9 MB.
Total: 18,227010 ms (FindLiveObjects: 0,243317 ms CreateObjectMapping: 0,118401 ms MarkObjects: 17,739979 ms  DeleteObjects: 0,124005 ms)

AssetImportParameters requested are different than current active one (requested -> active):
  custom:video-decoder-ogg-theora: a1e56fd34408186e4bbccfd4996cb3dc -> 
  custom:container-muxer-webm: aa71ff27fc2769a1b78a27578f13a17b -> 
  custom:container-demuxer-webm: 4f35f7cbe854078d1ac9338744f61a02 -> 
  custom:video-encoder-webm-vp8: eb34c28f22e8b96e1ab97ce403110664 -> 
  custom:CustomObjectIndexerAttribute: bc11b3a6c3213fcdd17b65e7da85e133 -> 
  custom:audio-encoder-webm-vorbis: bf7c407c2cedff20999df2af8eb42d56 -> 
  custom:SearchIndexIgnoredProperties: e643bd26f0fe6173181afceb89e7c659 -> 
  custom:container-demuxer-ogg: 62fdf1f143b41e24485cea50d1cbac27 -> 
  custom:video-decoder-webm-vp8: 9c59270c3fd7afecdb556c50c9e8de78 -> 
  custom:audio-decoder-ogg-vorbis: bf7c407c2cedff20999df2af8eb42d56 -> 
========================================================================
Received Prepare
Registering precompiled user dll's ...
Registered in 0,002008 seconds.
Begin MonoManager ReloadAssembly
Native extension for LinuxStandalone target not found
Refreshing native plugins compatible for Editor in 0,68 ms, found 2 plugins.
Preloading 0 native plugins for Editor in 0,00 ms.
[Package Manager] Server::EnsureServerProcessIsRunning -- launch failed, reason: Unity was launched with the -noUpm command-line argument
[Package Manager] Cannot connect to Unity Package Manager local server
System.Exception: Error! Visual Scripting: couldn't find visual scripting package
  at Unity.VisualScripting.PackageVersionUtility.get_version () [0x00043] in /home/hmcelik/Desktop/My project/Library/PackageCache/com.unity.visualscripting@1.9.4/Editor/VisualScripting.Core/Utilities/PackageVersionUtility.cs:31 
  at Unity.VisualScripting.BoltCoreManifest.get_version () [0x00000] in /home/hmcelik/Desktop/My project/Library/PackageCache/com.unity.visualscripting@1.9.4/Editor/VisualScripting.Core/Plugin/BoltCoreManifest.cs:11 
  at Unity.VisualScripting.PluginManifest.get_currentVersion () [0x00000] in /home/hmcelik/Desktop/My project/Library/PackageCache/com.unity.visualscripting@1.9.4/Editor/VisualScripting.Core/Plugins/PluginManifest.cs:33 
  at Unity.VisualScripting.PluginManifest.get_versionMismatch () [0x00000] in /home/hmcelik/Desktop/My project/Library/PackageCache/com.unity.visualscripting@1.9.4/Editor/VisualScripting.Core/Plugins/PluginManifest.cs:48 
  at Unity.VisualScripting.PluginContainer.Initialize () [0x00525] in /home/hmcelik/Desktop/My project/Library/PackageCache/com.unity.visualscripting@1.9.4/Editor/VisualScripting.Core/Plugins/PluginContainer.cs:208 
  at Unity.VisualScripting.PluginContainer.InitializeOnLoad () [0x00009] in /home/hmcelik/Desktop/My project/Library/PackageCache/com.unity.visualscripting@1.9.4/Editor/VisualScripting.Core/Plugins/PluginContainer.cs:32 
  at Unity.VisualScripting.VSUsageUtility.DoInitializeOnLoadCalls () [0x00034] in /home/hmcelik/Desktop/My project/Library/PackageCache/com.unity.visualscripting@1.9.4/Editor/VisualScripting.Core/Utilities/VSUsageUtility.cs:76 
  at Unity.VisualScripting.VSUsageUtility.set_isVisualScriptingUsed (System.Boolean value) [0x0002c] in /home/hmcelik/Desktop/My project/Library/PackageCache/com.unity.visualscripting@1.9.4/Editor/VisualScripting.Core/Utilities/VSUsageUtility.cs:114 
  at Unity.VisualScripting.VSUsageUtility.CheckAndSetIsVisualScriptingUsed () [0x0000d] in /home/hmcelik/Desktop/My project/Library/PackageCache/com.unity.visualscripting@1.9.4/Editor/VisualScripting.Core/Utilities/VSUsageUtility.cs:33 
  at Unity.VisualScripting.VSUsageUtility..cctor () [0x00000] in /home/hmcelik/Desktop/My project/Library/PackageCache/com.unity.visualscripting@1.9.4/Editor/VisualScripting.Core/Utilities/VSUsageUtility.cs:22 
UnityEngine.StackTraceUtility:ExtractStackTrace () (at /home/bokken/build/output/unity/unity/Runtime/Export/Scripting/StackTrace.cs:37)
UnityEngine.DebugLogHandler:LogFormat (UnityEngine.LogType,UnityEngine.Object,string,object[])
UnityEngine.Logger:Log (UnityEngine.LogType,object)
UnityEngine.Debug:LogError (object)
UnityEditor.EditorAssemblies:ProcessInitializeOnLoadAttributes (System.Type[]) (at /home/bokken/build/output/unity/unity/Editor/Mono/EditorAssemblies.cs:134)

(Filename: /home/bokken/build/output/unity/unity/Editor/Mono/EditorAssemblies.cs Line: 134)

Mono: successfully reloaded assembly
- Completed reload, in  1,292 seconds
Domain Reload Profiling:
	ReloadAssembly (1292ms)
		BeginReloadAssembly (108ms)
			ExecutionOrderSort (0ms)
			DisableScriptedObjects (4ms)
			BackupInstance (0ms)
			ReleaseScriptingObjects (0ms)
			CreateAndSetChildDomain (37ms)
		EndReloadAssembly (1119ms)
			LoadAssemblies (43ms)
			RebuildTransferFunctionScriptingTraits (0ms)
			SetupTypeCache (208ms)
			ReleaseScriptCaches (1ms)
			RebuildScriptCaches (31ms)
			SetupLoadedEditorAssemblies (678ms)
				LogAssemblyErrors (0ms)
				InitializePlatformSupportModulesInManaged (9ms)
				SetLoadedEditorAssemblies (0ms)
				RefreshPlugins (1ms)
				BeforeProcessingInitializeOnLoad (41ms)
				ProcessInitializeOnLoadAttributes (600ms)
				ProcessInitializeOnLoadMethodAttributes (25ms)
				AfterProcessingInitializeOnLoad (3ms)
				EditorAssembliesLoaded (0ms)
			ExecutionOrderSort2 (0ms)
			AwakeInstancesAfterBackupRestoration (3ms)
Platform modules already initialized, skipping
Refreshing native plugins compatible for Editor in 1,02 ms, found 2 plugins.
Preloading 0 native plugins for Editor in 0,00 ms.
Unloading 3980 Unused Serialized files (Serialized files now loaded: 0)
Unloading 55 unused Assets / (60,4 KB). Loaded Objects now: 4585.
Memory consumption went from 138,0 MB to 137,9 MB.
Total: 13,243736 ms (FindLiveObjects: 0,589186 ms CreateObjectMapping: 0,245590 ms MarkObjects: 12,263858 ms  DeleteObjects: 0,143253 ms)

AssetImportParameters requested are different than current active one (requested -> active):
  custom:video-decoder-ogg-theora: a1e56fd34408186e4bbccfd4996cb3dc -> 
  custom:container-muxer-webm: aa71ff27fc2769a1b78a27578f13a17b -> 
  custom:container-demuxer-webm: 4f35f7cbe854078d1ac9338744f61a02 -> 
  custom:video-encoder-webm-vp8: eb34c28f22e8b96e1ab97ce403110664 -> 
  custom:CustomObjectIndexerAttribute: bc11b3a6c3213fcdd17b65e7da85e133 -> 
  custom:audio-encoder-webm-vorbis: bf7c407c2cedff20999df2af8eb42d56 -> 
  custom:SearchIndexIgnoredProperties: e643bd26f0fe6173181afceb89e7c659 -> 
  custom:container-demuxer-ogg: 62fdf1f143b41e24485cea50d1cbac27 -> 
  custom:video-decoder-webm-vp8: 9c59270c3fd7afecdb556c50c9e8de78 -> 
  custom:audio-decoder-ogg-vorbis: bf7c407c2cedff20999df2af8eb42d56 -> 
========================================================================
Received Prepare
Registering precompiled user dll's ...
Registered in 0,002167 seconds.
Begin MonoManager ReloadAssembly
Native extension for LinuxStandalone target not found
Refreshing native plugins compatible for Editor in 0,70 ms, found 2 plugins.
Preloading 0 native plugins for Editor in 0,00 ms.
[Package Manager] Server::EnsureServerProcessIsRunning -- launch failed, reason: Unity was launched with the -noUpm command-line argument
[Package Manager] Cannot connect to Unity Package Manager local server
System.Exception: Error! Visual Scripting: couldn't find visual scripting package
  at Unity.VisualScripting.PackageVersionUtility.get_version () [0x00043] in /home/hmcelik/Desktop/My project/Library/PackageCache/com.unity.visualscripting@1.9.4/Editor/VisualScripting.Core/Utilities/PackageVersionUtility.cs:31 
  at Unity.VisualScripting.BoltCoreManifest.get_version () [0x00000] in /home/hmcelik/Desktop/My project/Library/PackageCache/com.unity.visualscripting@1.9.4/Editor/VisualScripting.Core/Plugin/BoltCoreManifest.cs:11 
  at Unity.VisualScripting.PluginManifest.get_currentVersion () [0x00000] in /home/hmcelik/Desktop/My project/Library/PackageCache/com.unity.visualscripting@1.9.4/Editor/VisualScripting.Core/Plugins/PluginManifest.cs:33 
  at Unity.VisualScripting.PluginManifest.get_versionMismatch () [0x00000] in /home/hmcelik/Desktop/My project/Library/PackageCache/com.unity.visualscripting@1.9.4/Editor/VisualScripting.Core/Plugins/PluginManifest.cs:48 
  at Unity.VisualScripting.PluginContainer.Initialize () [0x00525] in /home/hmcelik/Desktop/My project/Library/PackageCache/com.unity.visualscripting@1.9.4/Editor/VisualScripting.Core/Plugins/PluginContainer.cs:208 
  at Unity.VisualScripting.PluginContainer.InitializeOnLoad () [0x00009] in /home/hmcelik/Desktop/My project/Library/PackageCache/com.unity.visualscripting@1.9.4/Editor/VisualScripting.Core/Plugins/PluginContainer.cs:32 
  at Unity.VisualScripting.VSUsageUtility.DoInitializeOnLoadCalls () [0x00034] in /home/hmcelik/Desktop/My project/Library/PackageCache/com.unity.visualscripting@1.9.4/Editor/VisualScripting.Core/Utilities/VSUsageUtility.cs:76 
  at Unity.VisualScripting.VSUsageUtility.set_isVisualScriptingUsed (System.Boolean value) [0x0002c] in /home/hmcelik/Desktop/My project/Library/PackageCache/com.unity.visualscripting@1.9.4/Editor/VisualScripting.Core/Utilities/VSUsageUtility.cs:114 
  at Unity.VisualScripting.VSUsageUtility.CheckAndSetIsVisualScriptingUsed () [0x0000d] in /home/hmcelik/Desktop/My project/Library/PackageCache/com.unity.visualscripting@1.9.4/Editor/VisualScripting.Core/Utilities/VSUsageUtility.cs:33 
  at Unity.VisualScripting.VSUsageUtility..cctor () [0x00000] in /home/hmcelik/Desktop/My project/Library/PackageCache/com.unity.visualscripting@1.9.4/Editor/VisualScripting.Core/Utilities/VSUsageUtility.cs:22 
UnityEngine.StackTraceUtility:ExtractStackTrace () (at /home/bokken/build/output/unity/unity/Runtime/Export/Scripting/StackTrace.cs:37)
UnityEngine.DebugLogHandler:LogFormat (UnityEngine.LogType,UnityEngine.Object,string,object[])
UnityEngine.Logger:Log (UnityEngine.LogType,object)
UnityEngine.Debug:LogError (object)
UnityEditor.EditorAssemblies:ProcessInitializeOnLoadAttributes (System.Type[]) (at /home/bokken/build/output/unity/unity/Editor/Mono/EditorAssemblies.cs:134)

(Filename: /home/bokken/build/output/unity/unity/Editor/Mono/EditorAssemblies.cs Line: 134)

Mono: successfully reloaded assembly
- Completed reload, in  1,349 seconds
Domain Reload Profiling:
	ReloadAssembly (1349ms)
		BeginReloadAssembly (108ms)
			ExecutionOrderSort (0ms)
			DisableScriptedObjects (4ms)
			BackupInstance (0ms)
			ReleaseScriptingObjects (0ms)
			CreateAndSetChildDomain (37ms)
		EndReloadAssembly (1175ms)
			LoadAssemblies (42ms)
			RebuildTransferFunctionScriptingTraits (0ms)
			SetupTypeCache (230ms)
			ReleaseScriptCaches (1ms)
			RebuildScriptCaches (29ms)
			SetupLoadedEditorAssemblies (713ms)
				LogAssemblyErrors (0ms)
				InitializePlatformSupportModulesInManaged (12ms)
				SetLoadedEditorAssemblies (0ms)
				RefreshPlugins (1ms)
				BeforeProcessingInitializeOnLoad (47ms)
				ProcessInitializeOnLoadAttributes (624ms)
				ProcessInitializeOnLoadMethodAttributes (26ms)
				AfterProcessingInitializeOnLoad (3ms)
				EditorAssembliesLoaded (0ms)
			ExecutionOrderSort2 (0ms)
			AwakeInstancesAfterBackupRestoration (3ms)
Platform modules already initialized, skipping
Refreshing native plugins compatible for Editor in 1,09 ms, found 2 plugins.
Preloading 0 native plugins for Editor in 0,00 ms.
Unloading 3980 Unused Serialized files (Serialized files now loaded: 0)
Unloading 55 unused Assets / (60,4 KB). Loaded Objects now: 4589.
Memory consumption went from 138,0 MB to 138,0 MB.
Total: 16,443155 ms (FindLiveObjects: 0,284184 ms CreateObjectMapping: 0,113659 ms MarkObjects: 15,919198 ms  DeleteObjects: 0,125249 ms)

AssetImportParameters requested are different than current active one (requested -> active):
  custom:video-decoder-ogg-theora: a1e56fd34408186e4bbccfd4996cb3dc -> 
  custom:container-muxer-webm: aa71ff27fc2769a1b78a27578f13a17b -> 
  custom:container-demuxer-webm: 4f35f7cbe854078d1ac9338744f61a02 -> 
  custom:video-encoder-webm-vp8: eb34c28f22e8b96e1ab97ce403110664 -> 
  custom:CustomObjectIndexerAttribute: bc11b3a6c3213fcdd17b65e7da85e133 -> 
  custom:audio-encoder-webm-vorbis: bf7c407c2cedff20999df2af8eb42d56 -> 
  custom:SearchIndexIgnoredProperties: e643bd26f0fe6173181afceb89e7c659 -> 
  custom:container-demuxer-ogg: 62fdf1f143b41e24485cea50d1cbac27 -> 
  custom:video-decoder-webm-vp8: 9c59270c3fd7afecdb556c50c9e8de78 -> 
  custom:audio-decoder-ogg-vorbis: bf7c407c2cedff20999df2af8eb42d56 -> 
========================================================================
Received Prepare
Registering precompiled user dll's ...
Registered in 0,002247 seconds.
Begin MonoManager ReloadAssembly
Native extension for LinuxStandalone target not found
Refreshing native plugins compatible for Editor in 0,68 ms, found 2 plugins.
Preloading 0 native plugins for Editor in 0,00 ms.
[Package Manager] Server::EnsureServerProcessIsRunning -- launch failed, reason: Unity was launched with the -noUpm command-line argument
[Package Manager] Cannot connect to Unity Package Manager local server
System.Exception: Error! Visual Scripting: couldn't find visual scripting package
  at Unity.VisualScripting.PackageVersionUtility.get_version () [0x00043] in /home/hmcelik/Desktop/My project/Library/PackageCache/com.unity.visualscripting@1.9.4/Editor/VisualScripting.Core/Utilities/PackageVersionUtility.cs:31 
  at Unity.VisualScripting.BoltCoreManifest.get_version () [0x00000] in /home/hmcelik/Desktop/My project/Library/PackageCache/com.unity.visualscripting@1.9.4/Editor/VisualScripting.Core/Plugin/BoltCoreManifest.cs:11 
  at Unity.VisualScripting.PluginManifest.get_currentVersion () [0x00000] in /home/hmcelik/Desktop/My project/Library/PackageCache/com.unity.visualscripting@1.9.4/Editor/VisualScripting.Core/Plugins/PluginManifest.cs:33 
  at Unity.VisualScripting.PluginManifest.get_versionMismatch () [0x00000] in /home/hmcelik/Desktop/My project/Library/PackageCache/com.unity.visualscripting@1.9.4/Editor/VisualScripting.Core/Plugins/PluginManifest.cs:48 
  at Unity.VisualScripting.PluginContainer.Initialize () [0x00525] in /home/hmcelik/Desktop/My project/Library/PackageCache/com.unity.visualscripting@1.9.4/Editor/VisualScripting.Core/Plugins/PluginContainer.cs:208 
  at Unity.VisualScripting.PluginContainer.InitializeOnLoad () [0x00009] in /home/hmcelik/Desktop/My project/Library/PackageCache/com.unity.visualscripting@1.9.4/Editor/VisualScripting.Core/Plugins/PluginContainer.cs:32 
  at Unity.VisualScripting.VSUsageUtility.DoInitializeOnLoadCalls () [0x00034] in /home/hmcelik/Desktop/My project/Library/PackageCache/com.unity.visualscripting@1.9.4/Editor/VisualScripting.Core/Utilities/VSUsageUtility.cs:76 
  at Unity.VisualScripting.VSUsageUtility.set_isVisualScriptingUsed (System.Boolean value) [0x0002c] in /home/hmcelik/Desktop/My project/Library/PackageCache/com.unity.visualscripting@1.9.4/Editor/VisualScripting.Core/Utilities/VSUsageUtility.cs:114 
  at Unity.VisualScripting.VSUsageUtility.CheckAndSetIsVisualScriptingUsed () [0x0000d] in /home/hmcelik/Desktop/My project/Library/PackageCache/com.unity.visualscripting@1.9.4/Editor/VisualScripting.Core/Utilities/VSUsageUtility.cs:33 
  at Unity.VisualScripting.VSUsageUtility..cctor () [0x00000] in /home/hmcelik/Desktop/My project/Library/PackageCache/com.unity.visualscripting@1.9.4/Editor/VisualScripting.Core/Utilities/VSUsageUtility.cs:22 
UnityEngine.StackTraceUtility:ExtractStackTrace () (at /home/bokken/build/output/unity/unity/Runtime/Export/Scripting/StackTrace.cs:37)
UnityEngine.DebugLogHandler:LogFormat (UnityEngine.LogType,UnityEngine.Object,string,object[])
UnityEngine.Logger:Log (UnityEngine.LogType,object)
UnityEngine.Debug:LogError (object)
UnityEditor.EditorAssemblies:ProcessInitializeOnLoadAttributes (System.Type[]) (at /home/bokken/build/output/unity/unity/Editor/Mono/EditorAssemblies.cs:134)

(Filename: /home/bokken/build/output/unity/unity/Editor/Mono/EditorAssemblies.cs Line: 134)

Mono: successfully reloaded assembly
- Completed reload, in  1,315 seconds
Domain Reload Profiling:
	ReloadAssembly (1316ms)
		BeginReloadAssembly (110ms)
			ExecutionOrderSort (0ms)
			DisableScriptedObjects (4ms)
			BackupInstance (0ms)
			ReleaseScriptingObjects (0ms)
			CreateAndSetChildDomain (39ms)
		EndReloadAssembly (1142ms)
			LoadAssemblies (43ms)
			RebuildTransferFunctionScriptingTraits (0ms)
			SetupTypeCache (205ms)
			ReleaseScriptCaches (1ms)
			RebuildScriptCaches (30ms)
			SetupLoadedEditorAssemblies (696ms)
				LogAssemblyErrors (0ms)
				InitializePlatformSupportModulesInManaged (9ms)
				SetLoadedEditorAssemblies (0ms)
				RefreshPlugins (1ms)
				BeforeProcessingInitializeOnLoad (43ms)
				ProcessInitializeOnLoadAttributes (611ms)
				ProcessInitializeOnLoadMethodAttributes (27ms)
				AfterProcessingInitializeOnLoad (4ms)
				EditorAssembliesLoaded (0ms)
			ExecutionOrderSort2 (0ms)
			AwakeInstancesAfterBackupRestoration (4ms)
Platform modules already initialized, skipping
Refreshing native plugins compatible for Editor in 1,28 ms, found 2 plugins.
Preloading 0 native plugins for Editor in 0,00 ms.
Unloading 3980 Unused Serialized files (Serialized files now loaded: 0)
Unloading 55 unused Assets / (60,4 KB). Loaded Objects now: 4593.
Memory consumption went from 138,0 MB to 138,0 MB.
Total: 19,042441 ms (FindLiveObjects: 0,287926 ms CreateObjectMapping: 0,136984 ms MarkObjects: 18,483591 ms  DeleteObjects: 0,132442 ms)

AssetImportParameters requested are different than current active one (requested -> active):
  custom:video-decoder-ogg-theora: a1e56fd34408186e4bbccfd4996cb3dc -> 
  custom:container-muxer-webm: aa71ff27fc2769a1b78a27578f13a17b -> 
  custom:container-demuxer-webm: 4f35f7cbe854078d1ac9338744f61a02 -> 
  custom:video-encoder-webm-vp8: eb34c28f22e8b96e1ab97ce403110664 -> 
  custom:CustomObjectIndexerAttribute: bc11b3a6c3213fcdd17b65e7da85e133 -> 
  custom:audio-encoder-webm-vorbis: bf7c407c2cedff20999df2af8eb42d56 -> 
  custom:SearchIndexIgnoredProperties: e643bd26f0fe6173181afceb89e7c659 -> 
  custom:container-demuxer-ogg: 62fdf1f143b41e24485cea50d1cbac27 -> 
  custom:video-decoder-webm-vp8: 9c59270c3fd7afecdb556c50c9e8de78 -> 
  custom:audio-decoder-ogg-vorbis: bf7c407c2cedff20999df2af8eb42d56 -> 
========================================================================
Received Prepare
Registering precompiled user dll's ...
Registered in 0,001803 seconds.
Begin MonoManager ReloadAssembly
Native extension for LinuxStandalone target not found
Refreshing native plugins compatible for Editor in 0,76 ms, found 2 plugins.
Preloading 0 native plugins for Editor in 0,00 ms.
[Package Manager] Server::EnsureServerProcessIsRunning -- launch failed, reason: Unity was launched with the -noUpm command-line argument
[Package Manager] Cannot connect to Unity Package Manager local server
System.Exception: Error! Visual Scripting: couldn't find visual scripting package
  at Unity.VisualScripting.PackageVersionUtility.get_version () [0x00043] in /home/hmcelik/Desktop/My project/Library/PackageCache/com.unity.visualscripting@1.9.4/Editor/VisualScripting.Core/Utilities/PackageVersionUtility.cs:31 
  at Unity.VisualScripting.BoltCoreManifest.get_version () [0x00000] in /home/hmcelik/Desktop/My project/Library/PackageCache/com.unity.visualscripting@1.9.4/Editor/VisualScripting.Core/Plugin/BoltCoreManifest.cs:11 
  at Unity.VisualScripting.PluginManifest.get_currentVersion () [0x00000] in /home/hmcelik/Desktop/My project/Library/PackageCache/com.unity.visualscripting@1.9.4/Editor/VisualScripting.Core/Plugins/PluginManifest.cs:33 
  at Unity.VisualScripting.PluginManifest.get_versionMismatch () [0x00000] in /home/hmcelik/Desktop/My project/Library/PackageCache/com.unity.visualscripting@1.9.4/Editor/VisualScripting.Core/Plugins/PluginManifest.cs:48 
  at Unity.VisualScripting.PluginContainer.Initialize () [0x00525] in /home/hmcelik/Desktop/My project/Library/PackageCache/com.unity.visualscripting@1.9.4/Editor/VisualScripting.Core/Plugins/PluginContainer.cs:208 
  at Unity.VisualScripting.PluginContainer.InitializeOnLoad () [0x00009] in /home/hmcelik/Desktop/My project/Library/PackageCache/com.unity.visualscripting@1.9.4/Editor/VisualScripting.Core/Plugins/PluginContainer.cs:32 
  at Unity.VisualScripting.VSUsageUtility.DoInitializeOnLoadCalls () [0x00034] in /home/hmcelik/Desktop/My project/Library/PackageCache/com.unity.visualscripting@1.9.4/Editor/VisualScripting.Core/Utilities/VSUsageUtility.cs:76 
  at Unity.VisualScripting.VSUsageUtility.set_isVisualScriptingUsed (System.Boolean value) [0x0002c] in /home/hmcelik/Desktop/My project/Library/PackageCache/com.unity.visualscripting@1.9.4/Editor/VisualScripting.Core/Utilities/VSUsageUtility.cs:114 
  at Unity.VisualScripting.VSUsageUtility.CheckAndSetIsVisualScriptingUsed () [0x0000d] in /home/hmcelik/Desktop/My project/Library/PackageCache/com.unity.visualscripting@1.9.4/Editor/VisualScripting.Core/Utilities/VSUsageUtility.cs:33 
  at Unity.VisualScripting.VSUsageUtility..cctor () [0x00000] in /home/hmcelik/Desktop/My project/Library/PackageCache/com.unity.visualscripting@1.9.4/Editor/VisualScripting.Core/Utilities/VSUsageUtility.cs:22 
UnityEngine.StackTraceUtility:ExtractStackTrace () (at /home/bokken/build/output/unity/unity/Runtime/Export/Scripting/StackTrace.cs:37)
UnityEngine.DebugLogHandler:LogFormat (UnityEngine.LogType,UnityEngine.Object,string,object[])
UnityEngine.Logger:Log (UnityEngine.LogType,object)
UnityEngine.Debug:LogError (object)
UnityEditor.EditorAssemblies:ProcessInitializeOnLoadAttributes (System.Type[]) (at /home/bokken/build/output/unity/unity/Editor/Mono/EditorAssemblies.cs:134)

(Filename: /home/bokken/build/output/unity/unity/Editor/Mono/EditorAssemblies.cs Line: 134)

Mono: successfully reloaded assembly
- Completed reload, in  1,359 seconds
Domain Reload Profiling:
	ReloadAssembly (1359ms)
		BeginReloadAssembly (105ms)
			ExecutionOrderSort (0ms)
			DisableScriptedObjects (4ms)
			BackupInstance (0ms)
			ReleaseScriptingObjects (0ms)
			CreateAndSetChildDomain (34ms)
		EndReloadAssembly (1189ms)
			LoadAssemblies (42ms)
			RebuildTransferFunctionScriptingTraits (0ms)
			SetupTypeCache (199ms)
			ReleaseScriptCaches (1ms)
			RebuildScriptCaches (30ms)
			SetupLoadedEditorAssemblies (751ms)
				LogAssemblyErrors (0ms)
				InitializePlatformSupportModulesInManaged (11ms)
				SetLoadedEditorAssemblies (0ms)
				RefreshPlugins (1ms)
				BeforeProcessingInitializeOnLoad (53ms)
				ProcessInitializeOnLoadAttributes (642ms)
				ProcessInitializeOnLoadMethodAttributes (38ms)
				AfterProcessingInitializeOnLoad (5ms)
				EditorAssembliesLoaded (0ms)
			ExecutionOrderSort2 (0ms)
			AwakeInstancesAfterBackupRestoration (5ms)
Platform modules already initialized, skipping
Refreshing native plugins compatible for Editor in 0,89 ms, found 2 plugins.
Preloading 0 native plugins for Editor in 0,00 ms.
Unloading 3980 Unused Serialized files (Serialized files now loaded: 0)
Unloading 55 unused Assets / (60,3 KB). Loaded Objects now: 4597.
Memory consumption went from 138,0 MB to 138,0 MB.
Total: 10,576407 ms (FindLiveObjects: 0,354978 ms CreateObjectMapping: 0,172630 ms MarkObjects: 9,930958 ms  DeleteObjects: 0,116496 ms)

AssetImportParameters requested are different than current active one (requested -> active):
  custom:video-decoder-ogg-theora: a1e56fd34408186e4bbccfd4996cb3dc -> 
  custom:container-muxer-webm: aa71ff27fc2769a1b78a27578f13a17b -> 
  custom:container-demuxer-webm: 4f35f7cbe854078d1ac9338744f61a02 -> 
  custom:video-encoder-webm-vp8: eb34c28f22e8b96e1ab97ce403110664 -> 
  custom:CustomObjectIndexerAttribute: bc11b3a6c3213fcdd17b65e7da85e133 -> 
  custom:audio-encoder-webm-vorbis: bf7c407c2cedff20999df2af8eb42d56 -> 
  custom:SearchIndexIgnoredProperties: e643bd26f0fe6173181afceb89e7c659 -> 
  custom:container-demuxer-ogg: 62fdf1f143b41e24485cea50d1cbac27 -> 
  custom:video-decoder-webm-vp8: 9c59270c3fd7afecdb556c50c9e8de78 -> 
  custom:audio-decoder-ogg-vorbis: bf7c407c2cedff20999df2af8eb42d56 -> 
========================================================================
Received Import Request.
  Time since last request: 8284,884064 seconds.
  path: Assets/LidarScanner.cs
  artifactKey: Guid(42157d2ee78e4e0c8848565d75fd68ba) Importer(815301076,1909f56bfc062723c751e8b465ee728b)
Number of updated assets reloaded before import = 0
Start importing Assets/LidarScanner.cs using Guid(42157d2ee78e4e0c8848565d75fd68ba) Importer(815301076,1909f56bfc062723c751e8b465ee728b)  -> (artifact id: 'a19acc4fc804c912536034f72c24215d') in 0,004382 seconds 
Number of asset objects unloaded after import = 0
========================================================================
Received Prepare
Registering precompiled user dll's ...
Registered in 0,001803 seconds.
Begin MonoManager ReloadAssembly
Native extension for LinuxStandalone target not found
Refreshing native plugins compatible for Editor in 0,71 ms, found 2 plugins.
Preloading 0 native plugins for Editor in 0,00 ms.
[Package Manager] Server::EnsureServerProcessIsRunning -- launch failed, reason: Unity was launched with the -noUpm command-line argument
[Package Manager] Cannot connect to Unity Package Manager local server
System.Exception: Error! Visual Scripting: couldn't find visual scripting package
  at Unity.VisualScripting.PackageVersionUtility.get_version () [0x00043] in /home/hmcelik/Desktop/My project/Library/PackageCache/com.unity.visualscripting@1.9.4/Editor/VisualScripting.Core/Utilities/PackageVersionUtility.cs:31 
  at Unity.VisualScripting.BoltCoreManifest.get_version () [0x00000] in /home/hmcelik/Desktop/My project/Library/PackageCache/com.unity.visualscripting@1.9.4/Editor/VisualScripting.Core/Plugin/BoltCoreManifest.cs:11 
  at Unity.VisualScripting.PluginManifest.get_currentVersion () [0x00000] in /home/hmcelik/Desktop/My project/Library/PackageCache/com.unity.visualscripting@1.9.4/Editor/VisualScripting.Core/Plugins/PluginManifest.cs:33 
  at Unity.VisualScripting.PluginManifest.get_versionMismatch () [0x00000] in /home/hmcelik/Desktop/My project/Library/PackageCache/com.unity.visualscripting@1.9.4/Editor/VisualScripting.Core/Plugins/PluginManifest.cs:48 
  at Unity.VisualScripting.PluginContainer.Initialize () [0x00525] in /home/hmcelik/Desktop/My project/Library/PackageCache/com.unity.visualscripting@1.9.4/Editor/VisualScripting.Core/Plugins/PluginContainer.cs:208 
  at Unity.VisualScripting.PluginContainer.InitializeOnLoad () [0x00009] in /home/hmcelik/Desktop/My project/Library/PackageCache/com.unity.visualscripting@1.9.4/Editor/VisualScripting.Core/Plugins/PluginContainer.cs:32 
  at Unity.VisualScripting.VSUsageUtility.DoInitializeOnLoadCalls () [0x00034] in /home/hmcelik/Desktop/My project/Library/PackageCache/com.unity.visualscripting@1.9.4/Editor/VisualScripting.Core/Utilities/VSUsageUtility.cs:76 
  at Unity.VisualScripting.VSUsageUtility.set_isVisualScriptingUsed (System.Boolean value) [0x0002c] in /home/hmcelik/Desktop/My project/Library/PackageCache/com.unity.visualscripting@1.9.4/Editor/VisualScripting.Core/Utilities/VSUsageUtility.cs:114 
  at Unity.VisualScripting.VSUsageUtility.CheckAndSetIsVisualScriptingUsed () [0x0000d] in /home/hmcelik/Desktop/My project/Library/PackageCache/com.unity.visualscripting@1.9.4/Editor/VisualScripting.Core/Utilities/VSUsageUtility.cs:33 
  at Unity.VisualScripting.VSUsageUtility..cctor () [0x00000] in /home/hmcelik/Desktop/My project/Library/PackageCache/com.unity.visualscripting@1.9.4/Editor/VisualScripting.Core/Utilities/VSUsageUtility.cs:22 
UnityEngine.StackTraceUtility:ExtractStackTrace () (at /home/bokken/build/output/unity/unity/Runtime/Export/Scripting/StackTrace.cs:37)
UnityEngine.DebugLogHandler:LogFormat (UnityEngine.LogType,UnityEngine.Object,string,object[])
UnityEngine.Logger:Log (UnityEngine.LogType,object)
UnityEngine.Debug:LogError (object)
UnityEditor.EditorAssemblies:ProcessInitializeOnLoadAttributes (System.Type[]) (at /home/bokken/build/output/unity/unity/Editor/Mono/EditorAssemblies.cs:134)

(Filename: /home/bokken/build/output/unity/unity/Editor/Mono/EditorAssemblies.cs Line: 134)

Mono: successfully reloaded assembly
- Completed reload, in  1,353 seconds
Domain Reload Profiling:
	ReloadAssembly (1353ms)
		BeginReloadAssembly (111ms)
			ExecutionOrderSort (0ms)
			DisableScriptedObjects (4ms)
			BackupInstance (0ms)
			ReleaseScriptingObjects (0ms)
			CreateAndSetChildDomain (39ms)
		EndReloadAssembly (1176ms)
			LoadAssemblies (44ms)
			RebuildTransferFunctionScriptingTraits (0ms)
			SetupTypeCache (231ms)
			ReleaseScriptCaches (1ms)
			RebuildScriptCaches (29ms)
			SetupLoadedEditorAssemblies (712ms)
				LogAssemblyErrors (0ms)
				InitializePlatformSupportModulesInManaged (10ms)
				SetLoadedEditorAssemblies (0ms)
				RefreshPlugins (1ms)
				BeforeProcessingInitializeOnLoad (43ms)
				ProcessInitializeOnLoadAttributes (631ms)
				ProcessInitializeOnLoadMethodAttributes (24ms)
				AfterProcessingInitializeOnLoad (3ms)
				EditorAssembliesLoaded (0ms)
			ExecutionOrderSort2 (0ms)
			AwakeInstancesAfterBackupRestoration (3ms)
Platform modules already initialized, skipping
Refreshing native plugins compatible for Editor in 1,10 ms, found 2 plugins.
Preloading 0 native plugins for Editor in 0,00 ms.
Unloading 3980 Unused Serialized files (Serialized files now loaded: 0)
Unloading 55 unused Assets / (46,6 KB). Loaded Objects now: 4601.
Memory consumption went from 138,0 MB to 138,0 MB.
Total: 15,062819 ms (FindLiveObjects: 0,250801 ms CreateObjectMapping: 0,133669 ms MarkObjects: 14,573105 ms  DeleteObjects: 0,104101 ms)

AssetImportParameters requested are different than current active one (requested -> active):
  custom:video-decoder-ogg-theora: a1e56fd34408186e4bbccfd4996cb3dc -> 
  custom:container-muxer-webm: aa71ff27fc2769a1b78a27578f13a17b -> 
  custom:container-demuxer-webm: 4f35f7cbe854078d1ac9338744f61a02 -> 
  custom:video-encoder-webm-vp8: eb34c28f22e8b96e1ab97ce403110664 -> 
  custom:CustomObjectIndexerAttribute: bc11b3a6c3213fcdd17b65e7da85e133 -> 
  custom:audio-encoder-webm-vorbis: bf7c407c2cedff20999df2af8eb42d56 -> 
  custom:SearchIndexIgnoredProperties: e643bd26f0fe6173181afceb89e7c659 -> 
  custom:container-demuxer-ogg: 62fdf1f143b41e24485cea50d1cbac27 -> 
  custom:video-decoder-webm-vp8: 9c59270c3fd7afecdb556c50c9e8de78 -> 
  custom:audio-decoder-ogg-vorbis: bf7c407c2cedff20999df2af8eb42d56 -> 
========================================================================
Received Prepare
Registering precompiled user dll's ...
Registered in 0,001921 seconds.
Begin MonoManager ReloadAssembly
Native extension for LinuxStandalone target not found
Refreshing native plugins compatible for Editor in 0,67 ms, found 2 plugins.
Preloading 0 native plugins for Editor in 0,00 ms.
[Package Manager] Server::EnsureServerProcessIsRunning -- launch failed, reason: Unity was launched with the -noUpm command-line argument
[Package Manager] Cannot connect to Unity Package Manager local server
System.Exception: Error! Visual Scripting: couldn't find visual scripting package
  at Unity.VisualScripting.PackageVersionUtility.get_version () [0x00043] in /home/hmcelik/Desktop/My project/Library/PackageCache/com.unity.visualscripting@1.9.4/Editor/VisualScripting.Core/Utilities/PackageVersionUtility.cs:31 
  at Unity.VisualScripting.BoltCoreManifest.get_version () [0x00000] in /home/hmcelik/Desktop/My project/Library/PackageCache/com.unity.visualscripting@1.9.4/Editor/VisualScripting.Core/Plugin/BoltCoreManifest.cs:11 
  at Unity.VisualScripting.PluginManifest.get_currentVersion () [0x00000] in /home/hmcelik/Desktop/My project/Library/PackageCache/com.unity.visualscripting@1.9.4/Editor/VisualScripting.Core/Plugins/PluginManifest.cs:33 
  at Unity.VisualScripting.PluginManifest.get_versionMismatch () [0x00000] in /home/hmcelik/Desktop/My project/Library/PackageCache/com.unity.visualscripting@1.9.4/Editor/VisualScripting.Core/Plugins/PluginManifest.cs:48 
  at Unity.VisualScripting.PluginContainer.Initialize () [0x00525] in /home/hmcelik/Desktop/My project/Library/PackageCache/com.unity.visualscripting@1.9.4/Editor/VisualScripting.Core/Plugins/PluginContainer.cs:208 
  at Unity.VisualScripting.PluginContainer.InitializeOnLoad () [0x00009] in /home/hmcelik/Desktop/My project/Library/PackageCache/com.unity.visualscripting@1.9.4/Editor/VisualScripting.Core/Plugins/PluginContainer.cs:32 
  at Unity.VisualScripting.VSUsageUtility.DoInitializeOnLoadCalls () [0x00034] in /home/hmcelik/Desktop/My project/Library/PackageCache/com.unity.visualscripting@1.9.4/Editor/VisualScripting.Core/Utilities/VSUsageUtility.cs:76 
  at Unity.VisualScripting.VSUsageUtility.set_isVisualScriptingUsed (System.Boolean value) [0x0002c] in /home/hmcelik/Desktop/My project/Library/PackageCache/com.unity.visualscripting@1.9.4/Editor/VisualScripting.Core/Utilities/VSUsageUtility.cs:114 
  at Unity.VisualScripting.VSUsageUtility.CheckAndSetIsVisualScriptingUsed () [0x0000d] in /home/hmcelik/Desktop/My project/Library/PackageCache/com.unity.visualscripting@1.9.4/Editor/VisualScripting.Core/Utilities/VSUsageUtility.cs:33 
  at Unity.VisualScripting.VSUsageUtility..cctor () [0x00000] in /home/hmcelik/Desktop/My project/Library/PackageCache/com.unity.visualscripting@1.9.4/Editor/VisualScripting.Core/Utilities/VSUsageUtility.cs:22 
UnityEngine.StackTraceUtility:ExtractStackTrace () (at /home/bokken/build/output/unity/unity/Runtime/Export/Scripting/StackTrace.cs:37)
UnityEngine.DebugLogHandler:LogFormat (UnityEngine.LogType,UnityEngine.Object,string,object[])
UnityEngine.Logger:Log (UnityEngine.LogType,object)
UnityEngine.Debug:LogError (object)
UnityEditor.EditorAssemblies:ProcessInitializeOnLoadAttributes (System.Type[]) (at /home/bokken/build/output/unity/unity/Editor/Mono/EditorAssemblies.cs:134)

(Filename: /home/bokken/build/output/unity/unity/Editor/Mono/EditorAssemblies.cs Line: 134)

Mono: successfully reloaded assembly
- Completed reload, in  1,346 seconds
Domain Reload Profiling:
	ReloadAssembly (1347ms)
		BeginReloadAssembly (108ms)
			ExecutionOrderSort (0ms)
			DisableScriptedObjects (4ms)
			BackupInstance (0ms)
			ReleaseScriptingObjects (0ms)
			CreateAndSetChildDomain (36ms)
		EndReloadAssembly (1173ms)
			LoadAssemblies (42ms)
			RebuildTransferFunctionScriptingTraits (0ms)
			SetupTypeCache (234ms)
			ReleaseScriptCaches (1ms)
			RebuildScriptCaches (30ms)
			SetupLoadedEditorAssemblies (703ms)
				LogAssemblyErrors (0ms)
				InitializePlatformSupportModulesInManaged (10ms)
				SetLoadedEditorAssemblies (0ms)
				RefreshPlugins (1ms)
				BeforeProcessingInitializeOnLoad (49ms)
				ProcessInitializeOnLoadAttributes (611ms)
				ProcessInitializeOnLoadMethodAttributes (29ms)
				AfterProcessingInitializeOnLoad (3ms)
				EditorAssembliesLoaded (0ms)
			ExecutionOrderSort2 (0ms)
			AwakeInstancesAfterBackupRestoration (3ms)
Platform modules already initialized, skipping
Refreshing native plugins compatible for Editor in 1,13 ms, found 2 plugins.
Preloading 0 native plugins for Editor in 0,00 ms.
Unloading 3980 Unused Serialized files (Serialized files now loaded: 0)
Unloading 55 unused Assets / (60,4 KB). Loaded Objects now: 4605.
Memory consumption went from 138,1 MB to 138,0 MB.
Total: 11,983739 ms (FindLiveObjects: 0,241401 ms CreateObjectMapping: 0,114667 ms MarkObjects: 11,523807 ms  DeleteObjects: 0,102640 ms)

AssetImportParameters requested are different than current active one (requested -> active):
  custom:video-decoder-ogg-theora: a1e56fd34408186e4bbccfd4996cb3dc -> 
  custom:container-muxer-webm: aa71ff27fc2769a1b78a27578f13a17b -> 
  custom:container-demuxer-webm: 4f35f7cbe854078d1ac9338744f61a02 -> 
  custom:video-encoder-webm-vp8: eb34c28f22e8b96e1ab97ce403110664 -> 
  custom:CustomObjectIndexerAttribute: bc11b3a6c3213fcdd17b65e7da85e133 -> 
  custom:audio-encoder-webm-vorbis: bf7c407c2cedff20999df2af8eb42d56 -> 
  custom:SearchIndexIgnoredProperties: e643bd26f0fe6173181afceb89e7c659 -> 
  custom:container-demuxer-ogg: 62fdf1f143b41e24485cea50d1cbac27 -> 
  custom:video-decoder-webm-vp8: 9c59270c3fd7afecdb556c50c9e8de78 -> 
  custom:audio-decoder-ogg-vorbis: bf7c407c2cedff20999df2af8eb42d56 -> 
========================================================================
Received Prepare
Registering precompiled user dll's ...
Registered in 0,001893 seconds.
Begin MonoManager ReloadAssembly
Native extension for LinuxStandalone target not found
Refreshing native plugins compatible for Editor in 1,05 ms, found 2 plugins.
Preloading 0 native plugins for Editor in 0,00 ms.
[Package Manager] Server::EnsureServerProcessIsRunning -- launch failed, reason: Unity was launched with the -noUpm command-line argument
[Package Manager] Cannot connect to Unity Package Manager local server
System.Exception: Error! Visual Scripting: couldn't find visual scripting package
  at Unity.VisualScripting.PackageVersionUtility.get_version () [0x00043] in /home/hmcelik/Desktop/My project/Library/PackageCache/com.unity.visualscripting@1.9.4/Editor/VisualScripting.Core/Utilities/PackageVersionUtility.cs:31 
  at Unity.VisualScripting.BoltCoreManifest.get_version () [0x00000] in /home/hmcelik/Desktop/My project/Library/PackageCache/com.unity.visualscripting@1.9.4/Editor/VisualScripting.Core/Plugin/BoltCoreManifest.cs:11 
  at Unity.VisualScripting.PluginManifest.get_currentVersion () [0x00000] in /home/hmcelik/Desktop/My project/Library/PackageCache/com.unity.visualscripting@1.9.4/Editor/VisualScripting.Core/Plugins/PluginManifest.cs:33 
  at Unity.VisualScripting.PluginManifest.get_versionMismatch () [0x00000] in /home/hmcelik/Desktop/My project/Library/PackageCache/com.unity.visualscripting@1.9.4/Editor/VisualScripting.Core/Plugins/PluginManifest.cs:48 
  at Unity.VisualScripting.PluginContainer.Initialize () [0x00525] in /home/hmcelik/Desktop/My project/Library/PackageCache/com.unity.visualscripting@1.9.4/Editor/VisualScripting.Core/Plugins/PluginContainer.cs:208 
  at Unity.VisualScripting.PluginContainer.InitializeOnLoad () [0x00009] in /home/hmcelik/Desktop/My project/Library/PackageCache/com.unity.visualscripting@1.9.4/Editor/VisualScripting.Core/Plugins/PluginContainer.cs:32 
  at Unity.VisualScripting.VSUsageUtility.DoInitializeOnLoadCalls () [0x00034] in /home/hmcelik/Desktop/My project/Library/PackageCache/com.unity.visualscripting@1.9.4/Editor/VisualScripting.Core/Utilities/VSUsageUtility.cs:76 
  at Unity.VisualScripting.VSUsageUtility.set_isVisualScriptingUsed (System.Boolean value) [0x0002c] in /home/hmcelik/Desktop/My project/Library/PackageCache/com.unity.visualscripting@1.9.4/Editor/VisualScripting.Core/Utilities/VSUsageUtility.cs:114 
  at Unity.VisualScripting.VSUsageUtility.CheckAndSetIsVisualScriptingUsed () [0x0000d] in /home/hmcelik/Desktop/My project/Library/PackageCache/com.unity.visualscripting@1.9.4/Editor/VisualScripting.Core/Utilities/VSUsageUtility.cs:33 
  at Unity.VisualScripting.VSUsageUtility..cctor () [0x00000] in /home/hmcelik/Desktop/My project/Library/PackageCache/com.unity.visualscripting@1.9.4/Editor/VisualScripting.Core/Utilities/VSUsageUtility.cs:22 
UnityEngine.StackTraceUtility:ExtractStackTrace () (at /home/bokken/build/output/unity/unity/Runtime/Export/Scripting/StackTrace.cs:37)
UnityEngine.DebugLogHandler:LogFormat (UnityEngine.LogType,UnityEngine.Object,string,object[])
UnityEngine.Logger:Log (UnityEngine.LogType,object)
UnityEngine.Debug:LogError (object)
UnityEditor.EditorAssemblies:ProcessInitializeOnLoadAttributes (System.Type[]) (at /home/bokken/build/output/unity/unity/Editor/Mono/EditorAssemblies.cs:134)

(Filename: /home/bokken/build/output/unity/unity/Editor/Mono/EditorAssemblies.cs Line: 134)

Mono: successfully reloaded assembly
- Completed reload, in  1,364 seconds
Domain Reload Profiling:
	ReloadAssembly (1365ms)
		BeginReloadAssembly (112ms)
			ExecutionOrderSort (0ms)
			DisableScriptedObjects (4ms)
			BackupInstance (0ms)
			ReleaseScriptingObjects (0ms)
			CreateAndSetChildDomain (39ms)
		EndReloadAssembly (1189ms)
			LoadAssemblies (46ms)
			RebuildTransferFunctionScriptingTraits (0ms)
			SetupTypeCache (232ms)
			ReleaseScriptCaches (1ms)
			RebuildScriptCaches (29ms)
			SetupLoadedEditorAssemblies (715ms)
				LogAssemblyErrors (0ms)
				InitializePlatformSupportModulesInManaged (10ms)
				SetLoadedEditorAssemblies (0ms)
				RefreshPlugins (1ms)
				BeforeProcessingInitializeOnLoad (44ms)
				ProcessInitializeOnLoadAttributes (630ms)
				ProcessInitializeOnLoadMethodAttributes (27ms)
				AfterProcessingInitializeOnLoad (3ms)
				EditorAssembliesLoaded (0ms)
			ExecutionOrderSort2 (0ms)
			AwakeInstancesAfterBackupRestoration (4ms)
Platform modules already initialized, skipping
Refreshing native plugins compatible for Editor in 1,15 ms, found 2 plugins.
Preloading 0 native plugins for Editor in 0,00 ms.
Unloading 3980 Unused Serialized files (Serialized files now loaded: 0)
Unloading 55 unused Assets / (46,6 KB). Loaded Objects now: 4609.
Memory consumption went from 138,1 MB to 138,0 MB.
Total: 12,942534 ms (FindLiveObjects: 0,381279 ms CreateObjectMapping: 0,226989 ms MarkObjects: 12,214635 ms  DeleteObjects: 0,117769 ms)

AssetImportParameters requested are different than current active one (requested -> active):
  custom:video-decoder-ogg-theora: a1e56fd34408186e4bbccfd4996cb3dc -> 
  custom:container-muxer-webm: aa71ff27fc2769a1b78a27578f13a17b -> 
  custom:container-demuxer-webm: 4f35f7cbe854078d1ac9338744f61a02 -> 
  custom:video-encoder-webm-vp8: eb34c28f22e8b96e1ab97ce403110664 -> 
  custom:CustomObjectIndexerAttribute: bc11b3a6c3213fcdd17b65e7da85e133 -> 
  custom:audio-encoder-webm-vorbis: bf7c407c2cedff20999df2af8eb42d56 -> 
  custom:SearchIndexIgnoredProperties: e643bd26f0fe6173181afceb89e7c659 -> 
  custom:container-demuxer-ogg: 62fdf1f143b41e24485cea50d1cbac27 -> 
  custom:video-decoder-webm-vp8: 9c59270c3fd7afecdb556c50c9e8de78 -> 
  custom:audio-decoder-ogg-vorbis: bf7c407c2cedff20999df2af8eb42d56 -> 
========================================================================
Received Import Request.
  Time since last request: 451,797800 seconds.
  path: Assets/TextMesh Pro/Resources/Fonts & Materials/LiberationSans SDF - Fallback.asset
  artifactKey: Guid(2e498d1c8094910479dc3e1b768306a4) Importer(815301076,1909f56bfc062723c751e8b465ee728b)
Number of updated assets reloaded before import = 0
Start importing Assets/TextMesh Pro/Resources/Fonts & Materials/LiberationSans SDF - Fallback.asset using Guid(2e498d1c8094910479dc3e1b768306a4) Importer(815301076,1909f56bfc062723c751e8b465ee728b)  -> (artifact id: '7168519decabe8af6b8d840986609d6d') in 0,137873 seconds 
Number of asset objects unloaded after import = 6
========================================================================
Received Import Request.
  Time since last request: 0,000021 seconds.
  path: Assets/ROS2/Robots/turtlebot3/Materials/light_black.mat
  artifactKey: Guid(4f535935163fb7c43ace9c5532124cd9) Importer(815301076,1909f56bfc062723c751e8b465ee728b)
Number of updated assets reloaded before import = 0
Start importing Assets/ROS2/Robots/turtlebot3/Materials/light_black.mat using Guid(4f535935163fb7c43ace9c5532124cd9) Importer(815301076,1909f56bfc062723c751e8b465ee728b)  -> (artifact id: '3b381ab2c261839cbae17814cb7e2e1c') in 0,220650 seconds 
Number of asset objects unloaded after import = 1
========================================================================
Received Import Request.
  Time since last request: 0,000025 seconds.
  path: Assets/Simple Garage/Models/Longboard.fbx
  artifactKey: Guid(327d01924b7231d47883fe1d588cfbc3) Importer(815301076,1909f56bfc062723c751e8b465ee728b)
Number of updated assets reloaded before import = 0
Start importing Assets/Simple Garage/Models/Longboard.fbx using Guid(327d01924b7231d47883fe1d588cfbc3) Importer(815301076,1909f56bfc062723c751e8b465ee728b)  -> (artifact id: 'ab47fca9eeefd74cfdb11a9e93cf54ad') in 0,538016 seconds 
Number of asset objects unloaded after import = 13
========================================================================
Received Import Request.
  Time since last request: 0,000027 seconds.
  path: Assets/Simple Garage/Models/Large corner shelf.fbx
  artifactKey: Guid(855de4ea21d5fe2428038de2e0d0371f) Importer(815301076,1909f56bfc062723c751e8b465ee728b)
Number of updated assets reloaded before import = 0
Start importing Assets/Simple Garage/Models/Large corner shelf.fbx using Guid(855de4ea21d5fe2428038de2e0d0371f) Importer(815301076,1909f56bfc062723c751e8b465ee728b)  -> (artifact id: '5154bc1a5a220d1f38966e0adcc3d66a') in 0,097211 seconds 
Number of asset objects unloaded after import = 11
========================================================================
Received Import Request.
  Time since last request: 0,000026 seconds.
  path: Assets/Simple Garage/Models/Carpet.fbx
  artifactKey: Guid(62e6a133af26dbf498fed56d24553c84) Importer(815301076,1909f56bfc062723c751e8b465ee728b)
Number of updated assets reloaded before import = 0
Start importing Assets/Simple Garage/Models/Carpet.fbx using Guid(62e6a133af26dbf498fed56d24553c84) Importer(815301076,1909f56bfc062723c751e8b465ee728b)  -> (artifact id: '02286cb1571a37933cda29b505de6f5a') in 0,090924 seconds 
Number of asset objects unloaded after import = 10
========================================================================
Received Import Request.
  Time since last request: 0,001114 seconds.
  path: Assets/Simple Garage/Materials/Locker.white.mat
  artifactKey: Guid(c0f4f06e01447864a8f235142ec5acf8) Importer(815301076,1909f56bfc062723c751e8b465ee728b)
Number of updated assets reloaded before import = 0
Start importing Assets/Simple Garage/Materials/Locker.white.mat using Guid(c0f4f06e01447864a8f235142ec5acf8) Importer(815301076,1909f56bfc062723c751e8b465ee728b)  -> (artifact id: 'd630ad7012c38606ae1aa886dbee2f04') in 0,281849 seconds 
Number of asset objects unloaded after import = 2
========================================================================
Received Import Request.
  Time since last request: 0,000022 seconds.
  path: Assets/Simple Garage/Materials/light emission no.mat
  artifactKey: Guid(9a37adedc100c1749b8f3b355c0eb6a9) Importer(815301076,1909f56bfc062723c751e8b465ee728b)
Number of updated assets reloaded before import = 0
Start importing Assets/Simple Garage/Materials/light emission no.mat using Guid(9a37adedc100c1749b8f3b355c0eb6a9) Importer(815301076,1909f56bfc062723c751e8b465ee728b)  -> (artifact id: '90d33e07d822ff8a0c074511020efcf7') in 0,044490 seconds 
Number of asset objects unloaded after import = 1
========================================================================
Received Import Request.
  Time since last request: 0,000032 seconds.
  path: Assets/Brick Project Studio/Apartment Kit/Common/Materials/Misc/Marble_Dark.mat
  artifactKey: Guid(6d3ba1df7fa074c45b26f73faef7608e) Importer(815301076,1909f56bfc062723c751e8b465ee728b)
Number of updated assets reloaded before import = 0
Start importing Assets/Brick Project Studio/Apartment Kit/Common/Materials/Misc/Marble_Dark.mat using Guid(6d3ba1df7fa074c45b26f73faef7608e) Importer(815301076,1909f56bfc062723c751e8b465ee728b)  -> (artifact id: 'd28ff361831d7d2656eecc7ab95828b4') in 0,310756 seconds 
Number of asset objects unloaded after import = 4
========================================================================
Received Import Request.
  Time since last request: 0,000026 seconds.
  path: Assets/Simple Garage/Materials/Material.006.mat
  artifactKey: Guid(e899254591ac85e4dbf5912d9c85199f) Importer(815301076,1909f56bfc062723c751e8b465ee728b)
Number of updated assets reloaded before import = 0
Start importing Assets/Simple Garage/Materials/Material.006.mat using Guid(e899254591ac85e4dbf5912d9c85199f) Importer(815301076,1909f56bfc062723c751e8b465ee728b)  -> (artifact id: '482bb274817def88d8717d5122012b10') in 0,028583 seconds 
Number of asset objects unloaded after import = 1
========================================================================
Received Import Request.
  Time since last request: 0,000026 seconds.
  path: Assets/Simple Garage/Models/Air conditioner.fbx
  artifactKey: Guid(ff9efb7f0f6706e49a111b5be7d18983) Importer(815301076,1909f56bfc062723c751e8b465ee728b)
Number of updated assets reloaded before import = 0
Start importing Assets/Simple Garage/Models/Air conditioner.fbx using Guid(ff9efb7f0f6706e49a111b5be7d18983) Importer(815301076,1909f56bfc062723c751e8b465ee728b)  -> (artifact id: '81106eeec77c0ca886ef8a3b969bd800') in 0,160840 seconds 
Number of asset objects unloaded after import = 9
========================================================================
Received Import Request.
  Time since last request: 0,003893 seconds.
  path: Assets/Simple Garage/Models/3 shelves.fbx
  artifactKey: Guid(1436e4d03ae5d464aa6a43bf8c6f5743) Importer(815301076,1909f56bfc062723c751e8b465ee728b)
Number of updated assets reloaded before import = 0
Start importing Assets/Simple Garage/Models/3 shelves.fbx using Guid(1436e4d03ae5d464aa6a43bf8c6f5743) Importer(815301076,1909f56bfc062723c751e8b465ee728b)  -> (artifact id: '5390b944a8e3c9d48af000a15f2841b2') in 0,104145 seconds 
Number of asset objects unloaded after import = 11
========================================================================
Received Import Request.
  Time since last request: 0,000025 seconds.
  path: Assets/Simple Garage/Materials/light emission no.001.mat
  artifactKey: Guid(65ec10b3ef35a394c9054456fd386643) Importer(815301076,1909f56bfc062723c751e8b465ee728b)
Number of updated assets reloaded before import = 0
Start importing Assets/Simple Garage/Materials/light emission no.001.mat using Guid(65ec10b3ef35a394c9054456fd386643) Importer(815301076,1909f56bfc062723c751e8b465ee728b)  -> (artifact id: '51198ca7dab33fb6281be127ba7a77f1') in 0,024116 seconds 
Number of asset objects unloaded after import = 1
========================================================================
Received Import Request.
  Time since last request: 0,000021 seconds.
  path: Assets/Simple Garage/Models/Hose.fbx
  artifactKey: Guid(d2743396a59a2dc43baa7a2d5414c1ff) Importer(815301076,1909f56bfc062723c751e8b465ee728b)
Number of updated assets reloaded before import = 0
Start importing Assets/Simple Garage/Models/Hose.fbx using Guid(d2743396a59a2dc43baa7a2d5414c1ff) Importer(815301076,1909f56bfc062723c751e8b465ee728b)  -> (artifact id: '0656a0413983c6cd3f2541ac868d0f37') in 0,070969 seconds 
Number of asset objects unloaded after import = 9
========================================================================
Received Import Request.
  Time since last request: 0,000017 seconds.
  path: Assets/Simple Garage/Materials/Longboard.wheels.001.mat
  artifactKey: Guid(38c856b4ea183a0449a7f01630d0ca78) Importer(815301076,1909f56bfc062723c751e8b465ee728b)
Number of updated assets reloaded before import = 0
Start importing Assets/Simple Garage/Materials/Longboard.wheels.001.mat using Guid(38c856b4ea183a0449a7f01630d0ca78) Importer(815301076,1909f56bfc062723c751e8b465ee728b)  -> (artifact id: '2215fa583e0294b25c851381e0b67097') in 0,015512 seconds 
Number of asset objects unloaded after import = 1
========================================================================
Received Import Request.
  Time since last request: 0,000023 seconds.
  path: Assets/Brick Project Studio/Apartment Kit/Common/Models/Bathroom_Corner_Tiles.fbx
  artifactKey: Guid(d265ac661f1c8d64386d043a4b4b8f9c) Importer(815301076,1909f56bfc062723c751e8b465ee728b)
Number of updated assets reloaded before import = 0
Start importing Assets/Brick Project Studio/Apartment Kit/Common/Models/Bathroom_Corner_Tiles.fbx using Guid(d265ac661f1c8d64386d043a4b4b8f9c) Importer(815301076,1909f56bfc062723c751e8b465ee728b)  -> (artifact id: '3dfc125a79446cd816792d839749e084') in 0,148089 seconds 
Number of asset objects unloaded after import = 15
========================================================================
Received Import Request.
  Time since last request: 0,000183 seconds.
  path: Assets/Simple Garage/Materials/Material.007.mat
  artifactKey: Guid(de6afbbedc203544d9754ffcb6faed53) Importer(815301076,1909f56bfc062723c751e8b465ee728b)
Number of updated assets reloaded before import = 0
Start importing Assets/Simple Garage/Materials/Material.007.mat using Guid(de6afbbedc203544d9754ffcb6faed53) Importer(815301076,1909f56bfc062723c751e8b465ee728b)  -> (artifact id: '897009250c21e4bc6eef40ebd52ed416') in 0,020946 seconds 
Number of asset objects unloaded after import = 1
========================================================================
Received Import Request.
  Time since last request: 0,065117 seconds.
  path: Assets/turtlebot3-foxy-devel/turtlebot3_description/meshes/sensors/r200.dae
  artifactKey: Guid(8f7abe6119dbd7c3687c1801c5e7c5e6) Importer(815301076,1909f56bfc062723c751e8b465ee728b)
Number of updated assets reloaded before import = 0
Start importing Assets/turtlebot3-foxy-devel/turtlebot3_description/meshes/sensors/r200.dae using Guid(8f7abe6119dbd7c3687c1801c5e7c5e6) Importer(815301076,1909f56bfc062723c751e8b465ee728b)  -> (artifact id: '6b249b2f110f20108d6c2c4c5dc38221') in 0,449440 seconds 
Number of asset objects unloaded after import = 95
========================================================================
Received Import Request.
  Time since last request: 0,000021 seconds.
  path: Assets/ADI/Voxel Office Props/Materials/modelLitRed.mat
  artifactKey: Guid(1d6d0a96761d42e47bd466b7f94e2ef6) Importer(815301076,1909f56bfc062723c751e8b465ee728b)
Number of updated assets reloaded before import = 0
Start importing Assets/ADI/Voxel Office Props/Materials/modelLitRed.mat using Guid(1d6d0a96761d42e47bd466b7f94e2ef6) Importer(815301076,1909f56bfc062723c751e8b465ee728b)  -> (artifact id: 'b9b14bd20f9e9a53d5f1ad303f595f37') in 0,238781 seconds 
Number of asset objects unloaded after import = 3
========================================================================
Received Import Request.
  Time since last request: 0,000032 seconds.
  path: Assets/Materials/New Material.mat
  artifactKey: Guid(fc5d067c2feb9c74ebac30e7af5ed051) Importer(815301076,1909f56bfc062723c751e8b465ee728b)
Number of updated assets reloaded before import = 0
Start importing Assets/Materials/New Material.mat using Guid(fc5d067c2feb9c74ebac30e7af5ed051) Importer(815301076,1909f56bfc062723c751e8b465ee728b)  -> (artifact id: '76e353567f8b41db26afdb987263d969') in 0,034250 seconds 
Number of asset objects unloaded after import = 1
========================================================================
Received Import Request.
  Time since last request: 0,004162 seconds.
  path: Assets/Brick Project Studio/Apartment Kit/Common/Models/Modular Wall Cabinet.fbx
  artifactKey: Guid(5a1710e01a2c88242a4499f68198d1f7) Importer(815301076,1909f56bfc062723c751e8b465ee728b)
Number of updated assets reloaded before import = 0
Start importing Assets/Brick Project Studio/Apartment Kit/Common/Models/Modular Wall Cabinet.fbx using Guid(5a1710e01a2c88242a4499f68198d1f7) Importer(815301076,1909f56bfc062723c751e8b465ee728b)  -> (artifact id: '2f5bc0a48693ba5501bb826138ec4386') in 0,375188 seconds 
Number of asset objects unloaded after import = 80
========================================================================
Received Import Request.
  Time since last request: 0,000156 seconds.
  path: Assets/Brick Project Studio/_BPS Basic Assets/Common/Models/Build Kits/Build Kit BA_01.fbx
  artifactKey: Guid(65c4e0d1191656a43a436373673c91f7) Importer(815301076,1909f56bfc062723c751e8b465ee728b)
Number of updated assets reloaded before import = 0
Start importing Assets/Brick Project Studio/_BPS Basic Assets/Common/Models/Build Kits/Build Kit BA_01.fbx using Guid(65c4e0d1191656a43a436373673c91f7) Importer(815301076,1909f56bfc062723c751e8b465ee728b)  -> (artifact id: 'bf1ad8ff61d177c6616a5c3d9ce64fc7') in 0,423914 seconds 
Number of asset objects unloaded after import = 65
========================================================================
Received Import Request.
  Time since last request: 0,000033 seconds.
  path: Assets/Brick Project Studio/_BPS Basic Assets/Common/Models/Build Kits/Build Kit Exterior.fbx
  artifactKey: Guid(1e4c9d0deb3bcc144ae6e91318e143a7) Importer(815301076,1909f56bfc062723c751e8b465ee728b)
Number of updated assets reloaded before import = 0
Start importing Assets/Brick Project Studio/_BPS Basic Assets/Common/Models/Build Kits/Build Kit Exterior.fbx using Guid(1e4c9d0deb3bcc144ae6e91318e143a7) Importer(815301076,1909f56bfc062723c751e8b465ee728b)  -> (artifact id: '3e61031991cc2168e5d3982d90a52cfd') in 0,454266 seconds 
Number of asset objects unloaded after import = 50
========================================================================
Received Import Request.
  Time since last request: 0,000038 seconds.
  path: Assets/Brick Project Studio/Apartment Kit/Common/Materials/Surface/Mesh_Black.mat
  artifactKey: Guid(c8a87a4e32c07864dabf944c9797ff12) Importer(815301076,1909f56bfc062723c751e8b465ee728b)
Number of updated assets reloaded before import = 0
Start importing Assets/Brick Project Studio/Apartment Kit/Common/Materials/Surface/Mesh_Black.mat using Guid(c8a87a4e32c07864dabf944c9797ff12) Importer(815301076,1909f56bfc062723c751e8b465ee728b)  -> (artifact id: 'ac1b16b06f17717e94c7d94ce335ef76') in 0,083590 seconds 
Number of asset objects unloaded after import = 3
========================================================================
Received Import Request.
  Time since last request: 0,000023 seconds.
  path: Assets/Brick Project Studio/Apartment Kit/Common/Materials/Surface/Mirror.mat
  artifactKey: Guid(bbc4e18e895e99a468291c41300b3f55) Importer(815301076,1909f56bfc062723c751e8b465ee728b)
Number of updated assets reloaded before import = 0
Start importing Assets/Brick Project Studio/Apartment Kit/Common/Materials/Surface/Mirror.mat using Guid(bbc4e18e895e99a468291c41300b3f55) Importer(815301076,1909f56bfc062723c751e8b465ee728b)  -> (artifact id: 'ce443df216c0d5274a8ff88401c6577c') in 0,043792 seconds 
Number of asset objects unloaded after import = 1
========================================================================
Received Import Request.
  Time since last request: 0,000022 seconds.
  path: Assets/ADI/Voxel Office Props/Materials/modelMaterial.mat
  artifactKey: Guid(1c939f7cfb400a3489a759b36370b3c6) Importer(815301076,1909f56bfc062723c751e8b465ee728b)
Number of updated assets reloaded before import = 0
Start importing Assets/ADI/Voxel Office Props/Materials/modelMaterial.mat using Guid(1c939f7cfb400a3489a759b36370b3c6) Importer(815301076,1909f56bfc062723c751e8b465ee728b)  -> (artifact id: '98865ff24c7cfc791348cbba02223b32') in 0,042861 seconds 
Number of asset objects unloaded after import = 1
========================================================================
Received Import Request.
  Time since last request: 0,000022 seconds.
  path: Assets/ADI/Voxel Office Props/Models/Materials/monitorMat.mat
  artifactKey: Guid(c2db1c77661b6cd4dbe551575416f8fa) Importer(815301076,1909f56bfc062723c751e8b465ee728b)
Number of updated assets reloaded before import = 0
Start importing Assets/ADI/Voxel Office Props/Models/Materials/monitorMat.mat using Guid(c2db1c77661b6cd4dbe551575416f8fa) Importer(815301076,1909f56bfc062723c751e8b465ee728b)  -> (artifact id: 'ec77cf552a1a273f9f20d57f8cd412d7') in 0,037795 seconds 
Number of asset objects unloaded after import = 1
========================================================================
Received Import Request.
  Time since last request: 0,000039 seconds.
  path: Assets/Brick Project Studio/Apartment Kit/Common/Models/Painting.fbx
  artifactKey: Guid(27b4045e9d44110428f91ffc9297b5f1) Importer(815301076,1909f56bfc062723c751e8b465ee728b)
Number of updated assets reloaded before import = 0
Start importing Assets/Brick Project Studio/Apartment Kit/Common/Models/Painting.fbx using Guid(27b4045e9d44110428f91ffc9297b5f1) Importer(815301076,1909f56bfc062723c751e8b465ee728b)  -> (artifact id: 'c6053ff467cd3cccc28de9460424ff2d') in 0,086231 seconds 
Number of asset objects unloaded after import = 8
========================================================================
Received Import Request.
  Time since last request: 0,000042 seconds.
  path: Assets/Brick Project Studio/_BPS Basic Assets/Common/Models/Build Kits/Build Kit Interior - 01.fbx
  artifactKey: Guid(8537129dc3fbbe44186add4eea186b85) Importer(815301076,1909f56bfc062723c751e8b465ee728b)
Number of updated assets reloaded before import = 0
Start importing Assets/Brick Project Studio/_BPS Basic Assets/Common/Models/Build Kits/Build Kit Interior - 01.fbx using Guid(8537129dc3fbbe44186add4eea186b85) Importer(815301076,1909f56bfc062723c751e8b465ee728b)  -> (artifact id: '0587805aae1494c5fe7052996cdb569a') in 0,659037 seconds 
Number of asset objects unloaded after import = 75
========================================================================
Received Import Request.
  Time since last request: 0,000027 seconds.
  path: Assets/ADI/Voxel Office Props/Models/Materials/phoneMat.mat
  artifactKey: Guid(8f0cca4930ee68c43a7dfe7bd6a4019b) Importer(815301076,1909f56bfc062723c751e8b465ee728b)
Number of updated assets reloaded before import = 0
Start importing Assets/ADI/Voxel Office Props/Models/Materials/phoneMat.mat using Guid(8f0cca4930ee68c43a7dfe7bd6a4019b) Importer(815301076,1909f56bfc062723c751e8b465ee728b)  -> (artifact id: '0aa5720849ac3fc1b16499d002552106') in 0,023668 seconds 
Number of asset objects unloaded after import = 1
========================================================================
Received Import Request.
  Time since last request: 0,000033 seconds.
  path: Packages/com.unity.probuilder/Content/Resources/Materials/ProBuilderDefault.mat
  artifactKey: Guid(c22777d6e868e4f2fb421913386b154e) Importer(815301076,1909f56bfc062723c751e8b465ee728b)
Number of updated assets reloaded before import = 0
Start importing Packages/com.unity.probuilder/Content/Resources/Materials/ProBuilderDefault.mat using Guid(c22777d6e868e4f2fb421913386b154e) Importer(815301076,1909f56bfc062723c751e8b465ee728b)  -> (artifact id: 'bc925ee56f390704e5f0487a36f7d129') in 0,915954 seconds 
Number of asset objects unloaded after import = 2
========================================================================
Received Import Request.
  Time since last request: 0,001276 seconds.
  path: Assets/Brick Project Studio/Apartment Kit/Common/Materials/Surface/Plastic_01.mat
  artifactKey: Guid(9a0f81c2a61d0294db7e1b3a3eabad0c) Importer(815301076,1909f56bfc062723c751e8b465ee728b)
Number of updated assets reloaded before import = 0
Start importing Assets/Brick Project Studio/Apartment Kit/Common/Materials/Surface/Plastic_01.mat using Guid(9a0f81c2a61d0294db7e1b3a3eabad0c) Importer(815301076,1909f56bfc062723c751e8b465ee728b)  -> (artifact id: '5e4b9e7d93c74dab5244d907b8428765') in 0,068394 seconds 
Number of asset objects unloaded after import = 3
========================================================================
Received Import Request.
  Time since last request: 0,000025 seconds.
  path: Assets/Brick Project Studio/Apartment Kit/Common/Materials/Surface/Plastic_02.mat
  artifactKey: Guid(a2c29511873a89c4b8ec41360c9dd9cf) Importer(815301076,1909f56bfc062723c751e8b465ee728b)
Number of updated assets reloaded before import = 0
Start importing Assets/Brick Project Studio/Apartment Kit/Common/Materials/Surface/Plastic_02.mat using Guid(a2c29511873a89c4b8ec41360c9dd9cf) Importer(815301076,1909f56bfc062723c751e8b465ee728b)  -> (artifact id: 'ad70f1b3d5824023b4556a5dca62af99') in 0,527651 seconds 
Number of asset objects unloaded after import = 4
========================================================================
Received Import Request.
  Time since last request: 0,000043 seconds.
  path: Assets/Brick Project Studio/_BPS Basic Assets/Common/Materials/Restroom/RR_Restroom_Sign.mat
  artifactKey: Guid(5b7c74c7b0bc859459d4dd7b7f164fb2) Importer(815301076,1909f56bfc062723c751e8b465ee728b)
Number of updated assets reloaded before import = 0
Start importing Assets/Brick Project Studio/_BPS Basic Assets/Common/Materials/Restroom/RR_Restroom_Sign.mat using Guid(5b7c74c7b0bc859459d4dd7b7f164fb2) Importer(815301076,1909f56bfc062723c751e8b465ee728b)  -> (artifact id: '5b00cfb614d4bab4140a8c7d9489b106') in 0,480129 seconds 
Number of asset objects unloaded after import = 2
========================================================================
Received Import Request.
  Time since last request: 0,000039 seconds.
  path: Assets/Brick Project Studio/Apartment Kit/Common/Materials/Surface/Shiny Metal_03.mat
  artifactKey: Guid(ff2bb81a45899464db5313ff275f8a31) Importer(815301076,1909f56bfc062723c751e8b465ee728b)
Number of updated assets reloaded before import = 0
Start importing Assets/Brick Project Studio/Apartment Kit/Common/Materials/Surface/Shiny Metal_03.mat using Guid(ff2bb81a45899464db5313ff275f8a31) Importer(815301076,1909f56bfc062723c751e8b465ee728b)  -> (artifact id: 'f39da7883d032933bc507ddbce162bc5') in 0,047606 seconds 
Number of asset objects unloaded after import = 1
========================================================================
Received Import Request.
  Time since last request: 0,000032 seconds.
  path: Assets/Brick Project Studio/Apartment Kit/Common/Textures/Surface/Materials/Rustic Wood.mat
  artifactKey: Guid(857e3e2c2832cdce5b4c15a97f084d26) Importer(815301076,1909f56bfc062723c751e8b465ee728b)
Number of updated assets reloaded before import = 0
Start importing Assets/Brick Project Studio/Apartment Kit/Common/Textures/Surface/Materials/Rustic Wood.mat using Guid(857e3e2c2832cdce5b4c15a97f084d26) Importer(815301076,1909f56bfc062723c751e8b465ee728b)  -> (artifact id: '4b62f549422759522e9947834c5361bd') in 0,399892 seconds 
Number of asset objects unloaded after import = 2
========================================================================
Received Import Request.
  Time since last request: 0,000035 seconds.
  path: Assets/ADI/Voxel Office Props/Models/Materials/tableEndLitMat.mat
  artifactKey: Guid(4c9f70124d000684284953895561d411) Importer(815301076,1909f56bfc062723c751e8b465ee728b)
Number of updated assets reloaded before import = 0
Start importing Assets/ADI/Voxel Office Props/Models/Materials/tableEndLitMat.mat using Guid(4c9f70124d000684284953895561d411) Importer(815301076,1909f56bfc062723c751e8b465ee728b)  -> (artifact id: 'b9fddb9363a69ebdd9e1f97c906b96ea') in 0,033855 seconds 
Number of asset objects unloaded after import = 1
========================================================================
Received Import Request.
  Time since last request: 0,000034 seconds.
  path: Packages/com.unity.probuilder/Content/Resources/Materials/Trigger.mat
  artifactKey: Guid(a1e97cbf2538241b691aae8243b5fb10) Importer(815301076,1909f56bfc062723c751e8b465ee728b)
Number of updated assets reloaded before import = 0
Start importing Packages/com.unity.probuilder/Content/Resources/Materials/Trigger.mat using Guid(a1e97cbf2538241b691aae8243b5fb10) Importer(815301076,1909f56bfc062723c751e8b465ee728b)  -> (artifact id: '7c7d5a0257e29136675c7f48e2c7b4fc') in 0,015453 seconds 
Number of asset objects unloaded after import = 2
========================================================================
Received Import Request.
  Time since last request: 0,000022 seconds.
  path: Assets/ADI/Voxel Office Props/Models/Materials/smartPhoneLockedMat.mat
  artifactKey: Guid(575949a3f4e06eb4daff86d6afac426a) Importer(815301076,1909f56bfc062723c751e8b465ee728b)
Number of updated assets reloaded before import = 0
Start importing Assets/ADI/Voxel Office Props/Models/Materials/smartPhoneLockedMat.mat using Guid(575949a3f4e06eb4daff86d6afac426a) Importer(815301076,1909f56bfc062723c751e8b465ee728b)  -> (artifact id: 'a33d4f8e168e02929912912a77b2fc86') in 0,024078 seconds 
Number of asset objects unloaded after import = 1
========================================================================
Received Import Request.
  Time since last request: 0,000021 seconds.
  path: Assets/Simple Garage/Materials/Terrazzo.mat
  artifactKey: Guid(880b05acad5089b45aea2a94e209059d) Importer(815301076,1909f56bfc062723c751e8b465ee728b)
Number of updated assets reloaded before import = 0
Start importing Assets/Simple Garage/Materials/Terrazzo.mat using Guid(880b05acad5089b45aea2a94e209059d) Importer(815301076,1909f56bfc062723c751e8b465ee728b)  -> (artifact id: '084257a271c66b235c68207a0f4135ce') in 0,027345 seconds 
Number of asset objects unloaded after import = 2
========================================================================
Received Import Request.
  Time since last request: 0,000022 seconds.
  path: Packages/com.unity.robotics.visualizations/Runtime/Drawing3d/Materials/UnlitColor.mat
  artifactKey: Guid(51187810e7114ee4687016c7fa476970) Importer(815301076,1909f56bfc062723c751e8b465ee728b)
Number of updated assets reloaded before import = 0
Start importing Packages/com.unity.robotics.visualizations/Runtime/Drawing3d/Materials/UnlitColor.mat using Guid(51187810e7114ee4687016c7fa476970) Importer(815301076,1909f56bfc062723c751e8b465ee728b)  -> (artifact id: 'c1a4dc0a14300e03f32407eef0fb50dc') in 0,073464 seconds 
Number of asset objects unloaded after import = 1
========================================================================
Received Import Request.
  Time since last request: 0,000022 seconds.
  path: Assets/ADI/Voxel Office Props/Models/Materials/tableEndMat.mat
  artifactKey: Guid(5e0bf8bf63045444f95d49b6bcbed376) Importer(815301076,1909f56bfc062723c751e8b465ee728b)
Number of updated assets reloaded before import = 0
Start importing Assets/ADI/Voxel Office Props/Models/Materials/tableEndMat.mat using Guid(5e0bf8bf63045444f95d49b6bcbed376) Importer(815301076,1909f56bfc062723c751e8b465ee728b)  -> (artifact id: '944c6666446664ad1e78358ef10ff979') in 0,054667 seconds 
Number of asset objects unloaded after import = 1
========================================================================
Received Import Request.
  Time since last request: 0,000028 seconds.
  path: Packages/com.unity.robotics.visualizations/Runtime/Drawing3d/Materials/UnlitColorAlpha.mat
  artifactKey: Guid(b5ff7d4831357f1438fa8c8adb0cd5dc) Importer(815301076,1909f56bfc062723c751e8b465ee728b)
Number of updated assets reloaded before import = 0
Start importing Packages/com.unity.robotics.visualizations/Runtime/Drawing3d/Materials/UnlitColorAlpha.mat using Guid(b5ff7d4831357f1438fa8c8adb0cd5dc) Importer(815301076,1909f56bfc062723c751e8b465ee728b)  -> (artifact id: 'd9aeb89de94719b78dfb2042435d336a') in 0,037474 seconds 
Number of asset objects unloaded after import = 1
========================================================================
Received Import Request.
  Time since last request: 0,000033 seconds.
  path: Assets/ADI/Voxel Office Props/Models/Materials/tableCentreMat.mat
  artifactKey: Guid(894c74437e6373d48baf556f4af96f2d) Importer(815301076,1909f56bfc062723c751e8b465ee728b)
Number of updated assets reloaded before import = 0
Start importing Assets/ADI/Voxel Office Props/Models/Materials/tableCentreMat.mat using Guid(894c74437e6373d48baf556f4af96f2d) Importer(815301076,1909f56bfc062723c751e8b465ee728b)  -> (artifact id: 'ce45c96954940e18dcbc5129d7ed29d2') in 0,041865 seconds 
Number of asset objects unloaded after import = 1
========================================================================
Received Import Request.
  Time since last request: 0,000023 seconds.
  path: Assets/ADI/Voxel Office Props/Models/Materials/tableCentreLitMat.mat
  artifactKey: Guid(1bd3a955f5027f743bc0ab625e43c476) Importer(815301076,1909f56bfc062723c751e8b465ee728b)
Number of updated assets reloaded before import = 0
Start importing Assets/ADI/Voxel Office Props/Models/Materials/tableCentreLitMat.mat using Guid(1bd3a955f5027f743bc0ab625e43c476) Importer(815301076,1909f56bfc062723c751e8b465ee728b)  -> (artifact id: 'f9e5d1ec8a00937aa07a23909f448c6a') in 0,027047 seconds 
Number of asset objects unloaded after import = 1
========================================================================
Received Import Request.
  Time since last request: 0,000021 seconds.
  path: Assets/Brick Project Studio/Apartment Kit/Common/Materials/Misc/Toothbrush_01.mat
  artifactKey: Guid(ff18b0d4ff41ef34faf22d93e7d8b8ed) Importer(815301076,1909f56bfc062723c751e8b465ee728b)
Number of updated assets reloaded before import = 0
Start importing Assets/Brick Project Studio/Apartment Kit/Common/Materials/Misc/Toothbrush_01.mat using Guid(ff18b0d4ff41ef34faf22d93e7d8b8ed) Importer(815301076,1909f56bfc062723c751e8b465ee728b)  -> (artifact id: 'bd991aa389c0052e74896c4aafe0bbd1') in 0,596753 seconds 
Number of asset objects unloaded after import = 2
========================================================================
Received Import Request.
  Time since last request: 0,000035 seconds.
  path: Assets/Simple Garage/Models/Small stool.fbx
  artifactKey: Guid(e78370bd94200a34792132460e850825) Importer(815301076,1909f56bfc062723c751e8b465ee728b)
Number of updated assets reloaded before import = 0
Start importing Assets/Simple Garage/Models/Small stool.fbx using Guid(e78370bd94200a34792132460e850825) Importer(815301076,1909f56bfc062723c751e8b465ee728b)  -> (artifact id: '79a7e2106a2d740aa821628309f338f4') in 0,134395 seconds 
Number of asset objects unloaded after import = 10
========================================================================
Received Import Request.
  Time since last request: 0,000050 seconds.
  path: Assets/Brick Project Studio/Apartment Kit/Common/Materials/Surface/Plastic_03.mat
  artifactKey: Guid(dd228672e1e19fc479efe2c3556f297f) Importer(815301076,1909f56bfc062723c751e8b465ee728b)
Number of updated assets reloaded before import = 0
Start importing Assets/Brick Project Studio/Apartment Kit/Common/Materials/Surface/Plastic_03.mat using Guid(dd228672e1e19fc479efe2c3556f297f) Importer(815301076,1909f56bfc062723c751e8b465ee728b)  -> (artifact id: '3c0c68fa83bd1c0af6cd7b0bd8dc46a5') in 0,719343 seconds 
Number of asset objects unloaded after import = 3
========================================================================
Received Import Request.
  Time since last request: 0,000046 seconds.
  path: Assets/ADI/Voxel Office Props/Models/Materials/waterCoolerMat.mat
  artifactKey: Guid(8b8b05d5e47f4af4082999cc74ab0bdb) Importer(815301076,1909f56bfc062723c751e8b465ee728b)
Number of updated assets reloaded before import = 0
Start importing Assets/ADI/Voxel Office Props/Models/Materials/waterCoolerMat.mat using Guid(8b8b05d5e47f4af4082999cc74ab0bdb) Importer(815301076,1909f56bfc062723c751e8b465ee728b)  -> (artifact id: 'bc67a400fe42c68ecfd7757a666a61ca') in 0,032910 seconds 
Number of asset objects unloaded after import = 1
========================================================================
Received Import Request.
  Time since last request: 0,000056 seconds.
  path: Packages/com.unity.robotics.visualizations/Runtime/Drawing3d/Materials/UnlitPointCloudCutout.mat
  artifactKey: Guid(0a328b723b7201142986276d292502c4) Importer(815301076,1909f56bfc062723c751e8b465ee728b)
Number of updated assets reloaded before import = 0
Start importing Packages/com.unity.robotics.visualizations/Runtime/Drawing3d/Materials/UnlitPointCloudCutout.mat using Guid(0a328b723b7201142986276d292502c4) Importer(815301076,1909f56bfc062723c751e8b465ee728b)  -> (artifact id: '62ef358fdfd0472e77099164f11014d1') in 0,144440 seconds 
Number of asset objects unloaded after import = 2
========================================================================
Received Import Request.
  Time since last request: 0,000030 seconds.
  path: Packages/com.unity.probuilder/Content/Resources/Materials/UnlitVertexColor.mat
  artifactKey: Guid(29966c3c0907b49b58c4e59342d020cf) Importer(815301076,1909f56bfc062723c751e8b465ee728b)
Number of updated assets reloaded before import = 0
Start importing Packages/com.unity.probuilder/Content/Resources/Materials/UnlitVertexColor.mat using Guid(29966c3c0907b49b58c4e59342d020cf) Importer(815301076,1909f56bfc062723c751e8b465ee728b)  -> (artifact id: 'a4416140ccdba587f5b0abf74d5336c9') in 0,034914 seconds 
Number of asset objects unloaded after import = 1
========================================================================
Received Import Request.
  Time since last request: 0,000027 seconds.
  path: Assets/Brick Project Studio/Apartment Kit/Common/Materials/Misc/WallArt_Apt_04.mat
  artifactKey: Guid(e32acc80d36988b4ca659c27108c4d69) Importer(815301076,1909f56bfc062723c751e8b465ee728b)
Number of updated assets reloaded before import = 0
Start importing Assets/Brick Project Studio/Apartment Kit/Common/Materials/Misc/WallArt_Apt_04.mat using Guid(e32acc80d36988b4ca659c27108c4d69) Importer(815301076,1909f56bfc062723c751e8b465ee728b)  -> (artifact id: 'db5c78c21d2764bc97b7fd3b9860197e') in 0,360851 seconds 
Number of asset objects unloaded after import = 2
========================================================================
Received Import Request.
  Time since last request: 1,652242 seconds.
  path: Assets/Brick Project Studio/Apartment Kit/Common/Textures/Surface/Materials/White Wood_normal.mat
  artifactKey: Guid(295d4c42ee6eb064880c22c55ae1eb10) Importer(815301076,1909f56bfc062723c751e8b465ee728b)
Number of updated assets reloaded before import = 0
Start importing Assets/Brick Project Studio/Apartment Kit/Common/Textures/Surface/Materials/White Wood_normal.mat using Guid(295d4c42ee6eb064880c22c55ae1eb10) Importer(815301076,1909f56bfc062723c751e8b465ee728b)  -> (artifact id: '830f615f4abf4df53cb8f348f21684b2') in 0,106329 seconds 
Number of asset objects unloaded after import = 2
========================================================================
Received Import Request.
  Time since last request: 0,000019 seconds.
  path: Assets/Brick Project Studio/_BPS Basic Assets/Common/Materials/Legacy/Wood Floor 01.mat
  artifactKey: Guid(049ac0e838cb3a342887cf48a2b06db4) Importer(815301076,1909f56bfc062723c751e8b465ee728b)
Number of updated assets reloaded before import = 0
Start importing Assets/Brick Project Studio/_BPS Basic Assets/Common/Materials/Legacy/Wood Floor 01.mat using Guid(049ac0e838cb3a342887cf48a2b06db4) Importer(815301076,1909f56bfc062723c751e8b465ee728b)  -> (artifact id: '8ce23be2b45ec90ae45a55c25bc1827e') in 0,029858 seconds 
Number of asset objects unloaded after import = 2
========================================================================
Received Import Request.
  Time since last request: 0,000018 seconds.
  path: Assets/Simple Garage/Materials/Wood062_2K_Color.mat
  artifactKey: Guid(09a799d0d6d30f42da5bf7ad892aff77) Importer(815301076,1909f56bfc062723c751e8b465ee728b)
Number of updated assets reloaded before import = 0
Start importing Assets/Simple Garage/Materials/Wood062_2K_Color.mat using Guid(09a799d0d6d30f42da5bf7ad892aff77) Importer(815301076,1909f56bfc062723c751e8b465ee728b)  -> (artifact id: '9c82c95261d24655ff7359d5d5fbc712') in 0,045074 seconds 
Number of asset objects unloaded after import = 2
Editor requested this worker to shutdown with reason: Scaling down because of idle timeout
AssetImportWorker is now disconnected from the server
Process exiting
