Unity Editor version:    2021.3.38f1 (7a2fa5d8d101)
Branch:                  2021.3/release
Build type:              Release
Batch mode:              YES
System name:             Linux
Distro version:          #202302191831 SMP PREEMPT_DYNAMIC Sun Feb 19 23:37:22 UTC 2023
Kernel version:          6.2.0-060200-generic
Architecture:            x86_64
Available memory:        15627 MB
Using pre-set license
Pro License: YES
Desktop is 1920 x 1080 @ 60 Hz
Initialize udev device monitor.

COMMAND LINE ARGUMENTS:
Unity
-adb2
-batchMode
-noUpm
-name
AssetImportWorker0
-projectPath
/home/hmcelik/Desktop/My project
-logFile
Logs/AssetImportWorker0.log
-srvPort
35275
Successfully changed project path to: /home/hmcelik/Desktop/My project
/home/hmcelik/Desktop/My project
[UnityMemory] Configuration Parameters - Can be set up in boot.config
    "memorysetup-bucket-allocator-granularity=16"
    "memorysetup-bucket-allocator-bucket-count=8"
    "memorysetup-bucket-allocator-block-size=33554432"
    "memorysetup-bucket-allocator-block-count=8"
    "memorysetup-main-allocator-block-size=16777216"
    "memorysetup-thread-allocator-block-size=16777216"
    "memorysetup-gfx-main-allocator-block-size=16777216"
    "memorysetup-gfx-thread-allocator-block-size=16777216"
    "memorysetup-cache-allocator-block-size=4194304"
    "memorysetup-typetree-allocator-block-size=2097152"
    "memorysetup-profiler-bucket-allocator-granularity=16"
    "memorysetup-profiler-bucket-allocator-bucket-count=8"
    "memorysetup-profiler-bucket-allocator-block-size=33554432"
    "memorysetup-profiler-bucket-allocator-block-count=8"
    "memorysetup-profiler-allocator-block-size=16777216"
    "memorysetup-profiler-editor-allocator-block-size=1048576"
    "memorysetup-temp-allocator-size-main=16777216"
    "memorysetup-job-temp-allocator-block-size=2097152"
    "memorysetup-job-temp-allocator-block-size-background=1048576"
    "memorysetup-job-temp-allocator-reduction-small-platforms=262144"
    "memorysetup-temp-allocator-size-background-worker=32768"
    "memorysetup-temp-allocator-size-job-worker=262144"
    "memorysetup-temp-allocator-size-preload-manager=33554432"
    "memorysetup-temp-allocator-size-nav-mesh-worker=65536"
    "memorysetup-temp-allocator-size-audio-worker=65536"
    "memorysetup-temp-allocator-size-cloud-worker=32768"
    "memorysetup-temp-allocator-size-gi-baking-worker=262144"
    "memorysetup-temp-allocator-size-gfx=262144"
Player connection [140189797012352] Host "[IP] 192.168.0.103 [Port] 0 [Flags] 2 [Guid] 3476551494 [EditorId] 3476551494 [Version] 1048832 [Id] LinuxEditor(16,192.168.0.103) [Debug] 1 [PackageName] LinuxEditor [ProjectName] Editor" joined multi-casting on [225.0.0.222:54997]...

Player connection [140189797012352] Host "[IP] 192.168.0.103 [Port] 0 [Flags] 2 [Guid] 3476551494 [EditorId] 3476551494 [Version] 1048832 [Id] LinuxEditor(16,192.168.0.103) [Debug] 1 [PackageName] LinuxEditor [ProjectName] Editor" joined alternative multi-casting on [225.0.0.222:34997]...

[Physics::Module] Initialized MultithreadedJobDispatcher with {0} workers.
Refreshing native plugins compatible for Editor in 77,87 ms, found 2 plugins.
Preloading 0 native plugins for Editor in 0,00 ms.
Initialize engine version: 2021.3.38f1 (7a2fa5d8d101)
[Subsystems] Discovering subsystems at path /home/hmcelik/Unity/Hub/Editor/2021.3.38f1/Editor/Data/Resources/UnitySubsystems
[Subsystems] Discovering subsystems at path /home/hmcelik/Desktop/My project/Assets
GLX Extensions: GLX_ARB_context_flush_control GLX_ARB_create_context GLX_ARB_create_context_no_error GLX_ARB_create_context_profile GLX_ARB_fbconfig_float GLX_ARB_framebuffer_sRGB GLX_ARB_get_proc_address GLX_ARB_multisample GLX_EXT_create_context_es2_profile GLX_EXT_create_context_es_profile GLX_EXT_fbconfig_packed_float GLX_EXT_framebuffer_sRGB GLX_EXT_import_context GLX_EXT_no_config_context GLX_EXT_texture_from_pixmap GLX_EXT_visual_info GLX_EXT_visual_rating GLX_MESA_copy_sub_buffer GLX_MESA_query_renderer GLX_OML_swap_method GLX_SGIS_multisample GLX_SGIX_fbconfig GLX_SGIX_pbuffer GLX_SGIX_visual_select_group GLX_SGI_make_current_read 
Renderer: llvmpipe (LLVM 12.0.0, 256 bits)
Vendor:   Mesa/X.org
Version:  4.5 (Core Profile) Mesa 21.2.6
GLES:     0
 GL_3DFX_texture_compression_FXT1 GL_AMD_conservative_depth GL_AMD_draw_buffers_blend GL_AMD_gpu_shader_int64 GL_AMD_multi_draw_indirect GL_AMD_query_buffer_object GL_AMD_seamless_cubemap_per_texture GL_AMD_shader_stencil_export GL_AMD_shader_trinary_minmax GL_AMD_texture_texture4 GL_AMD_vertex_shader_layer GL_AMD_vertex_shader_viewport_index GL_ANGLE_texture_compression_dxt3 GL_ANGLE_texture_compression_dxt5 GL_ARB_ES2_compatibility GL_ARB_ES3_1_compatibility GL_ARB_ES3_2_compatibility GL_ARB_ES3_compatibility GL_ARB_arrays_of_arrays GL_ARB_base_instance GL_ARB_blend_func_extended GL_ARB_buffer_storage GL_ARB_clear_buffer_object GL_ARB_clear_texture GL_ARB_clip_control GL_ARB_compressed_texture_pixel_storage GL_ARB_compute_shader GL_ARB_conditional_render_inverted GL_ARB_conservative_depth GL_ARB_copy_buffer GL_ARB_copy_image GL_ARB_cull_distance GL_ARB_debug_output GL_ARB_depth_buffer_float GL_ARB_depth_clamp GL_ARB_derivative_control GL_ARB_direct_state_access GL_ARB_draw_buffers GL_ARB_draw_buffers_blend
 GL_ARB_draw_elements_base_vertex GL_ARB_draw_indirect GL_ARB_draw_instanced GL_ARB_enhanced_layouts GL_ARB_explicit_attrib_location GL_ARB_explicit_uniform_location GL_ARB_fragment_coord_conventions GL_ARB_fragment_layer_viewport GL_ARB_fragment_shader GL_ARB_framebuffer_no_attachments GL_ARB_framebuffer_object GL_ARB_framebuffer_sRGB GL_ARB_get_program_binary GL_ARB_get_texture_sub_image GL_ARB_gl_spirv GL_ARB_gpu_shader5 GL_ARB_gpu_shader_fp64 GL_ARB_gpu_shader_int64 GL_ARB_half_float_pixel GL_ARB_half_float_vertex GL_ARB_indirect_parameters GL_ARB_instanced_arrays GL_ARB_internalformat_query GL_ARB_internalformat_query2 GL_ARB_invalidate_subdata GL_ARB_map_buffer_alignment GL_ARB_map_buffer_range GL_ARB_multi_bind GL_ARB_multi_draw_indirect GL_ARB_occlusion_query2 GL_ARB_parallel_shader_compile GL_ARB_pipeline_statistics_query GL_ARB_pixel_buffer_object GL_ARB_point_sprite GL_ARB_polygon_offset_clamp GL_ARB_post_depth_coverage GL_ARB_program_interface_query GL_ARB_provoking_vertex GL_ARB_query_buffer_obj
ect GL_ARB_robust_buffer_access_behavior GL_ARB_robustness GL_ARB_sample_shading GL_ARB_sampler_objects GL_ARB_seamless_cube_map GL_ARB_seamless_cubemap_per_texture GL_ARB_separate_shader_objects GL_ARB_shader_atomic_counter_ops GL_ARB_shader_atomic_counters GL_ARB_shader_bit_encoding GL_ARB_shader_draw_parameters GL_ARB_shader_group_vote GL_ARB_shader_image_load_store GL_ARB_shader_image_size GL_ARB_shader_objects GL_ARB_shader_precision GL_ARB_shader_stencil_export GL_ARB_shader_storage_buffer_object GL_ARB_shader_subroutine GL_ARB_shader_texture_image_samples GL_ARB_shader_texture_lod GL_ARB_shader_viewport_layer_array GL_ARB_shading_language_420pack GL_ARB_shading_language_include GL_ARB_shading_language_packing GL_ARB_spirv_extensions GL_ARB_stencil_texturing GL_ARB_sync GL_ARB_tessellation_shader GL_ARB_texture_barrier GL_ARB_texture_buffer_object GL_ARB_texture_buffer_object_rgb32 GL_ARB_texture_buffer_range GL_ARB_texture_compression_bptc GL_ARB_texture_compression_rgtc GL_ARB_texture_cube_map_array 
GL_ARB_texture_filter_minmax GL_ARB_texture_float GL_ARB_texture_gather GL_ARB_texture_mirror_clamp_to_edge GL_ARB_texture_multisample GL_ARB_texture_non_power_of_two GL_ARB_texture_query_levels GL_ARB_texture_query_lod GL_ARB_texture_rectangle GL_ARB_texture_rg GL_ARB_texture_rgb10_a2ui GL_ARB_texture_stencil8 GL_ARB_texture_storage GL_ARB_texture_storage_multisample GL_ARB_texture_swizzle GL_ARB_texture_view GL_ARB_timer_query GL_ARB_transform_feedback2 GL_ARB_transform_feedback3 GL_ARB_transform_feedback_instanced GL_ARB_transform_feedback_overflow_query GL_ARB_uniform_buffer_object GL_ARB_vertex_array_bgra GL_ARB_vertex_array_object GL_ARB_vertex_attrib_64bit GL_ARB_vertex_attrib_binding GL_ARB_vertex_buffer_object GL_ARB_vertex_shader GL_ARB_vertex_type_10f_11f_11f_rev GL_ARB_vertex_type_2_10_10_10_rev GL_ARB_viewport_array GL_ATI_blend_equation_separate GL_ATI_texture_float GL_ATI_texture_mirror_once GL_EXT_EGL_image_storage GL_EXT_EGL_sync GL_EXT_abgr GL_EXT_blend_equation_separate GL_EXT_draw_buffers
2 GL_EXT_draw_instanced GL_EXT_framebuffer_blit GL_EXT_framebuffer_multisample GL_EXT_framebuffer_multisample_blit_scaled GL_EXT_framebuffer_object GL_EXT_framebuffer_sRGB GL_EXT_packed_depth_stencil GL_EXT_packed_float GL_EXT_pixel_buffer_object GL_EXT_polygon_offset_clamp GL_EXT_provoking_vertex GL_EXT_shader_framebuffer_fetch_non_coherent GL_EXT_shader_integer_mix GL_EXT_texture_array GL_EXT_texture_compression_dxt1 GL_EXT_texture_compression_rgtc GL_EXT_texture_compression_s3tc GL_EXT_texture_filter_minmax GL_EXT_texture_integer GL_EXT_texture_mirror_clamp GL_EXT_texture_sRGB GL_EXT_texture_sRGB_R8 GL_EXT_texture_sRGB_decode GL_EXT_texture_shadow_lod GL_EXT_texture_shared_exponent GL_EXT_texture_snorm GL_EXT_texture_swizzle GL_EXT_timer_query GL_EXT_transform_feedback GL_EXT_vertex_array_bgra GL_EXT_vertex_attrib_64bit GL_IBM_multimode_draw_arrays GL_KHR_blend_equation_advanced GL_KHR_context_flush_control GL_KHR_debug GL_KHR_no_error GL_KHR_parallel_shader_compile GL_KHR_robust_buffer_access_behavior GL
_KHR_robustness GL_KHR_texture_compression_astc_ldr GL_KHR_texture_compression_astc_sliced_3d GL_MESA_framebuffer_flip_y GL_MESA_pack_invert GL_MESA_shader_integer_functions GL_MESA_texture_signed_rgba GL_MESA_ycbcr_texture GL_NV_conditional_render GL_NV_copy_image GL_NV_depth_clamp GL_NV_packed_depth_stencil GL_NV_texture_barrier GL_OES_EGL_image GL_S3_s3tc
OPENGL LOG: Creating OpenGL 4.5 graphics device ; Context level  <OpenGL 4.5> ; Context handle 357651328
Initialize mono
Mono path[0] = '/home/hmcelik/Unity/Hub/Editor/2021.3.38f1/Editor/Data/Managed'
Mono path[1] = '/home/hmcelik/Unity/Hub/Editor/2021.3.38f1/Editor/Data/MonoBleedingEdge/lib/mono/unityjit-linux'
Mono config path = '/home/hmcelik/Unity/Hub/Editor/2021.3.38f1/Editor/Data/MonoBleedingEdge/etc'
Using monoOptions --debugger-agent=transport=dt_socket,embedding=1,server=y,suspend=n,address=127.0.0.1:56606
Begin MonoManager ReloadAssembly
Registering precompiled unity dll's ...
Register platform support module: /home/hmcelik/Unity/Hub/Editor/2021.3.38f1/Editor/Data/PlaybackEngines/LinuxStandaloneSupport/UnityEditor.LinuxStandalone.Extensions.dll
Registered in 0,003689 seconds.
Native extension for LinuxStandalone target not found
Refreshing native plugins compatible for Editor in 71,28 ms, found 2 plugins.
Preloading 0 native plugins for Editor in 0,00 ms.
Mono: successfully reloaded assembly
- Completed reload, in  0,490 seconds
Domain Reload Profiling:
	ReloadAssembly (491ms)
		BeginReloadAssembly (49ms)
			ExecutionOrderSort (0ms)
			DisableScriptedObjects (0ms)
			BackupInstance (0ms)
			ReleaseScriptingObjects (0ms)
			CreateAndSetChildDomain (1ms)
		EndReloadAssembly (361ms)
			LoadAssemblies (48ms)
			RebuildTransferFunctionScriptingTraits (0ms)
			SetupTypeCache (81ms)
			ReleaseScriptCaches (0ms)
			RebuildScriptCaches (21ms)
			SetupLoadedEditorAssemblies (223ms)
				LogAssemblyErrors (0ms)
				InitializePlatformSupportModulesInManaged (6ms)
				SetLoadedEditorAssemblies (0ms)
				RefreshPlugins (71ms)
				BeforeProcessingInitializeOnLoad (1ms)
				ProcessInitializeOnLoadAttributes (112ms)
				ProcessInitializeOnLoadMethodAttributes (33ms)
				AfterProcessingInitializeOnLoad (0ms)
				EditorAssembliesLoaded (0ms)
			ExecutionOrderSort2 (0ms)
			AwakeInstancesAfterBackupRestoration (0ms)
Platform modules already initialized, skipping
Registering precompiled user dll's ...
Registered in 0,001882 seconds.
Begin MonoManager ReloadAssembly
Native extension for LinuxStandalone target not found
Refreshing native plugins compatible for Editor in 78,02 ms, found 2 plugins.
Preloading 0 native plugins for Editor in 0,00 ms.
Package Manager log level set to [2]
[Package Manager] Server::EnsureServerProcessIsRunning -- launch failed, reason: Unity was launched with the -noUpm command-line argument
[Package Manager] Cannot connect to Unity Package Manager local server
System.Exception: Error! Visual Scripting: couldn't find visual scripting package
  at Unity.VisualScripting.PackageVersionUtility.get_version () [0x00043] in /home/hmcelik/Desktop/My project/Library/PackageCache/com.unity.visualscripting@1.9.4/Editor/VisualScripting.Core/Utilities/PackageVersionUtility.cs:31 
  at Unity.VisualScripting.BoltCoreManifest.get_version () [0x00000] in /home/hmcelik/Desktop/My project/Library/PackageCache/com.unity.visualscripting@1.9.4/Editor/VisualScripting.Core/Plugin/BoltCoreManifest.cs:11 
  at Unity.VisualScripting.PluginManifest.get_currentVersion () [0x00000] in /home/hmcelik/Desktop/My project/Library/PackageCache/com.unity.visualscripting@1.9.4/Editor/VisualScripting.Core/Plugins/PluginManifest.cs:33 
  at Unity.VisualScripting.PluginManifest.get_versionMismatch () [0x00000] in /home/hmcelik/Desktop/My project/Library/PackageCache/com.unity.visualscripting@1.9.4/Editor/VisualScripting.Core/Plugins/PluginManifest.cs:48 
  at Unity.VisualScripting.PluginContainer.Initialize () [0x00525] in /home/hmcelik/Desktop/My project/Library/PackageCache/com.unity.visualscripting@1.9.4/Editor/VisualScripting.Core/Plugins/PluginContainer.cs:208 
  at Unity.VisualScripting.PluginContainer.InitializeOnLoad () [0x00009] in /home/hmcelik/Desktop/My project/Library/PackageCache/com.unity.visualscripting@1.9.4/Editor/VisualScripting.Core/Plugins/PluginContainer.cs:32 
  at Unity.VisualScripting.VSUsageUtility.DoInitializeOnLoadCalls () [0x00034] in /home/hmcelik/Desktop/My project/Library/PackageCache/com.unity.visualscripting@1.9.4/Editor/VisualScripting.Core/Utilities/VSUsageUtility.cs:76 
  at Unity.VisualScripting.VSUsageUtility.set_isVisualScriptingUsed (System.Boolean value) [0x0002c] in /home/hmcelik/Desktop/My project/Library/PackageCache/com.unity.visualscripting@1.9.4/Editor/VisualScripting.Core/Utilities/VSUsageUtility.cs:114 
  at Unity.VisualScripting.VSUsageUtility.CheckAndSetIsVisualScriptingUsed () [0x00032] in /home/hmcelik/Desktop/My project/Library/PackageCache/com.unity.visualscripting@1.9.4/Editor/VisualScripting.Core/Utilities/VSUsageUtility.cs:48 
  at Unity.VisualScripting.VSUsageUtility..cctor () [0x00000] in /home/hmcelik/Desktop/My project/Library/PackageCache/com.unity.visualscripting@1.9.4/Editor/VisualScripting.Core/Utilities/VSUsageUtility.cs:22 
UnityEngine.StackTraceUtility:ExtractStackTrace () (at /home/bokken/build/output/unity/unity/Runtime/Export/Scripting/StackTrace.cs:37)
UnityEngine.DebugLogHandler:LogFormat (UnityEngine.LogType,UnityEngine.Object,string,object[])
UnityEngine.Logger:Log (UnityEngine.LogType,object)
UnityEngine.Debug:LogError (object)
UnityEditor.EditorAssemblies:ProcessInitializeOnLoadAttributes (System.Type[]) (at /home/bokken/build/output/unity/unity/Editor/Mono/EditorAssemblies.cs:134)

(Filename: /home/bokken/build/output/unity/unity/Editor/Mono/EditorAssemblies.cs Line: 134)

Mono: successfully reloaded assembly
- Completed reload, in  1,557 seconds
Domain Reload Profiling:
	ReloadAssembly (1558ms)
		BeginReloadAssembly (78ms)
			ExecutionOrderSort (0ms)
			DisableScriptedObjects (5ms)
			BackupInstance (0ms)
			ReleaseScriptingObjects (0ms)
			CreateAndSetChildDomain (15ms)
		EndReloadAssembly (1394ms)
			LoadAssemblies (53ms)
			RebuildTransferFunctionScriptingTraits (0ms)
			SetupTypeCache (232ms)
			ReleaseScriptCaches (0ms)
			RebuildScriptCaches (53ms)
			SetupLoadedEditorAssemblies (1013ms)
				LogAssemblyErrors (0ms)
				InitializePlatformSupportModulesInManaged (9ms)
				SetLoadedEditorAssemblies (0ms)
				RefreshPlugins (78ms)
				BeforeProcessingInitializeOnLoad (73ms)
				ProcessInitializeOnLoadAttributes (820ms)
				ProcessInitializeOnLoadMethodAttributes (29ms)
				AfterProcessingInitializeOnLoad (4ms)
				EditorAssembliesLoaded (0ms)
			ExecutionOrderSort2 (0ms)
			AwakeInstancesAfterBackupRestoration (3ms)
Platform modules already initialized, skipping
========================================================================
Worker process is ready to serve import requests
Launched and connected shader compiler UnityShaderCompiler after 0.01 seconds
Refreshing native plugins compatible for Editor in 0,74 ms, found 2 plugins.
Preloading 0 native plugins for Editor in 0,00 ms.
Unloading 4027 Unused Serialized files (Serialized files now loaded: 0)
Unloading 60 unused Assets / (67,7 KB). Loaded Objects now: 4459.
Memory consumption went from 139,7 MB to 139,6 MB.
Total: 13,297670 ms (FindLiveObjects: 0,316009 ms CreateObjectMapping: 0,215413 ms MarkObjects: 12,597129 ms  DeleteObjects: 0,167838 ms)

AssetImportParameters requested are different than current active one (requested -> active):
  custom:video-decoder-ogg-theora: a1e56fd34408186e4bbccfd4996cb3dc -> 
  custom:container-muxer-webm: aa71ff27fc2769a1b78a27578f13a17b -> 
  custom:container-demuxer-webm: 4f35f7cbe854078d1ac9338744f61a02 -> 
  custom:video-encoder-webm-vp8: eb34c28f22e8b96e1ab97ce403110664 -> 
  custom:CustomObjectIndexerAttribute: bc11b3a6c3213fcdd17b65e7da85e133 -> 
  custom:audio-encoder-webm-vorbis: bf7c407c2cedff20999df2af8eb42d56 -> 
  custom:SearchIndexIgnoredProperties: e643bd26f0fe6173181afceb89e7c659 -> 
  custom:container-demuxer-ogg: 62fdf1f143b41e24485cea50d1cbac27 -> 
  custom:video-decoder-webm-vp8: 9c59270c3fd7afecdb556c50c9e8de78 -> 
  custom:audio-decoder-ogg-vorbis: bf7c407c2cedff20999df2af8eb42d56 -> 
========================================================================
Received Import Request.
  Time since last request: 768,694049 seconds.
  path: Assets/Simple Garage/Materials/[0036_BurlyWood].mat
  artifactKey: Guid(b233ae0ecddf1804ab2ba09bd2e0ccc8) Importer(815301076,1909f56bfc062723c751e8b465ee728b)
Number of updated assets reloaded before import = 0
Start importing Assets/Simple Garage/Materials/[0036_BurlyWood].mat using Guid(b233ae0ecddf1804ab2ba09bd2e0ccc8) Importer(815301076,1909f56bfc062723c751e8b465ee728b)  -> (artifact id: 'f52d2f1796c71ff925427672616384a2') in 0,350318 seconds 
Number of asset objects unloaded after import = 1
========================================================================
Received Import Request.
  Time since last request: 0,000020 seconds.
  path: Assets/Simple Garage/Materials/_Silver_.mat
  artifactKey: Guid(28af6d158fe16b640b963a7062aa7f0e) Importer(815301076,1909f56bfc062723c751e8b465ee728b)
Number of updated assets reloaded before import = 0
Start importing Assets/Simple Garage/Materials/_Silver_.mat using Guid(28af6d158fe16b640b963a7062aa7f0e) Importer(815301076,1909f56bfc062723c751e8b465ee728b)  -> (artifact id: 'ca5a4993205ebd1968e6de4166221f00') in 0,441030 seconds 
Number of asset objects unloaded after import = 2
========================================================================
Received Import Request.
  Time since last request: 0,002622 seconds.
  path: Assets/Simple Garage/Models/Black suitcase.fbx
  artifactKey: Guid(c5c9be30d805efd40b01a9be27ef4b62) Importer(815301076,1909f56bfc062723c751e8b465ee728b)
Number of updated assets reloaded before import = 0
Start importing Assets/Simple Garage/Models/Black suitcase.fbx using Guid(c5c9be30d805efd40b01a9be27ef4b62) Importer(815301076,1909f56bfc062723c751e8b465ee728b)  -> (artifact id: 'c2d432e770243c360c25b5a8371f80ae') in 0,087493 seconds 
Number of asset objects unloaded after import = 9
========================================================================
Received Import Request.
  Time since last request: 0,000022 seconds.
  path: Assets/Simple Garage/Materials/[Color_003].mat
  artifactKey: Guid(6453aa9316b043047a8785e48b115d14) Importer(815301076,1909f56bfc062723c751e8b465ee728b)
Number of updated assets reloaded before import = 0
Start importing Assets/Simple Garage/Materials/[Color_003].mat using Guid(6453aa9316b043047a8785e48b115d14) Importer(815301076,1909f56bfc062723c751e8b465ee728b)  -> (artifact id: 'c76576f3861fec30f80034253adb27f4') in 0,022599 seconds 
Number of asset objects unloaded after import = 2
========================================================================
Received Import Request.
  Time since last request: 0,000015 seconds.
  path: Assets/Simple Garage/Models/Red suitcase.fbx
  artifactKey: Guid(317ca1a0c8a7425428605b4f094ed3cf) Importer(815301076,1909f56bfc062723c751e8b465ee728b)
Number of updated assets reloaded before import = 0
Start importing Assets/Simple Garage/Models/Red suitcase.fbx using Guid(317ca1a0c8a7425428605b4f094ed3cf) Importer(815301076,1909f56bfc062723c751e8b465ee728b)  -> (artifact id: '531b65100e412e90451e97d05acd05aa') in 0,074672 seconds 
Number of asset objects unloaded after import = 9
========================================================================
Received Import Request.
  Time since last request: 0,003251 seconds.
  path: Assets/Simple Garage/Models/Machinery parts.on the floor.fbx
  artifactKey: Guid(0bbe402466917cb46b2d7bfa99dde560) Importer(815301076,1909f56bfc062723c751e8b465ee728b)
Number of updated assets reloaded before import = 0
Start importing Assets/Simple Garage/Models/Machinery parts.on the floor.fbx using Guid(0bbe402466917cb46b2d7bfa99dde560) Importer(815301076,1909f56bfc062723c751e8b465ee728b)  -> (artifact id: 'eceea348de3d45e7487612674d097103') in 0,213567 seconds 
Number of asset objects unloaded after import = 10
========================================================================
Received Import Request.
  Time since last request: 0,000022 seconds.
  path: Assets/Simple Garage/Models/Camouflage suitcase.fbx
  artifactKey: Guid(0110015a6c2dc6a4f922574f1e6115cb) Importer(815301076,1909f56bfc062723c751e8b465ee728b)
Number of updated assets reloaded before import = 0
Start importing Assets/Simple Garage/Models/Camouflage suitcase.fbx using Guid(0110015a6c2dc6a4f922574f1e6115cb) Importer(815301076,1909f56bfc062723c751e8b465ee728b)  -> (artifact id: '712ccd25f7953383af9d18cc090fa2e9') in 0,342951 seconds 
Number of asset objects unloaded after import = 11
========================================================================
Received Import Request.
  Time since last request: 0,000026 seconds.
  path: Assets/Simple Garage/Models/Sponge.fbx
  artifactKey: Guid(9d6e34dbf58d5c84c8d5b0859fba43ce) Importer(815301076,1909f56bfc062723c751e8b465ee728b)
Number of updated assets reloaded before import = 0
Start importing Assets/Simple Garage/Models/Sponge.fbx using Guid(9d6e34dbf58d5c84c8d5b0859fba43ce) Importer(815301076,1909f56bfc062723c751e8b465ee728b)  -> (artifact id: '4bcac96d4f026cdeefbc93cd0636bac9') in 0,114086 seconds 
Number of asset objects unloaded after import = 8
========================================================================
Received Import Request.
  Time since last request: 0,000018 seconds.
  path: Assets/Simple Garage/Materials/[0136_Charcoal]2.mat
  artifactKey: Guid(a1bfe3a4435270d4eb36c3f8b89f6215) Importer(815301076,1909f56bfc062723c751e8b465ee728b)
Number of updated assets reloaded before import = 0
Start importing Assets/Simple Garage/Materials/[0136_Charcoal]2.mat using Guid(a1bfe3a4435270d4eb36c3f8b89f6215) Importer(815301076,1909f56bfc062723c751e8b465ee728b)  -> (artifact id: '6845f23c1d3a03b27f62d01b9677e7f9') in 0,019218 seconds 
Number of asset objects unloaded after import = 1
========================================================================
Received Import Request.
  Time since last request: 0,000022 seconds.
  path: Assets/Simple Garage/Materials/_Black_.mat
  artifactKey: Guid(6bb0646f945fbe54f8d856b346e6c2f3) Importer(815301076,1909f56bfc062723c751e8b465ee728b)
Number of updated assets reloaded before import = 0
Start importing Assets/Simple Garage/Materials/_Black_.mat using Guid(6bb0646f945fbe54f8d856b346e6c2f3) Importer(815301076,1909f56bfc062723c751e8b465ee728b)  -> (artifact id: '2e3423972321edc34fbb21573ee18c48') in 0,018919 seconds 
Number of asset objects unloaded after import = 1
========================================================================
Received Import Request.
  Time since last request: 0,000018 seconds.
  path: Assets/Simple Garage/Models/Opened locker.fbx
  artifactKey: Guid(14d2aee51ed41ad4fb466baeb037c9c7) Importer(815301076,1909f56bfc062723c751e8b465ee728b)
Number of updated assets reloaded before import = 0
Start importing Assets/Simple Garage/Models/Opened locker.fbx using Guid(14d2aee51ed41ad4fb466baeb037c9c7) Importer(815301076,1909f56bfc062723c751e8b465ee728b)  -> (artifact id: '00218126ce6c3e7f60ac565f03f10a52') in 0,377707 seconds 
Number of asset objects unloaded after import = 14
========================================================================
Received Import Request.
  Time since last request: 0,000024 seconds.
  path: Assets/Simple Garage/Models/White suitcase.002.fbx
  artifactKey: Guid(ed717cf5527eff748ace6df57db2e2b4) Importer(815301076,1909f56bfc062723c751e8b465ee728b)
Number of updated assets reloaded before import = 0
Start importing Assets/Simple Garage/Models/White suitcase.002.fbx using Guid(ed717cf5527eff748ace6df57db2e2b4) Importer(815301076,1909f56bfc062723c751e8b465ee728b)  -> (artifact id: '1e1b2e831d23efc43fa9987cd43b2473') in 0,067131 seconds 
Number of asset objects unloaded after import = 9
========================================================================
Received Import Request.
  Time since last request: 0,000024 seconds.
  path: Assets/Simple Garage/Materials/[Color_D03].001.mat
  artifactKey: Guid(e8d3acfcf45369b47984c04d0b7bebb5) Importer(815301076,1909f56bfc062723c751e8b465ee728b)
Number of updated assets reloaded before import = 0
Start importing Assets/Simple Garage/Materials/[Color_D03].001.mat using Guid(e8d3acfcf45369b47984c04d0b7bebb5) Importer(815301076,1909f56bfc062723c751e8b465ee728b)  -> (artifact id: '609f0dbef8bccea2767222a2dc6bb911') in 0,035850 seconds 
Number of asset objects unloaded after import = 1
========================================================================
Received Import Request.
  Time since last request: 0,004374 seconds.
  path: Assets/Simple Garage/Models/Drill Bits.fbx
  artifactKey: Guid(1e411d3e5babd7941aeb58230965174e) Importer(815301076,1909f56bfc062723c751e8b465ee728b)
Number of updated assets reloaded before import = 0
Start importing Assets/Simple Garage/Models/Drill Bits.fbx using Guid(1e411d3e5babd7941aeb58230965174e) Importer(815301076,1909f56bfc062723c751e8b465ee728b)  -> (artifact id: 'f73f39df3ab48192672effd446d169cf') in 0,104240 seconds 
Number of asset objects unloaded after import = 8
========================================================================
Received Import Request.
  Time since last request: 0,004596 seconds.
  path: Assets/Simple Garage/Materials/[_0129_WhiteSmoke_].mat
  artifactKey: Guid(8833c0fdc1dabeb439f07d1d19c7790f) Importer(815301076,1909f56bfc062723c751e8b465ee728b)
Number of updated assets reloaded before import = 0
Start importing Assets/Simple Garage/Materials/[_0129_WhiteSmoke_].mat using Guid(8833c0fdc1dabeb439f07d1d19c7790f) Importer(815301076,1909f56bfc062723c751e8b465ee728b)  -> (artifact id: 'ca6e94488e0e6fadf8eab55b075700fc') in 0,044877 seconds 
Number of asset objects unloaded after import = 1
========================================================================
Received Import Request.
  Time since last request: 0,000017 seconds.
  path: Assets/Simple Garage/Models/Shelf.fbx
  artifactKey: Guid(7316845734f527d4aaba29d50932acf5) Importer(815301076,1909f56bfc062723c751e8b465ee728b)
Number of updated assets reloaded before import = 0
Start importing Assets/Simple Garage/Models/Shelf.fbx using Guid(7316845734f527d4aaba29d50932acf5) Importer(815301076,1909f56bfc062723c751e8b465ee728b)  -> (artifact id: 'c7353241ebd646c3ebc49de871a7b29a') in 0,145827 seconds 
Number of asset objects unloaded after import = 12
========================================================================
Received Import Request.
  Time since last request: 0,002684 seconds.
  path: Assets/Simple Garage/Materials/_Brown_.mat
  artifactKey: Guid(4edab6e8f5452fc419febcf79e0fe4f2) Importer(815301076,1909f56bfc062723c751e8b465ee728b)
Number of updated assets reloaded before import = 0
Start importing Assets/Simple Garage/Materials/_Brown_.mat using Guid(4edab6e8f5452fc419febcf79e0fe4f2) Importer(815301076,1909f56bfc062723c751e8b465ee728b)  -> (artifact id: 'ab956a7fdf333d20c7e582c99e1d6061') in 0,029917 seconds 
Number of asset objects unloaded after import = 1
========================================================================
Received Import Request.
  Time since last request: 0,000016 seconds.
  path: Assets/Simple Garage/Materials/[Color_006].mat
  artifactKey: Guid(edec75fe48008b14a8c365b20463bc85) Importer(815301076,1909f56bfc062723c751e8b465ee728b)
Number of updated assets reloaded before import = 0
Start importing Assets/Simple Garage/Materials/[Color_006].mat using Guid(edec75fe48008b14a8c365b20463bc85) Importer(815301076,1909f56bfc062723c751e8b465ee728b)  -> (artifact id: '6a7483fa28c1f7ba477f66d6e2a00b8f') in 0,028521 seconds 
Number of asset objects unloaded after import = 1
========================================================================
Received Import Request.
  Time since last request: 0,000017 seconds.
  path: Assets/Simple Garage/Models/Bench Grinder.fbx
  artifactKey: Guid(20cc8b5b259c1ce4bbaf0889d74e395a) Importer(815301076,1909f56bfc062723c751e8b465ee728b)
Number of updated assets reloaded before import = 0
Start importing Assets/Simple Garage/Models/Bench Grinder.fbx using Guid(20cc8b5b259c1ce4bbaf0889d74e395a) Importer(815301076,1909f56bfc062723c751e8b465ee728b)  -> (artifact id: 'f64b7a53345a4662f56d6c59e0851a7a') in 0,483675 seconds 
Number of asset objects unloaded after import = 14
========================================================================
Received Import Request.
  Time since last request: 0,000035 seconds.
  path: Assets/Simple Garage/Materials/[Color_B01].mat
  artifactKey: Guid(f2830af80c5ff224aa28e506d21cb9cd) Importer(815301076,1909f56bfc062723c751e8b465ee728b)
Number of updated assets reloaded before import = 0
Start importing Assets/Simple Garage/Materials/[Color_B01].mat using Guid(f2830af80c5ff224aa28e506d21cb9cd) Importer(815301076,1909f56bfc062723c751e8b465ee728b)  -> (artifact id: '0969cdeb02dab93ea81a61abebc995bd') in 0,014144 seconds 
Number of asset objects unloaded after import = 2
========================================================================
Received Import Request.
  Time since last request: 0,000022 seconds.
  path: Assets/Simple Garage/Materials/2K-tiling_44_basecolor.mat
  artifactKey: Guid(1d0c85a40adbb0e41be6404db12b98c4) Importer(815301076,1909f56bfc062723c751e8b465ee728b)
Number of updated assets reloaded before import = 0
Start importing Assets/Simple Garage/Materials/2K-tiling_44_basecolor.mat using Guid(1d0c85a40adbb0e41be6404db12b98c4) Importer(815301076,1909f56bfc062723c751e8b465ee728b)  -> (artifact id: 'c2045fb5e3a6fc9ea3334f42f5cc9287') in 0,288910 seconds 
Number of asset objects unloaded after import = 3
========================================================================
Received Import Request.
  Time since last request: 0,002161 seconds.
  path: Assets/Brick Project Studio/Apartment Kit/Common/Materials/Surface/Adler Dark Wood.mat
  artifactKey: Guid(2149baccf21e31043a0e66c87a72bfcd) Importer(815301076,1909f56bfc062723c751e8b465ee728b)
Number of updated assets reloaded before import = 0
Start importing Assets/Brick Project Studio/Apartment Kit/Common/Materials/Surface/Adler Dark Wood.mat using Guid(2149baccf21e31043a0e66c87a72bfcd) Importer(815301076,1909f56bfc062723c751e8b465ee728b)  -> (artifact id: '749536e297daf7cf5c2d95a8427a966f') in 0,055526 seconds 
Number of asset objects unloaded after import = 3
========================================================================
Received Import Request.
  Time since last request: 0,000019 seconds.
  path: Assets/Simple Garage/Materials/_Gray Glass_.mat
  artifactKey: Guid(8f75634a104480a4d8122b5b4435a38a) Importer(815301076,1909f56bfc062723c751e8b465ee728b)
Number of updated assets reloaded before import = 0
Start importing Assets/Simple Garage/Materials/_Gray Glass_.mat using Guid(8f75634a104480a4d8122b5b4435a38a) Importer(815301076,1909f56bfc062723c751e8b465ee728b)  -> (artifact id: '16800d4dac39da1b7ba86a364854f52f') in 0,468972 seconds 
Number of asset objects unloaded after import = 1
========================================================================
Received Import Request.
  Time since last request: 0,000016 seconds.
  path: Assets/Simple Garage/Materials/_Charcoal_.mat
  artifactKey: Guid(9d6913bc815c98847b3f5446ba52a72e) Importer(815301076,1909f56bfc062723c751e8b465ee728b)
Number of updated assets reloaded before import = 0
Start importing Assets/Simple Garage/Materials/_Charcoal_.mat using Guid(9d6913bc815c98847b3f5446ba52a72e) Importer(815301076,1909f56bfc062723c751e8b465ee728b)  -> (artifact id: 'd7020ca5dc866b44b2e8ab77e1f5ec6f') in 0,036285 seconds 
Number of asset objects unloaded after import = 1
========================================================================
Received Import Request.
  Time since last request: 0,992241 seconds.
  path: Assets/Brick Project Studio/_BPS Basic Assets/Common/Materials/Basic Assets/BA_Color_Black_01.mat
  artifactKey: Guid(4cd790ac0d37bdc46970f6688c6b5070) Importer(815301076,1909f56bfc062723c751e8b465ee728b)
Number of updated assets reloaded before import = 0
Start importing Assets/Brick Project Studio/_BPS Basic Assets/Common/Materials/Basic Assets/BA_Color_Black_01.mat using Guid(4cd790ac0d37bdc46970f6688c6b5070) Importer(815301076,1909f56bfc062723c751e8b465ee728b)  -> (artifact id: '96a600f39e946825444bca5d5f211b57') in 0,071901 seconds 
Number of asset objects unloaded after import = 1
========================================================================
Received Import Request.
  Time since last request: 0,000017 seconds.
  path: Assets/Brick Project Studio/_BPS Basic Assets/Common/Materials/Basic Assets/BA_Glass_02.mat
  artifactKey: Guid(3bded00981e95504a8e47f996835ca9a) Importer(815301076,1909f56bfc062723c751e8b465ee728b)
Number of updated assets reloaded before import = 0
Start importing Assets/Brick Project Studio/_BPS Basic Assets/Common/Materials/Basic Assets/BA_Glass_02.mat using Guid(3bded00981e95504a8e47f996835ca9a) Importer(815301076,1909f56bfc062723c751e8b465ee728b)  -> (artifact id: '073173b139b872b99433101cad3baa6c') in 0,458963 seconds 
Number of asset objects unloaded after import = 1
========================================================================
Received Import Request.
  Time since last request: 0,000030 seconds.
  path: Assets/Brick Project Studio/_BPS Basic Assets/Common/Materials/Basic Assets/BA_Glass_04.mat
  artifactKey: Guid(65d72af2f614466478d9d8d8d7593b95) Importer(815301076,1909f56bfc062723c751e8b465ee728b)
Number of updated assets reloaded before import = 0
Start importing Assets/Brick Project Studio/_BPS Basic Assets/Common/Materials/Basic Assets/BA_Glass_04.mat using Guid(65d72af2f614466478d9d8d8d7593b95) Importer(815301076,1909f56bfc062723c751e8b465ee728b)  -> (artifact id: '0bcc38ed3b6b0b6058cc67138d1407f1') in 0,301101 seconds 
Number of asset objects unloaded after import = 1
========================================================================
Received Import Request.
  Time since last request: 0,000025 seconds.
  path: Assets/Brick Project Studio/_BPS Basic Assets/Common/Materials/Basic Assets/BA_Porc.mat
  artifactKey: Guid(c4633b4bc8d4dbb41bc32118f1812b6e) Importer(815301076,1909f56bfc062723c751e8b465ee728b)
Number of updated assets reloaded before import = 0
Start importing Assets/Brick Project Studio/_BPS Basic Assets/Common/Materials/Basic Assets/BA_Porc.mat using Guid(c4633b4bc8d4dbb41bc32118f1812b6e) Importer(815301076,1909f56bfc062723c751e8b465ee728b)  -> (artifact id: 'eca81c2b25cd5c69c2dcbb2ffcb7cd74') in 0,033064 seconds 
Number of asset objects unloaded after import = 1
========================================================================
Received Import Request.
  Time since last request: 0,000232 seconds.
  path: Assets/Brick Project Studio/_BPS Basic Assets/Common/Materials/Basic Assets/BA_Plastic_01.mat
  artifactKey: Guid(255352a35d6d72c4e8ee50bc826f7495) Importer(815301076,1909f56bfc062723c751e8b465ee728b)
Number of updated assets reloaded before import = 0
Start importing Assets/Brick Project Studio/_BPS Basic Assets/Common/Materials/Basic Assets/BA_Plastic_01.mat using Guid(255352a35d6d72c4e8ee50bc826f7495) Importer(815301076,1909f56bfc062723c751e8b465ee728b)  -> (artifact id: 'a9acaaa8ed7a9f5fab3091f1a75d7914') in 0,030698 seconds 
Number of asset objects unloaded after import = 3
========================================================================
Received Import Request.
  Time since last request: 0,000016 seconds.
  path: Assets/Simple Garage/Materials/blue light.mat
  artifactKey: Guid(15e08cb328ceee642a65284046b295fe) Importer(815301076,1909f56bfc062723c751e8b465ee728b)
Number of updated assets reloaded before import = 0
Start importing Assets/Simple Garage/Materials/blue light.mat using Guid(15e08cb328ceee642a65284046b295fe) Importer(815301076,1909f56bfc062723c751e8b465ee728b)  -> (artifact id: '84c22920e976809c4f424f9753b5ad57') in 0,217865 seconds 
Number of asset objects unloaded after import = 1
========================================================================
Received Import Request.
  Time since last request: 0,000019 seconds.
  path: Assets/Simple Garage/Materials/body.mat
  artifactKey: Guid(cfa013396b64c1a43af405a116941549) Importer(815301076,1909f56bfc062723c751e8b465ee728b)
Number of updated assets reloaded before import = 0
Start importing Assets/Simple Garage/Materials/body.mat using Guid(cfa013396b64c1a43af405a116941549) Importer(815301076,1909f56bfc062723c751e8b465ee728b)  -> (artifact id: '9899b38c7f3089f9b3075b1d53c56b21') in 0,028020 seconds 
Number of asset objects unloaded after import = 1
========================================================================
Received Import Request.
  Time since last request: 0,000027 seconds.
  path: Assets/Brick Project Studio/Apartment Kit/Common/Materials/Surface/BathroomMat_01.mat
  artifactKey: Guid(5eb7a5a1792bf624eb105fb759006553) Importer(815301076,1909f56bfc062723c751e8b465ee728b)
Number of updated assets reloaded before import = 0
Start importing Assets/Brick Project Studio/Apartment Kit/Common/Materials/Surface/BathroomMat_01.mat using Guid(5eb7a5a1792bf624eb105fb759006553) Importer(815301076,1909f56bfc062723c751e8b465ee728b)  -> (artifact id: 'cd6c470fe296251a91c96c15ceeac1c2') in 0,040451 seconds 
Number of asset objects unloaded after import = 2
========================================================================
Received Import Request.
  Time since last request: 0,000017 seconds.
  path: Assets/Simple Garage/Materials/Black-4.mat
  artifactKey: Guid(32c330ba2dea66c49a868b2037522165) Importer(815301076,1909f56bfc062723c751e8b465ee728b)
Number of updated assets reloaded before import = 0
Start importing Assets/Simple Garage/Materials/Black-4.mat using Guid(32c330ba2dea66c49a868b2037522165) Importer(815301076,1909f56bfc062723c751e8b465ee728b)  -> (artifact id: 'ee5154f86aab01acef48eb7b3b28ff2c') in 0,042128 seconds 
Number of asset objects unloaded after import = 1
========================================================================
Received Import Request.
  Time since last request: 0,000848 seconds.
  path: Assets/turtlebot3-foxy-devel/Materials/blue.mat
  artifactKey: Guid(e0d4e0bc7aa8064d79ae77d3da1b11de) Importer(815301076,1909f56bfc062723c751e8b465ee728b)
Number of updated assets reloaded before import = 0
Start importing Assets/turtlebot3-foxy-devel/Materials/blue.mat using Guid(e0d4e0bc7aa8064d79ae77d3da1b11de) Importer(815301076,1909f56bfc062723c751e8b465ee728b)  -> (artifact id: '811839bb47de8d48ccdbfa59e185571d') in 0,060333 seconds 
Number of asset objects unloaded after import = 1
========================================================================
Received Import Request.
  Time since last request: 0,005912 seconds.
  path: Assets/turtlebot3-foxy-devel/Materials/brown.mat
  artifactKey: Guid(a71d807c66843e6ab90070dcb4725943) Importer(815301076,1909f56bfc062723c751e8b465ee728b)
Number of updated assets reloaded before import = 0
Start importing Assets/turtlebot3-foxy-devel/Materials/brown.mat using Guid(a71d807c66843e6ab90070dcb4725943) Importer(815301076,1909f56bfc062723c751e8b465ee728b)  -> (artifact id: '07c9ddff4a39d6cd28537719364f9283') in 0,029632 seconds 
Number of asset objects unloaded after import = 1
========================================================================
Received Import Request.
  Time since last request: 0,000022 seconds.
  path: Assets/Brick Project Studio/_BPS Basic Assets/Common/Materials/Legacy/Brick 02.mat
  artifactKey: Guid(3d1a06be464c4f34a858b507405a7bb5) Importer(815301076,1909f56bfc062723c751e8b465ee728b)
Number of updated assets reloaded before import = 0
Start importing Assets/Brick Project Studio/_BPS Basic Assets/Common/Materials/Legacy/Brick 02.mat using Guid(3d1a06be464c4f34a858b507405a7bb5) Importer(815301076,1909f56bfc062723c751e8b465ee728b)  -> (artifact id: '80750fd1282c68682d5dac9aaf8a641b') in 0,708972 seconds 
Number of asset objects unloaded after import = 4
========================================================================
Received Import Request.
  Time since last request: 0,000025 seconds.
  path: Assets/Simple Garage/Materials/black2.mat
  artifactKey: Guid(ea1cc228a30b5794d8addf0bf689c990) Importer(815301076,1909f56bfc062723c751e8b465ee728b)
Number of updated assets reloaded before import = 0
Start importing Assets/Simple Garage/Materials/black2.mat using Guid(ea1cc228a30b5794d8addf0bf689c990) Importer(815301076,1909f56bfc062723c751e8b465ee728b)  -> (artifact id: 'f56bd17c47ef9c1a4972b365b74a668e') in 0,017657 seconds 
Number of asset objects unloaded after import = 1
========================================================================
Received Import Request.
  Time since last request: 0,000025 seconds.
  path: Assets/Brick Project Studio/Apartment Kit/Common/Materials/Surface/BR_Tile_01.mat
  artifactKey: Guid(aae18af11f5af9d43bb55831bba0ae8f) Importer(815301076,1909f56bfc062723c751e8b465ee728b)
Number of updated assets reloaded before import = 0
Start importing Assets/Brick Project Studio/Apartment Kit/Common/Materials/Surface/BR_Tile_01.mat using Guid(aae18af11f5af9d43bb55831bba0ae8f) Importer(815301076,1909f56bfc062723c751e8b465ee728b)  -> (artifact id: '3e6de6ff0680dcea281f0471a936cdd9') in 0,415941 seconds 
Number of asset objects unloaded after import = 3
========================================================================
Received Import Request.
  Time since last request: 0,000022 seconds.
  path: Assets/Brick Project Studio/Apartment Kit/Common/Materials/Surface/Brushed Metal_Chrome.mat
  artifactKey: Guid(4580dd49916b3c542b97109c8ca425f3) Importer(815301076,1909f56bfc062723c751e8b465ee728b)
Number of updated assets reloaded before import = 0
Start importing Assets/Brick Project Studio/Apartment Kit/Common/Materials/Surface/Brushed Metal_Chrome.mat using Guid(4580dd49916b3c542b97109c8ca425f3) Importer(815301076,1909f56bfc062723c751e8b465ee728b)  -> (artifact id: '10f4e99112565909a2e4de6b1f34a641') in 0,032997 seconds 
Number of asset objects unloaded after import = 3
========================================================================
Received Import Request.
  Time since last request: 0,000030 seconds.
  path: Assets/Brick Project Studio/Apartment Kit/Common/Materials/Misc/Colors_apt_01.mat
  artifactKey: Guid(ef29f2ebae532ed4291b1e9ad9cc45a5) Importer(815301076,1909f56bfc062723c751e8b465ee728b)
Number of updated assets reloaded before import = 0
Start importing Assets/Brick Project Studio/Apartment Kit/Common/Materials/Misc/Colors_apt_01.mat using Guid(ef29f2ebae532ed4291b1e9ad9cc45a5) Importer(815301076,1909f56bfc062723c751e8b465ee728b)  -> (artifact id: 'a0a59e99bbf9ccdc7d714038d1642c69') in 0,032262 seconds 
Number of asset objects unloaded after import = 2
========================================================================
Received Import Request.
  Time since last request: 0,000198 seconds.
  path: Assets/Simple Garage/Materials/Carpet albedo.mat
  artifactKey: Guid(4d3949fc3b5686e488e9190dae8cf98e) Importer(815301076,1909f56bfc062723c751e8b465ee728b)
Number of updated assets reloaded before import = 0
Start importing Assets/Simple Garage/Materials/Carpet albedo.mat using Guid(4d3949fc3b5686e488e9190dae8cf98e) Importer(815301076,1909f56bfc062723c751e8b465ee728b)  -> (artifact id: 'bc73f17d603fcd5fa1fc4df39e9d3d52') in 0,016376 seconds 
Number of asset objects unloaded after import = 3
========================================================================
Received Import Request.
  Time since last request: 0,000018 seconds.
  path: Assets/Brick Project Studio/Apartment Kit/Common/Materials/Misc/Canvas_Painting_01.mat
  artifactKey: Guid(5c4d526e95a945e46abbe1645a318634) Importer(815301076,1909f56bfc062723c751e8b465ee728b)
Number of updated assets reloaded before import = 0
Start importing Assets/Brick Project Studio/Apartment Kit/Common/Materials/Misc/Canvas_Painting_01.mat using Guid(5c4d526e95a945e46abbe1645a318634) Importer(815301076,1909f56bfc062723c751e8b465ee728b)  -> (artifact id: 'e97d610cbfb82c42d5856a7fddf63b79') in 0,052942 seconds 
Number of asset objects unloaded after import = 3
========================================================================
Received Import Request.
  Time since last request: 0,000145 seconds.
  path: Assets/Brick Project Studio/Apartment Kit/Common/Materials/Misc/Canvas_Painting_02.mat
  artifactKey: Guid(70c663d62a3d11442934efad3b175b35) Importer(815301076,1909f56bfc062723c751e8b465ee728b)
Number of updated assets reloaded before import = 0
Start importing Assets/Brick Project Studio/Apartment Kit/Common/Materials/Misc/Canvas_Painting_02.mat using Guid(70c663d62a3d11442934efad3b175b35) Importer(815301076,1909f56bfc062723c751e8b465ee728b)  -> (artifact id: '3261d3a32b291f3baf5f77510b0fcc69') in 0,058697 seconds 
Number of asset objects unloaded after import = 3
========================================================================
Received Import Request.
  Time since last request: 0,000021 seconds.
  path: Assets/Simple Garage/Materials/Ceiling.mat
  artifactKey: Guid(49d6cde84cf7a9d4aae1d7573eee691d) Importer(815301076,1909f56bfc062723c751e8b465ee728b)
Number of updated assets reloaded before import = 0
Start importing Assets/Simple Garage/Materials/Ceiling.mat using Guid(49d6cde84cf7a9d4aae1d7573eee691d) Importer(815301076,1909f56bfc062723c751e8b465ee728b)  -> (artifact id: '587a4ea826c229e55fec2d23e8145492') in 0,018099 seconds 
Number of asset objects unloaded after import = 3
========================================================================
Received Import Request.
  Time since last request: 0,000017 seconds.
  path: Packages/com.unity.probuilder/Content/Resources/Materials/Collider.mat
  artifactKey: Guid(bbb235fff4f48426b863b36058ab66d2) Importer(815301076,1909f56bfc062723c751e8b465ee728b)
Number of updated assets reloaded before import = 0
Start importing Packages/com.unity.probuilder/Content/Resources/Materials/Collider.mat using Guid(bbb235fff4f48426b863b36058ab66d2) Importer(815301076,1909f56bfc062723c751e8b465ee728b)  -> (artifact id: '469edc1fc0448ae1a40a8e416d945b8d') in 0,099358 seconds 
Number of asset objects unloaded after import = 2
========================================================================
Received Import Request.
  Time since last request: 0,000017 seconds.
  path: Assets/Brick Project Studio/Apartment Kit/Common/Materials/Misc/Canvas_Nat_08.mat
  artifactKey: Guid(100b25bc47f9d454882fe90599a30b8e) Importer(815301076,1909f56bfc062723c751e8b465ee728b)
Number of updated assets reloaded before import = 0
Start importing Assets/Brick Project Studio/Apartment Kit/Common/Materials/Misc/Canvas_Nat_08.mat using Guid(100b25bc47f9d454882fe90599a30b8e) Importer(815301076,1909f56bfc062723c751e8b465ee728b)  -> (artifact id: 'd22506387c85420017579352fdaddb1d') in 0,441127 seconds 
Number of asset objects unloaded after import = 3
========================================================================
Received Import Request.
  Time since last request: 0,000034 seconds.
  path: Assets/ADI/Voxel Office Props/Models/Materials/chairBack1Mat.mat
  artifactKey: Guid(56d9309cc2dab92418d94e9ab68bc942) Importer(815301076,1909f56bfc062723c751e8b465ee728b)
Number of updated assets reloaded before import = 0
Start importing Assets/ADI/Voxel Office Props/Models/Materials/chairBack1Mat.mat using Guid(56d9309cc2dab92418d94e9ab68bc942) Importer(815301076,1909f56bfc062723c751e8b465ee728b)  -> (artifact id: '5b977edb9e684cf6fb63cb0627723ff6') in 0,017753 seconds 
Number of asset objects unloaded after import = 1
========================================================================
Received Import Request.
  Time since last request: 0,000024 seconds.
  path: Assets/ADI/Voxel Office Props/Models/Materials/chairBaseMat.mat
  artifactKey: Guid(3df406c59a01f734f81beb6c0fa3e765) Importer(815301076,1909f56bfc062723c751e8b465ee728b)
Number of updated assets reloaded before import = 0
Start importing Assets/ADI/Voxel Office Props/Models/Materials/chairBaseMat.mat using Guid(3df406c59a01f734f81beb6c0fa3e765) Importer(815301076,1909f56bfc062723c751e8b465ee728b)  -> (artifact id: '8ab4638f8b663c185db31a61d8c3297e') in 0,031592 seconds 
Number of asset objects unloaded after import = 1
========================================================================
Received Import Request.
  Time since last request: 0,000020 seconds.
  path: Assets/Brick Project Studio/_BPS Basic Assets/Common/Textures/Legacy/Materials/Concrete-texture.mat
  artifactKey: Guid(a582af057737bc1419f1b66cb6039b25) Importer(815301076,1909f56bfc062723c751e8b465ee728b)
Number of updated assets reloaded before import = 0
Start importing Assets/Brick Project Studio/_BPS Basic Assets/Common/Textures/Legacy/Materials/Concrete-texture.mat using Guid(a582af057737bc1419f1b66cb6039b25) Importer(815301076,1909f56bfc062723c751e8b465ee728b)  -> (artifact id: 'ea2b769f220cdcbf42bfbdfa0085b7d4') in 0,073784 seconds 
Number of asset objects unloaded after import = 2
========================================================================
Received Import Request.
  Time since last request: 0,000027 seconds.
  path: Assets/Simple Garage/Materials/Dark Grey.mat
  artifactKey: Guid(3df0fcd10d7adee40b1d8bf4a642cd48) Importer(815301076,1909f56bfc062723c751e8b465ee728b)
Number of updated assets reloaded before import = 0
Start importing Assets/Simple Garage/Materials/Dark Grey.mat using Guid(3df0fcd10d7adee40b1d8bf4a642cd48) Importer(815301076,1909f56bfc062723c751e8b465ee728b)  -> (artifact id: 'b9f7712f6445c8cb0abecec4e149cf09') in 0,034313 seconds 
Number of asset objects unloaded after import = 1
========================================================================
Received Import Request.
  Time since last request: 0,000019 seconds.
  path: Assets/ROS2/Robots/turtlebot3/Materials/dark.mat
  artifactKey: Guid(f13a7e975dc3582468aea8a5fbb305c8) Importer(815301076,1909f56bfc062723c751e8b465ee728b)
Number of updated assets reloaded before import = 0
Start importing Assets/ROS2/Robots/turtlebot3/Materials/dark.mat using Guid(f13a7e975dc3582468aea8a5fbb305c8) Importer(815301076,1909f56bfc062723c751e8b465ee728b)  -> (artifact id: '7dd8f0f2ddcfcb9f4f0d6d5fe453375b') in 0,044995 seconds 
Number of asset objects unloaded after import = 1
========================================================================
Received Import Request.
  Time since last request: 0,002544 seconds.
  path: Assets/turtlebot3-foxy-devel/Materials/Default.mat
  artifactKey: Guid(d91003a1448de59b783123afc20d7fba) Importer(815301076,1909f56bfc062723c751e8b465ee728b)
Number of updated assets reloaded before import = 0
Start importing Assets/turtlebot3-foxy-devel/Materials/Default.mat using Guid(d91003a1448de59b783123afc20d7fba) Importer(815301076,1909f56bfc062723c751e8b465ee728b)  -> (artifact id: '26e672c1d4622405f6ad25e595ea6749') in 0,097955 seconds 
Number of asset objects unloaded after import = 1
========================================================================
Received Import Request.
  Time since last request: 0,003014 seconds.
  path: Assets/turtlebot3-foxy-devel/Materials/dark.mat
  artifactKey: Guid(7d0ea85486d285e0cbab41364410899a) Importer(815301076,1909f56bfc062723c751e8b465ee728b)
Number of updated assets reloaded before import = 0
Start importing Assets/turtlebot3-foxy-devel/Materials/dark.mat using Guid(7d0ea85486d285e0cbab41364410899a) Importer(815301076,1909f56bfc062723c751e8b465ee728b)  -> (artifact id: '1d400d2739d94a293c45c112cf6ac552') in 0,064994 seconds 
Number of asset objects unloaded after import = 1
========================================================================
Received Import Request.
  Time since last request: 0,000022 seconds.
  path: Assets/ADI/Voxel Office Props/Models/Materials/desk1Mat.mat
  artifactKey: Guid(313ef8fc8eeb9ce469d7a23c525bfcee) Importer(815301076,1909f56bfc062723c751e8b465ee728b)
Number of updated assets reloaded before import = 0
Start importing Assets/ADI/Voxel Office Props/Models/Materials/desk1Mat.mat using Guid(313ef8fc8eeb9ce469d7a23c525bfcee) Importer(815301076,1909f56bfc062723c751e8b465ee728b)  -> (artifact id: 'fa92cd6ab2e80f491aeb249f64ccecb1') in 0,032484 seconds 
Number of asset objects unloaded after import = 1
========================================================================
Received Import Request.
  Time since last request: 0,000025 seconds.
  path: Assets/Brick Project Studio/Apartment Kit/Common/Materials/Misc/Controller_01_A.mat
  artifactKey: Guid(89d75b733df5ca74d837222e4a8a1b46) Importer(815301076,1909f56bfc062723c751e8b465ee728b)
Number of updated assets reloaded before import = 0
Start importing Assets/Brick Project Studio/Apartment Kit/Common/Materials/Misc/Controller_01_A.mat using Guid(89d75b733df5ca74d837222e4a8a1b46) Importer(815301076,1909f56bfc062723c751e8b465ee728b)  -> (artifact id: 'b9c5ca40caaa91842ef8746b64d4e056') in 0,041858 seconds 
Number of asset objects unloaded after import = 2
========================================================================
Received Import Request.
  Time since last request: 0,000039 seconds.
  path: Assets/Brick Project Studio/Apartment Kit/Common/Materials/Misc/Chessboard.mat
  artifactKey: Guid(acb2ae4532d2c0c4a827a97b50b5c353) Importer(815301076,1909f56bfc062723c751e8b465ee728b)
Number of updated assets reloaded before import = 0
Start importing Assets/Brick Project Studio/Apartment Kit/Common/Materials/Misc/Chessboard.mat using Guid(acb2ae4532d2c0c4a827a97b50b5c353) Importer(815301076,1909f56bfc062723c751e8b465ee728b)  -> (artifact id: '0f1890968c67ef884c0aa74f5a8fa314') in 0,418907 seconds 
Number of asset objects unloaded after import = 2
========================================================================
Received Import Request.
  Time since last request: 0,000031 seconds.
  path: Packages/com.unity.probuilder/Content/Resources/Materials/EdgePickerHDRP.mat
  artifactKey: Guid(980c24c5a501a9a429356d191ad356a9) Importer(815301076,1909f56bfc062723c751e8b465ee728b)
Number of updated assets reloaded before import = 0
Start importing Packages/com.unity.probuilder/Content/Resources/Materials/EdgePickerHDRP.mat using Guid(980c24c5a501a9a429356d191ad356a9) Importer(815301076,1909f56bfc062723c751e8b465ee728b)  -> (artifact id: '38edaba4c3acc39a39ec03d001ea2990') in 0,039936 seconds 
Number of asset objects unloaded after import = 1
========================================================================
Received Import Request.
  Time since last request: 0,000031 seconds.
  path: Packages/com.unity.probuilder/Content/Resources/Materials/EdgePicker.mat
  artifactKey: Guid(4ff996e3a0a5743a3987ab6231160665) Importer(815301076,1909f56bfc062723c751e8b465ee728b)
Number of updated assets reloaded before import = 0
Start importing Packages/com.unity.probuilder/Content/Resources/Materials/EdgePicker.mat using Guid(4ff996e3a0a5743a3987ab6231160665) Importer(815301076,1909f56bfc062723c751e8b465ee728b)  -> (artifact id: '5e7e4626481a81176aadb21c9ac1f4eb') in 0,053796 seconds 
Number of asset objects unloaded after import = 1
========================================================================
Received Import Request.
  Time since last request: 0,000020 seconds.
  path: Assets/ADI/Voxel Office Props/Models/Materials/desk2Mat.mat
  artifactKey: Guid(08d31c7f73b6ec842a4dc03facfbc528) Importer(815301076,1909f56bfc062723c751e8b465ee728b)
Number of updated assets reloaded before import = 0
Start importing Assets/ADI/Voxel Office Props/Models/Materials/desk2Mat.mat using Guid(08d31c7f73b6ec842a4dc03facfbc528) Importer(815301076,1909f56bfc062723c751e8b465ee728b)  -> (artifact id: 'f3ded33311a518131d6a84c0c9d29f09') in 0,061296 seconds 
Number of asset objects unloaded after import = 1
========================================================================
Received Import Request.
  Time since last request: 0,000022 seconds.
  path: Assets/Brick Project Studio/Apartment Kit/Common/Materials/Misc/DisfusedVase.mat
  artifactKey: Guid(076286717a5c2d64c91c17c7f0ce84fd) Importer(815301076,1909f56bfc062723c751e8b465ee728b)
Number of updated assets reloaded before import = 0
Start importing Assets/Brick Project Studio/Apartment Kit/Common/Materials/Misc/DisfusedVase.mat using Guid(076286717a5c2d64c91c17c7f0ce84fd) Importer(815301076,1909f56bfc062723c751e8b465ee728b)  -> (artifact id: 'e696a3a8ed0974977ee70b2b30242bf1') in 0,081640 seconds 
Number of asset objects unloaded after import = 2
========================================================================
Received Import Request.
  Time since last request: 0,000028 seconds.
  path: Assets/LowPolyLight/Materials/emission_dark.mat
  artifactKey: Guid(46bcbbb6f10cde94dac65293807e20c1) Importer(815301076,1909f56bfc062723c751e8b465ee728b)
Number of updated assets reloaded before import = 0
Start importing Assets/LowPolyLight/Materials/emission_dark.mat using Guid(46bcbbb6f10cde94dac65293807e20c1) Importer(815301076,1909f56bfc062723c751e8b465ee728b)  -> (artifact id: '56a4b13059acba0070af8a8978fbf74c') in 0,048455 seconds 
Number of asset objects unloaded after import = 1
========================================================================
Received Import Request.
  Time since last request: 0,000043 seconds.
  path: Assets/ADI/Voxel Office Props/Models/Materials/diaryMat.mat
  artifactKey: Guid(42ca01a6fe6f4ff4c9c047a89918c34f) Importer(815301076,1909f56bfc062723c751e8b465ee728b)
Number of updated assets reloaded before import = 0
Start importing Assets/ADI/Voxel Office Props/Models/Materials/diaryMat.mat using Guid(42ca01a6fe6f4ff4c9c047a89918c34f) Importer(815301076,1909f56bfc062723c751e8b465ee728b)  -> (artifact id: '74dec8e001344a536c94137d70a8faef') in 0,034261 seconds 
Number of asset objects unloaded after import = 1
========================================================================
Received Import Request.
  Time since last request: 0,000027 seconds.
  path: Assets/ADI/Voxel Office Props/Models/Materials/documentTrayMat.mat
  artifactKey: Guid(3feb206f60c97a140ab90d986721541a) Importer(815301076,1909f56bfc062723c751e8b465ee728b)
Number of updated assets reloaded before import = 0
Start importing Assets/ADI/Voxel Office Props/Models/Materials/documentTrayMat.mat using Guid(3feb206f60c97a140ab90d986721541a) Importer(815301076,1909f56bfc062723c751e8b465ee728b)  -> (artifact id: '2c14b64d7a91b9eb40d58849d6177fd9') in 0,025264 seconds 
Number of asset objects unloaded after import = 1
========================================================================
Received Import Request.
  Time since last request: 0,000027 seconds.
  path: Assets/textures/Blue.mat
  artifactKey: Guid(eb62969835c01716e9e71ac7ea1e41bd) Importer(815301076,1909f56bfc062723c751e8b465ee728b)
Number of updated assets reloaded before import = 0
Start importing Assets/textures/Blue.mat using Guid(eb62969835c01716e9e71ac7ea1e41bd) Importer(815301076,1909f56bfc062723c751e8b465ee728b)  -> (artifact id: 'ac39de095c13f432517213208c137af8') in 0,047126 seconds 
Number of asset objects unloaded after import = 1
========================================================================
Received Import Request.
  Time since last request: 0,000026 seconds.
  path: Assets/ADI/Voxel Office Props/Models/Materials/chairBack2Mat.mat
  artifactKey: Guid(33e591c94db973546b2970ef4567c3d5) Importer(815301076,1909f56bfc062723c751e8b465ee728b)
Number of updated assets reloaded before import = 0
Start importing Assets/ADI/Voxel Office Props/Models/Materials/chairBack2Mat.mat using Guid(33e591c94db973546b2970ef4567c3d5) Importer(815301076,1909f56bfc062723c751e8b465ee728b)  -> (artifact id: 'df75e942bed18ba3fc71e1f6a8d1df59') in 0,051658 seconds 
Number of asset objects unloaded after import = 1
========================================================================
Received Import Request.
  Time since last request: 0,002956 seconds.
  path: Assets/Brick Project Studio/Apartment Kit/Common/Materials/Misc/DoorMat_01.mat
  artifactKey: Guid(cca629179fca3a14ab08d0f1cc0ecce3) Importer(815301076,1909f56bfc062723c751e8b465ee728b)
Number of updated assets reloaded before import = 0
Start importing Assets/Brick Project Studio/Apartment Kit/Common/Materials/Misc/DoorMat_01.mat using Guid(cca629179fca3a14ab08d0f1cc0ecce3) Importer(815301076,1909f56bfc062723c751e8b465ee728b)  -> (artifact id: 'cc8915497936bb94612d45bf4de3347e') in 0,060301 seconds 
Number of asset objects unloaded after import = 3
========================================================================
Received Import Request.
  Time since last request: 0,000030 seconds.
  path: Assets/Brick Project Studio/Apartment Kit/Common/Materials/Misc/ControlPanel.mat
  artifactKey: Guid(bf99784c0118e114c80ad5c8ca2a5b8d) Importer(815301076,1909f56bfc062723c751e8b465ee728b)
Number of updated assets reloaded before import = 0
Start importing Assets/Brick Project Studio/Apartment Kit/Common/Materials/Misc/ControlPanel.mat using Guid(bf99784c0118e114c80ad5c8ca2a5b8d) Importer(815301076,1909f56bfc062723c751e8b465ee728b)  -> (artifact id: '6fa20764281f01cdd655ba4089cf033c') in 0,091530 seconds 
Number of asset objects unloaded after import = 2
========================================================================
Received Import Request.
  Time since last request: 0,000041 seconds.
  path: Assets/LowPolyLight/Materials/emission_red.mat
  artifactKey: Guid(b9fc4cf88638d2c4499562dd9065e185) Importer(815301076,1909f56bfc062723c751e8b465ee728b)
Number of updated assets reloaded before import = 0
Start importing Assets/LowPolyLight/Materials/emission_red.mat using Guid(b9fc4cf88638d2c4499562dd9065e185) Importer(815301076,1909f56bfc062723c751e8b465ee728b)  -> (artifact id: 'e5bdc43ee1d07fdb54812d7721061333') in 0,080245 seconds 
Number of asset objects unloaded after import = 1
========================================================================
Received Import Request.
  Time since last request: 0,000019 seconds.
  path: Assets/Brick Project Studio/_BPS Basic Assets/Common/Materials/Basic Assets/BA_Mirror.mat
  artifactKey: Guid(97cb562e985012a4f8db1dfe9f95115b) Importer(815301076,1909f56bfc062723c751e8b465ee728b)
Number of updated assets reloaded before import = 0
Start importing Assets/Brick Project Studio/_BPS Basic Assets/Common/Materials/Basic Assets/BA_Mirror.mat using Guid(97cb562e985012a4f8db1dfe9f95115b) Importer(815301076,1909f56bfc062723c751e8b465ee728b)  -> (artifact id: '75b291e48f8659c4f80410e7c6943001') in 0,038297 seconds 
Number of asset objects unloaded after import = 1
========================================================================
Received Import Request.
  Time since last request: 0,000020 seconds.
  path: Assets/LowPolyLight/Materials/emission_orange.mat
  artifactKey: Guid(5906b08b592b5c64aa0e0ef2f7dff2a5) Importer(815301076,1909f56bfc062723c751e8b465ee728b)
Number of updated assets reloaded before import = 0
Start importing Assets/LowPolyLight/Materials/emission_orange.mat using Guid(5906b08b592b5c64aa0e0ef2f7dff2a5) Importer(815301076,1909f56bfc062723c751e8b465ee728b)  -> (artifact id: '197c99cfaf24c04c210049a145daa7b3') in 0,063736 seconds 
Number of asset objects unloaded after import = 1
========================================================================
Received Import Request.
  Time since last request: 0,000023 seconds.
  path: Assets/turtlebot3-foxy-devel/Materials/black.mat
  artifactKey: Guid(6f2996e60e0da5b73905dd5644d11efb) Importer(815301076,1909f56bfc062723c751e8b465ee728b)
Number of updated assets reloaded before import = 0
Start importing Assets/turtlebot3-foxy-devel/Materials/black.mat using Guid(6f2996e60e0da5b73905dd5644d11efb) Importer(815301076,1909f56bfc062723c751e8b465ee728b)  -> (artifact id: '7e4784d7e689c21f20d46cbef1f1eacc') in 0,049594 seconds 
Number of asset objects unloaded after import = 1
========================================================================
Received Import Request.
  Time since last request: 0,003259 seconds.
  path: Assets/Brick Project Studio/Apartment Kit/Common/Materials/Surface/CounterTop_01.mat
  artifactKey: Guid(656eb32607aaaed4590ee8c05d00282f) Importer(815301076,1909f56bfc062723c751e8b465ee728b)
Number of updated assets reloaded before import = 0
Start importing Assets/Brick Project Studio/Apartment Kit/Common/Materials/Surface/CounterTop_01.mat using Guid(656eb32607aaaed4590ee8c05d00282f) Importer(815301076,1909f56bfc062723c751e8b465ee728b)  -> (artifact id: '8318ddcc006ee21497ff4c5f83f3984a') in 1,103049 seconds 
Number of asset objects unloaded after import = 4
========================================================================
Received Import Request.
  Time since last request: 265,064941 seconds.
  path: ProjectSettings/TagManager.asset
  artifactKey: Guid(00000000000000003000000000000000) Importer(815301076,1909f56bfc062723c751e8b465ee728b)
Number of updated assets reloaded before import = 0
Start importing ProjectSettings/TagManager.asset using Guid(00000000000000003000000000000000) Importer(815301076,1909f56bfc062723c751e8b465ee728b)  -> (artifact id: '8f4728c0e6a1ac1d983618a92bfbb0db') in 0,000694 seconds 
Number of asset objects unloaded after import = 0
========================================================================
Received Prepare
Registering precompiled user dll's ...
Registered in 0,001862 seconds.
Begin MonoManager ReloadAssembly
Native extension for LinuxStandalone target not found
Refreshing native plugins compatible for Editor in 0,68 ms, found 2 plugins.
Preloading 0 native plugins for Editor in 0,00 ms.
[Package Manager] Server::EnsureServerProcessIsRunning -- launch failed, reason: Unity was launched with the -noUpm command-line argument
[Package Manager] Cannot connect to Unity Package Manager local server
System.Exception: Error! Visual Scripting: couldn't find visual scripting package
  at Unity.VisualScripting.PackageVersionUtility.get_version () [0x00043] in /home/hmcelik/Desktop/My project/Library/PackageCache/com.unity.visualscripting@1.9.4/Editor/VisualScripting.Core/Utilities/PackageVersionUtility.cs:31 
  at Unity.VisualScripting.BoltCoreManifest.get_version () [0x00000] in /home/hmcelik/Desktop/My project/Library/PackageCache/com.unity.visualscripting@1.9.4/Editor/VisualScripting.Core/Plugin/BoltCoreManifest.cs:11 
  at Unity.VisualScripting.PluginManifest.get_currentVersion () [0x00000] in /home/hmcelik/Desktop/My project/Library/PackageCache/com.unity.visualscripting@1.9.4/Editor/VisualScripting.Core/Plugins/PluginManifest.cs:33 
  at Unity.VisualScripting.PluginManifest.get_versionMismatch () [0x00000] in /home/hmcelik/Desktop/My project/Library/PackageCache/com.unity.visualscripting@1.9.4/Editor/VisualScripting.Core/Plugins/PluginManifest.cs:48 
  at Unity.VisualScripting.PluginContainer.Initialize () [0x00525] in /home/hmcelik/Desktop/My project/Library/PackageCache/com.unity.visualscripting@1.9.4/Editor/VisualScripting.Core/Plugins/PluginContainer.cs:208 
  at Unity.VisualScripting.PluginContainer.InitializeOnLoad () [0x00009] in /home/hmcelik/Desktop/My project/Library/PackageCache/com.unity.visualscripting@1.9.4/Editor/VisualScripting.Core/Plugins/PluginContainer.cs:32 
  at Unity.VisualScripting.VSUsageUtility.DoInitializeOnLoadCalls () [0x00034] in /home/hmcelik/Desktop/My project/Library/PackageCache/com.unity.visualscripting@1.9.4/Editor/VisualScripting.Core/Utilities/VSUsageUtility.cs:76 
  at Unity.VisualScripting.VSUsageUtility.set_isVisualScriptingUsed (System.Boolean value) [0x0002c] in /home/hmcelik/Desktop/My project/Library/PackageCache/com.unity.visualscripting@1.9.4/Editor/VisualScripting.Core/Utilities/VSUsageUtility.cs:114 
  at Unity.VisualScripting.VSUsageUtility.CheckAndSetIsVisualScriptingUsed () [0x0000d] in /home/hmcelik/Desktop/My project/Library/PackageCache/com.unity.visualscripting@1.9.4/Editor/VisualScripting.Core/Utilities/VSUsageUtility.cs:33 
  at Unity.VisualScripting.VSUsageUtility..cctor () [0x00000] in /home/hmcelik/Desktop/My project/Library/PackageCache/com.unity.visualscripting@1.9.4/Editor/VisualScripting.Core/Utilities/VSUsageUtility.cs:22 
UnityEngine.StackTraceUtility:ExtractStackTrace () (at /home/bokken/build/output/unity/unity/Runtime/Export/Scripting/StackTrace.cs:37)
UnityEngine.DebugLogHandler:LogFormat (UnityEngine.LogType,UnityEngine.Object,string,object[])
UnityEngine.Logger:Log (UnityEngine.LogType,object)
UnityEngine.Debug:LogError (object)
UnityEditor.EditorAssemblies:ProcessInitializeOnLoadAttributes (System.Type[]) (at /home/bokken/build/output/unity/unity/Editor/Mono/EditorAssemblies.cs:134)

(Filename: /home/bokken/build/output/unity/unity/Editor/Mono/EditorAssemblies.cs Line: 134)

Mono: successfully reloaded assembly
- Completed reload, in  1,314 seconds
Domain Reload Profiling:
	ReloadAssembly (1315ms)
		BeginReloadAssembly (112ms)
			ExecutionOrderSort (0ms)
			DisableScriptedObjects (3ms)
			BackupInstance (0ms)
			ReleaseScriptingObjects (0ms)
			CreateAndSetChildDomain (41ms)
		EndReloadAssembly (1137ms)
			LoadAssemblies (46ms)
			RebuildTransferFunctionScriptingTraits (0ms)
			SetupTypeCache (199ms)
			ReleaseScriptCaches (1ms)
			RebuildScriptCaches (30ms)
			SetupLoadedEditorAssemblies (722ms)
				LogAssemblyErrors (0ms)
				InitializePlatformSupportModulesInManaged (8ms)
				SetLoadedEditorAssemblies (0ms)
				RefreshPlugins (1ms)
				BeforeProcessingInitializeOnLoad (42ms)
				ProcessInitializeOnLoadAttributes (645ms)
				ProcessInitializeOnLoadMethodAttributes (24ms)
				AfterProcessingInitializeOnLoad (3ms)
				EditorAssembliesLoaded (0ms)
			ExecutionOrderSort2 (0ms)
			AwakeInstancesAfterBackupRestoration (3ms)
Platform modules already initialized, skipping
Refreshing native plugins compatible for Editor in 0,71 ms, found 2 plugins.
Preloading 0 native plugins for Editor in 0,00 ms.
Unloading 3979 Unused Serialized files (Serialized files now loaded: 0)
Unloading 56 unused Assets / (51,4 KB). Loaded Objects now: 4508.
Memory consumption went from 137,6 MB to 137,5 MB.
Total: 15,193480 ms (FindLiveObjects: 0,319586 ms CreateObjectMapping: 0,124156 ms MarkObjects: 14,609253 ms  DeleteObjects: 0,139390 ms)

AssetImportParameters requested are different than current active one (requested -> active):
  custom:video-decoder-ogg-theora: a1e56fd34408186e4bbccfd4996cb3dc -> 
  custom:container-muxer-webm: aa71ff27fc2769a1b78a27578f13a17b -> 
  custom:container-demuxer-webm: 4f35f7cbe854078d1ac9338744f61a02 -> 
  custom:video-encoder-webm-vp8: eb34c28f22e8b96e1ab97ce403110664 -> 
  custom:CustomObjectIndexerAttribute: bc11b3a6c3213fcdd17b65e7da85e133 -> 
  custom:audio-encoder-webm-vorbis: bf7c407c2cedff20999df2af8eb42d56 -> 
  custom:SearchIndexIgnoredProperties: e643bd26f0fe6173181afceb89e7c659 -> 
  custom:container-demuxer-ogg: 62fdf1f143b41e24485cea50d1cbac27 -> 
  custom:video-decoder-webm-vp8: 9c59270c3fd7afecdb556c50c9e8de78 -> 
  custom:audio-decoder-ogg-vorbis: bf7c407c2cedff20999df2af8eb42d56 -> 
========================================================================
Received Prepare
Registering precompiled user dll's ...
Registered in 0,001905 seconds.
Begin MonoManager ReloadAssembly
Native extension for LinuxStandalone target not found
Refreshing native plugins compatible for Editor in 0,68 ms, found 2 plugins.
Preloading 0 native plugins for Editor in 0,00 ms.
[Package Manager] Server::EnsureServerProcessIsRunning -- launch failed, reason: Unity was launched with the -noUpm command-line argument
[Package Manager] Cannot connect to Unity Package Manager local server
System.Exception: Error! Visual Scripting: couldn't find visual scripting package
  at Unity.VisualScripting.PackageVersionUtility.get_version () [0x00043] in /home/hmcelik/Desktop/My project/Library/PackageCache/com.unity.visualscripting@1.9.4/Editor/VisualScripting.Core/Utilities/PackageVersionUtility.cs:31 
  at Unity.VisualScripting.BoltCoreManifest.get_version () [0x00000] in /home/hmcelik/Desktop/My project/Library/PackageCache/com.unity.visualscripting@1.9.4/Editor/VisualScripting.Core/Plugin/BoltCoreManifest.cs:11 
  at Unity.VisualScripting.PluginManifest.get_currentVersion () [0x00000] in /home/hmcelik/Desktop/My project/Library/PackageCache/com.unity.visualscripting@1.9.4/Editor/VisualScripting.Core/Plugins/PluginManifest.cs:33 
  at Unity.VisualScripting.PluginManifest.get_versionMismatch () [0x00000] in /home/hmcelik/Desktop/My project/Library/PackageCache/com.unity.visualscripting@1.9.4/Editor/VisualScripting.Core/Plugins/PluginManifest.cs:48 
  at Unity.VisualScripting.PluginContainer.Initialize () [0x00525] in /home/hmcelik/Desktop/My project/Library/PackageCache/com.unity.visualscripting@1.9.4/Editor/VisualScripting.Core/Plugins/PluginContainer.cs:208 
  at Unity.VisualScripting.PluginContainer.InitializeOnLoad () [0x00009] in /home/hmcelik/Desktop/My project/Library/PackageCache/com.unity.visualscripting@1.9.4/Editor/VisualScripting.Core/Plugins/PluginContainer.cs:32 
  at Unity.VisualScripting.VSUsageUtility.DoInitializeOnLoadCalls () [0x00034] in /home/hmcelik/Desktop/My project/Library/PackageCache/com.unity.visualscripting@1.9.4/Editor/VisualScripting.Core/Utilities/VSUsageUtility.cs:76 
  at Unity.VisualScripting.VSUsageUtility.set_isVisualScriptingUsed (System.Boolean value) [0x0002c] in /home/hmcelik/Desktop/My project/Library/PackageCache/com.unity.visualscripting@1.9.4/Editor/VisualScripting.Core/Utilities/VSUsageUtility.cs:114 
  at Unity.VisualScripting.VSUsageUtility.CheckAndSetIsVisualScriptingUsed () [0x0000d] in /home/hmcelik/Desktop/My project/Library/PackageCache/com.unity.visualscripting@1.9.4/Editor/VisualScripting.Core/Utilities/VSUsageUtility.cs:33 
  at Unity.VisualScripting.VSUsageUtility..cctor () [0x00000] in /home/hmcelik/Desktop/My project/Library/PackageCache/com.unity.visualscripting@1.9.4/Editor/VisualScripting.Core/Utilities/VSUsageUtility.cs:22 
UnityEngine.StackTraceUtility:ExtractStackTrace () (at /home/bokken/build/output/unity/unity/Runtime/Export/Scripting/StackTrace.cs:37)
UnityEngine.DebugLogHandler:LogFormat (UnityEngine.LogType,UnityEngine.Object,string,object[])
UnityEngine.Logger:Log (UnityEngine.LogType,object)
UnityEngine.Debug:LogError (object)
UnityEditor.EditorAssemblies:ProcessInitializeOnLoadAttributes (System.Type[]) (at /home/bokken/build/output/unity/unity/Editor/Mono/EditorAssemblies.cs:134)

(Filename: /home/bokken/build/output/unity/unity/Editor/Mono/EditorAssemblies.cs Line: 134)

Mono: successfully reloaded assembly
- Completed reload, in  1,382 seconds
Domain Reload Profiling:
	ReloadAssembly (1383ms)
		BeginReloadAssembly (101ms)
			ExecutionOrderSort (0ms)
			DisableScriptedObjects (4ms)
			BackupInstance (0ms)
			ReleaseScriptingObjects (0ms)
			CreateAndSetChildDomain (32ms)
		EndReloadAssembly (1216ms)
			LoadAssemblies (45ms)
			RebuildTransferFunctionScriptingTraits (0ms)
			SetupTypeCache (272ms)
			ReleaseScriptCaches (1ms)
			RebuildScriptCaches (29ms)
			SetupLoadedEditorAssemblies (731ms)
				LogAssemblyErrors (0ms)
				InitializePlatformSupportModulesInManaged (8ms)
				SetLoadedEditorAssemblies (0ms)
				RefreshPlugins (1ms)
				BeforeProcessingInitializeOnLoad (43ms)
				ProcessInitializeOnLoadAttributes (644ms)
				ProcessInitializeOnLoadMethodAttributes (32ms)
				AfterProcessingInitializeOnLoad (3ms)
				EditorAssembliesLoaded (0ms)
			ExecutionOrderSort2 (0ms)
			AwakeInstancesAfterBackupRestoration (3ms)
Platform modules already initialized, skipping
Refreshing native plugins compatible for Editor in 0,68 ms, found 2 plugins.
Preloading 0 native plugins for Editor in 0,00 ms.
Unloading 3979 Unused Serialized files (Serialized files now loaded: 0)
Unloading 55 unused Assets / (51,4 KB). Loaded Objects now: 4512.
Memory consumption went from 137,6 MB to 137,5 MB.
Total: 9,638695 ms (FindLiveObjects: 0,226915 ms CreateObjectMapping: 0,079288 ms MarkObjects: 9,265339 ms  DeleteObjects: 0,066428 ms)

AssetImportParameters requested are different than current active one (requested -> active):
  custom:video-decoder-ogg-theora: a1e56fd34408186e4bbccfd4996cb3dc -> 
  custom:container-muxer-webm: aa71ff27fc2769a1b78a27578f13a17b -> 
  custom:container-demuxer-webm: 4f35f7cbe854078d1ac9338744f61a02 -> 
  custom:video-encoder-webm-vp8: eb34c28f22e8b96e1ab97ce403110664 -> 
  custom:CustomObjectIndexerAttribute: bc11b3a6c3213fcdd17b65e7da85e133 -> 
  custom:audio-encoder-webm-vorbis: bf7c407c2cedff20999df2af8eb42d56 -> 
  custom:SearchIndexIgnoredProperties: e643bd26f0fe6173181afceb89e7c659 -> 
  custom:container-demuxer-ogg: 62fdf1f143b41e24485cea50d1cbac27 -> 
  custom:video-decoder-webm-vp8: 9c59270c3fd7afecdb556c50c9e8de78 -> 
  custom:audio-decoder-ogg-vorbis: bf7c407c2cedff20999df2af8eb42d56 -> 
========================================================================
Received Prepare
Registering precompiled user dll's ...
Registered in 0,002014 seconds.
Begin MonoManager ReloadAssembly
Native extension for LinuxStandalone target not found
Refreshing native plugins compatible for Editor in 0,68 ms, found 2 plugins.
Preloading 0 native plugins for Editor in 0,00 ms.
[Package Manager] Server::EnsureServerProcessIsRunning -- launch failed, reason: Unity was launched with the -noUpm command-line argument
[Package Manager] Cannot connect to Unity Package Manager local server
System.Exception: Error! Visual Scripting: couldn't find visual scripting package
  at Unity.VisualScripting.PackageVersionUtility.get_version () [0x00043] in /home/hmcelik/Desktop/My project/Library/PackageCache/com.unity.visualscripting@1.9.4/Editor/VisualScripting.Core/Utilities/PackageVersionUtility.cs:31 
  at Unity.VisualScripting.BoltCoreManifest.get_version () [0x00000] in /home/hmcelik/Desktop/My project/Library/PackageCache/com.unity.visualscripting@1.9.4/Editor/VisualScripting.Core/Plugin/BoltCoreManifest.cs:11 
  at Unity.VisualScripting.PluginManifest.get_currentVersion () [0x00000] in /home/hmcelik/Desktop/My project/Library/PackageCache/com.unity.visualscripting@1.9.4/Editor/VisualScripting.Core/Plugins/PluginManifest.cs:33 
  at Unity.VisualScripting.PluginManifest.get_versionMismatch () [0x00000] in /home/hmcelik/Desktop/My project/Library/PackageCache/com.unity.visualscripting@1.9.4/Editor/VisualScripting.Core/Plugins/PluginManifest.cs:48 
  at Unity.VisualScripting.PluginContainer.Initialize () [0x00525] in /home/hmcelik/Desktop/My project/Library/PackageCache/com.unity.visualscripting@1.9.4/Editor/VisualScripting.Core/Plugins/PluginContainer.cs:208 
  at Unity.VisualScripting.PluginContainer.InitializeOnLoad () [0x00009] in /home/hmcelik/Desktop/My project/Library/PackageCache/com.unity.visualscripting@1.9.4/Editor/VisualScripting.Core/Plugins/PluginContainer.cs:32 
  at Unity.VisualScripting.VSUsageUtility.DoInitializeOnLoadCalls () [0x00034] in /home/hmcelik/Desktop/My project/Library/PackageCache/com.unity.visualscripting@1.9.4/Editor/VisualScripting.Core/Utilities/VSUsageUtility.cs:76 
  at Unity.VisualScripting.VSUsageUtility.set_isVisualScriptingUsed (System.Boolean value) [0x0002c] in /home/hmcelik/Desktop/My project/Library/PackageCache/com.unity.visualscripting@1.9.4/Editor/VisualScripting.Core/Utilities/VSUsageUtility.cs:114 
  at Unity.VisualScripting.VSUsageUtility.CheckAndSetIsVisualScriptingUsed () [0x0000d] in /home/hmcelik/Desktop/My project/Library/PackageCache/com.unity.visualscripting@1.9.4/Editor/VisualScripting.Core/Utilities/VSUsageUtility.cs:33 
  at Unity.VisualScripting.VSUsageUtility..cctor () [0x00000] in /home/hmcelik/Desktop/My project/Library/PackageCache/com.unity.visualscripting@1.9.4/Editor/VisualScripting.Core/Utilities/VSUsageUtility.cs:22 
UnityEngine.StackTraceUtility:ExtractStackTrace () (at /home/bokken/build/output/unity/unity/Runtime/Export/Scripting/StackTrace.cs:37)
UnityEngine.DebugLogHandler:LogFormat (UnityEngine.LogType,UnityEngine.Object,string,object[])
UnityEngine.Logger:Log (UnityEngine.LogType,object)
UnityEngine.Debug:LogError (object)
UnityEditor.EditorAssemblies:ProcessInitializeOnLoadAttributes (System.Type[]) (at /home/bokken/build/output/unity/unity/Editor/Mono/EditorAssemblies.cs:134)

(Filename: /home/bokken/build/output/unity/unity/Editor/Mono/EditorAssemblies.cs Line: 134)

Mono: successfully reloaded assembly
- Completed reload, in  1,286 seconds
Domain Reload Profiling:
	ReloadAssembly (1286ms)
		BeginReloadAssembly (103ms)
			ExecutionOrderSort (0ms)
			DisableScriptedObjects (4ms)
			BackupInstance (0ms)
			ReleaseScriptingObjects (0ms)
			CreateAndSetChildDomain (32ms)
		EndReloadAssembly (1118ms)
			LoadAssemblies (46ms)
			RebuildTransferFunctionScriptingTraits (0ms)
			SetupTypeCache (202ms)
			ReleaseScriptCaches (1ms)
			RebuildScriptCaches (29ms)
			SetupLoadedEditorAssemblies (691ms)
				LogAssemblyErrors (0ms)
				InitializePlatformSupportModulesInManaged (8ms)
				SetLoadedEditorAssemblies (0ms)
				RefreshPlugins (1ms)
				BeforeProcessingInitializeOnLoad (46ms)
				ProcessInitializeOnLoadAttributes (604ms)
				ProcessInitializeOnLoadMethodAttributes (28ms)
				AfterProcessingInitializeOnLoad (4ms)
				EditorAssembliesLoaded (0ms)
			ExecutionOrderSort2 (0ms)
			AwakeInstancesAfterBackupRestoration (4ms)
Platform modules already initialized, skipping
Refreshing native plugins compatible for Editor in 0,72 ms, found 2 plugins.
Preloading 0 native plugins for Editor in 0,00 ms.
Unloading 3979 Unused Serialized files (Serialized files now loaded: 0)
Unloading 55 unused Assets / (51,4 KB). Loaded Objects now: 4516.
Memory consumption went from 137,6 MB to 137,5 MB.
Total: 9,848080 ms (FindLiveObjects: 0,206153 ms CreateObjectMapping: 0,088123 ms MarkObjects: 9,481273 ms  DeleteObjects: 0,071742 ms)

AssetImportParameters requested are different than current active one (requested -> active):
  custom:video-decoder-ogg-theora: a1e56fd34408186e4bbccfd4996cb3dc -> 
  custom:container-muxer-webm: aa71ff27fc2769a1b78a27578f13a17b -> 
  custom:container-demuxer-webm: 4f35f7cbe854078d1ac9338744f61a02 -> 
  custom:video-encoder-webm-vp8: eb34c28f22e8b96e1ab97ce403110664 -> 
  custom:CustomObjectIndexerAttribute: bc11b3a6c3213fcdd17b65e7da85e133 -> 
  custom:audio-encoder-webm-vorbis: bf7c407c2cedff20999df2af8eb42d56 -> 
  custom:SearchIndexIgnoredProperties: e643bd26f0fe6173181afceb89e7c659 -> 
  custom:container-demuxer-ogg: 62fdf1f143b41e24485cea50d1cbac27 -> 
  custom:video-decoder-webm-vp8: 9c59270c3fd7afecdb556c50c9e8de78 -> 
  custom:audio-decoder-ogg-vorbis: bf7c407c2cedff20999df2af8eb42d56 -> 
========================================================================
Received Import Request.
  Time since last request: 523,274870 seconds.
  path: Assets
  artifactKey: Guid(00000000000000001000000000000000) Importer(815301076,1909f56bfc062723c751e8b465ee728b)
Number of updated assets reloaded before import = 0
Start importing Assets using Guid(00000000000000001000000000000000) Importer(815301076,1909f56bfc062723c751e8b465ee728b)  -> (artifact id: '79842766b460edbeab6a34051e857a80') in 0,009152 seconds 
Number of asset objects unloaded after import = 0
========================================================================
Received Import Request.
  Time since last request: 8,984293 seconds.
  path: Assets/LidarScanner.cs
  artifactKey: Guid(42157d2ee78e4e0c8848565d75fd68ba) Importer(815301076,1909f56bfc062723c751e8b465ee728b)
Number of updated assets reloaded before import = 0
Start importing Assets/LidarScanner.cs using Guid(42157d2ee78e4e0c8848565d75fd68ba) Importer(815301076,1909f56bfc062723c751e8b465ee728b)  -> (artifact id: 'e2b0b518062639aaeb64576f1d983dc7') in 0,002448 seconds 
Number of asset objects unloaded after import = 0
========================================================================
Received Prepare
Registering precompiled user dll's ...
Registered in 0,001856 seconds.
Begin MonoManager ReloadAssembly
Native extension for LinuxStandalone target not found
Refreshing native plugins compatible for Editor in 1,10 ms, found 2 plugins.
Preloading 0 native plugins for Editor in 0,00 ms.
[Package Manager] Server::EnsureServerProcessIsRunning -- launch failed, reason: Unity was launched with the -noUpm command-line argument
[Package Manager] Cannot connect to Unity Package Manager local server
System.Exception: Error! Visual Scripting: couldn't find visual scripting package
  at Unity.VisualScripting.PackageVersionUtility.get_version () [0x00043] in /home/hmcelik/Desktop/My project/Library/PackageCache/com.unity.visualscripting@1.9.4/Editor/VisualScripting.Core/Utilities/PackageVersionUtility.cs:31 
  at Unity.VisualScripting.BoltCoreManifest.get_version () [0x00000] in /home/hmcelik/Desktop/My project/Library/PackageCache/com.unity.visualscripting@1.9.4/Editor/VisualScripting.Core/Plugin/BoltCoreManifest.cs:11 
  at Unity.VisualScripting.PluginManifest.get_currentVersion () [0x00000] in /home/hmcelik/Desktop/My project/Library/PackageCache/com.unity.visualscripting@1.9.4/Editor/VisualScripting.Core/Plugins/PluginManifest.cs:33 
  at Unity.VisualScripting.PluginManifest.get_versionMismatch () [0x00000] in /home/hmcelik/Desktop/My project/Library/PackageCache/com.unity.visualscripting@1.9.4/Editor/VisualScripting.Core/Plugins/PluginManifest.cs:48 
  at Unity.VisualScripting.PluginContainer.Initialize () [0x00525] in /home/hmcelik/Desktop/My project/Library/PackageCache/com.unity.visualscripting@1.9.4/Editor/VisualScripting.Core/Plugins/PluginContainer.cs:208 
  at Unity.VisualScripting.PluginContainer.InitializeOnLoad () [0x00009] in /home/hmcelik/Desktop/My project/Library/PackageCache/com.unity.visualscripting@1.9.4/Editor/VisualScripting.Core/Plugins/PluginContainer.cs:32 
  at Unity.VisualScripting.VSUsageUtility.DoInitializeOnLoadCalls () [0x00034] in /home/hmcelik/Desktop/My project/Library/PackageCache/com.unity.visualscripting@1.9.4/Editor/VisualScripting.Core/Utilities/VSUsageUtility.cs:76 
  at Unity.VisualScripting.VSUsageUtility.set_isVisualScriptingUsed (System.Boolean value) [0x0002c] in /home/hmcelik/Desktop/My project/Library/PackageCache/com.unity.visualscripting@1.9.4/Editor/VisualScripting.Core/Utilities/VSUsageUtility.cs:114 
  at Unity.VisualScripting.VSUsageUtility.CheckAndSetIsVisualScriptingUsed () [0x0000d] in /home/hmcelik/Desktop/My project/Library/PackageCache/com.unity.visualscripting@1.9.4/Editor/VisualScripting.Core/Utilities/VSUsageUtility.cs:33 
  at Unity.VisualScripting.VSUsageUtility..cctor () [0x00000] in /home/hmcelik/Desktop/My project/Library/PackageCache/com.unity.visualscripting@1.9.4/Editor/VisualScripting.Core/Utilities/VSUsageUtility.cs:22 
UnityEngine.StackTraceUtility:ExtractStackTrace () (at /home/bokken/build/output/unity/unity/Runtime/Export/Scripting/StackTrace.cs:37)
UnityEngine.DebugLogHandler:LogFormat (UnityEngine.LogType,UnityEngine.Object,string,object[])
UnityEngine.Logger:Log (UnityEngine.LogType,object)
UnityEngine.Debug:LogError (object)
UnityEditor.EditorAssemblies:ProcessInitializeOnLoadAttributes (System.Type[]) (at /home/bokken/build/output/unity/unity/Editor/Mono/EditorAssemblies.cs:134)

(Filename: /home/bokken/build/output/unity/unity/Editor/Mono/EditorAssemblies.cs Line: 134)

Mono: successfully reloaded assembly
- Completed reload, in  1,293 seconds
Domain Reload Profiling:
	ReloadAssembly (1294ms)
		BeginReloadAssembly (101ms)
			ExecutionOrderSort (0ms)
			DisableScriptedObjects (4ms)
			BackupInstance (0ms)
			ReleaseScriptingObjects (0ms)
			CreateAndSetChildDomain (31ms)
		EndReloadAssembly (1128ms)
			LoadAssemblies (45ms)
			RebuildTransferFunctionScriptingTraits (0ms)
			SetupTypeCache (195ms)
			ReleaseScriptCaches (1ms)
			RebuildScriptCaches (30ms)
			SetupLoadedEditorAssemblies (706ms)
				LogAssemblyErrors (0ms)
				InitializePlatformSupportModulesInManaged (10ms)
				SetLoadedEditorAssemblies (0ms)
				RefreshPlugins (1ms)
				BeforeProcessingInitializeOnLoad (51ms)
				ProcessInitializeOnLoadAttributes (613ms)
				ProcessInitializeOnLoadMethodAttributes (27ms)
				AfterProcessingInitializeOnLoad (3ms)
				EditorAssembliesLoaded (0ms)
			ExecutionOrderSort2 (0ms)
			AwakeInstancesAfterBackupRestoration (4ms)
Platform modules already initialized, skipping
Refreshing native plugins compatible for Editor in 1,10 ms, found 2 plugins.
Preloading 0 native plugins for Editor in 0,00 ms.
Unloading 3980 Unused Serialized files (Serialized files now loaded: 0)
Unloading 55 unused Assets / (51,5 KB). Loaded Objects now: 4521.
Memory consumption went from 137,6 MB to 137,6 MB.
Total: 12,009559 ms (FindLiveObjects: 0,303110 ms CreateObjectMapping: 0,165163 ms MarkObjects: 11,445143 ms  DeleteObjects: 0,094809 ms)

AssetImportParameters requested are different than current active one (requested -> active):
  custom:video-decoder-ogg-theora: a1e56fd34408186e4bbccfd4996cb3dc -> 
  custom:container-muxer-webm: aa71ff27fc2769a1b78a27578f13a17b -> 
  custom:container-demuxer-webm: 4f35f7cbe854078d1ac9338744f61a02 -> 
  custom:video-encoder-webm-vp8: eb34c28f22e8b96e1ab97ce403110664 -> 
  custom:CustomObjectIndexerAttribute: bc11b3a6c3213fcdd17b65e7da85e133 -> 
  custom:audio-encoder-webm-vorbis: bf7c407c2cedff20999df2af8eb42d56 -> 
  custom:SearchIndexIgnoredProperties: e643bd26f0fe6173181afceb89e7c659 -> 
  custom:container-demuxer-ogg: 62fdf1f143b41e24485cea50d1cbac27 -> 
  custom:video-decoder-webm-vp8: 9c59270c3fd7afecdb556c50c9e8de78 -> 
  custom:audio-decoder-ogg-vorbis: bf7c407c2cedff20999df2af8eb42d56 -> 
========================================================================
Received Prepare
Registering precompiled user dll's ...
Registered in 0,001855 seconds.
Begin MonoManager ReloadAssembly
Native extension for LinuxStandalone target not found
Refreshing native plugins compatible for Editor in 0,69 ms, found 2 plugins.
Preloading 0 native plugins for Editor in 0,00 ms.
[Package Manager] Server::EnsureServerProcessIsRunning -- launch failed, reason: Unity was launched with the -noUpm command-line argument
[Package Manager] Cannot connect to Unity Package Manager local server
System.Exception: Error! Visual Scripting: couldn't find visual scripting package
  at Unity.VisualScripting.PackageVersionUtility.get_version () [0x00043] in /home/hmcelik/Desktop/My project/Library/PackageCache/com.unity.visualscripting@1.9.4/Editor/VisualScripting.Core/Utilities/PackageVersionUtility.cs:31 
  at Unity.VisualScripting.BoltCoreManifest.get_version () [0x00000] in /home/hmcelik/Desktop/My project/Library/PackageCache/com.unity.visualscripting@1.9.4/Editor/VisualScripting.Core/Plugin/BoltCoreManifest.cs:11 
  at Unity.VisualScripting.PluginManifest.get_currentVersion () [0x00000] in /home/hmcelik/Desktop/My project/Library/PackageCache/com.unity.visualscripting@1.9.4/Editor/VisualScripting.Core/Plugins/PluginManifest.cs:33 
  at Unity.VisualScripting.PluginManifest.get_versionMismatch () [0x00000] in /home/hmcelik/Desktop/My project/Library/PackageCache/com.unity.visualscripting@1.9.4/Editor/VisualScripting.Core/Plugins/PluginManifest.cs:48 
  at Unity.VisualScripting.PluginContainer.Initialize () [0x00525] in /home/hmcelik/Desktop/My project/Library/PackageCache/com.unity.visualscripting@1.9.4/Editor/VisualScripting.Core/Plugins/PluginContainer.cs:208 
  at Unity.VisualScripting.PluginContainer.InitializeOnLoad () [0x00009] in /home/hmcelik/Desktop/My project/Library/PackageCache/com.unity.visualscripting@1.9.4/Editor/VisualScripting.Core/Plugins/PluginContainer.cs:32 
  at Unity.VisualScripting.VSUsageUtility.DoInitializeOnLoadCalls () [0x00034] in /home/hmcelik/Desktop/My project/Library/PackageCache/com.unity.visualscripting@1.9.4/Editor/VisualScripting.Core/Utilities/VSUsageUtility.cs:76 
  at Unity.VisualScripting.VSUsageUtility.set_isVisualScriptingUsed (System.Boolean value) [0x0002c] in /home/hmcelik/Desktop/My project/Library/PackageCache/com.unity.visualscripting@1.9.4/Editor/VisualScripting.Core/Utilities/VSUsageUtility.cs:114 
  at Unity.VisualScripting.VSUsageUtility.CheckAndSetIsVisualScriptingUsed () [0x0000d] in /home/hmcelik/Desktop/My project/Library/PackageCache/com.unity.visualscripting@1.9.4/Editor/VisualScripting.Core/Utilities/VSUsageUtility.cs:33 
  at Unity.VisualScripting.VSUsageUtility..cctor () [0x00000] in /home/hmcelik/Desktop/My project/Library/PackageCache/com.unity.visualscripting@1.9.4/Editor/VisualScripting.Core/Utilities/VSUsageUtility.cs:22 
UnityEngine.StackTraceUtility:ExtractStackTrace () (at /home/bokken/build/output/unity/unity/Runtime/Export/Scripting/StackTrace.cs:37)
UnityEngine.DebugLogHandler:LogFormat (UnityEngine.LogType,UnityEngine.Object,string,object[])
UnityEngine.Logger:Log (UnityEngine.LogType,object)
UnityEngine.Debug:LogError (object)
UnityEditor.EditorAssemblies:ProcessInitializeOnLoadAttributes (System.Type[]) (at /home/bokken/build/output/unity/unity/Editor/Mono/EditorAssemblies.cs:134)

(Filename: /home/bokken/build/output/unity/unity/Editor/Mono/EditorAssemblies.cs Line: 134)

Mono: successfully reloaded assembly
- Completed reload, in  1,282 seconds
Domain Reload Profiling:
	ReloadAssembly (1282ms)
		BeginReloadAssembly (99ms)
			ExecutionOrderSort (0ms)
			DisableScriptedObjects (4ms)
			BackupInstance (0ms)
			ReleaseScriptingObjects (0ms)
			CreateAndSetChildDomain (32ms)
		EndReloadAssembly (1118ms)
			LoadAssemblies (41ms)
			RebuildTransferFunctionScriptingTraits (0ms)
			SetupTypeCache (200ms)
			ReleaseScriptCaches (1ms)
			RebuildScriptCaches (30ms)
			SetupLoadedEditorAssemblies (681ms)
				LogAssemblyErrors (0ms)
				InitializePlatformSupportModulesInManaged (8ms)
				SetLoadedEditorAssemblies (0ms)
				RefreshPlugins (1ms)
				BeforeProcessingInitializeOnLoad (41ms)
				ProcessInitializeOnLoadAttributes (601ms)
				ProcessInitializeOnLoadMethodAttributes (26ms)
				AfterProcessingInitializeOnLoad (3ms)
				EditorAssembliesLoaded (0ms)
			ExecutionOrderSort2 (0ms)
			AwakeInstancesAfterBackupRestoration (3ms)
Platform modules already initialized, skipping
Refreshing native plugins compatible for Editor in 0,76 ms, found 2 plugins.
Preloading 0 native plugins for Editor in 0,00 ms.
Unloading 3980 Unused Serialized files (Serialized files now loaded: 0)
Unloading 55 unused Assets / (51,4 KB). Loaded Objects now: 4525.
Memory consumption went from 137,6 MB to 137,6 MB.
Total: 9,910354 ms (FindLiveObjects: 0,238902 ms CreateObjectMapping: 0,109259 ms MarkObjects: 9,476704 ms  DeleteObjects: 0,084409 ms)

AssetImportParameters requested are different than current active one (requested -> active):
  custom:video-decoder-ogg-theora: a1e56fd34408186e4bbccfd4996cb3dc -> 
  custom:container-muxer-webm: aa71ff27fc2769a1b78a27578f13a17b -> 
  custom:container-demuxer-webm: 4f35f7cbe854078d1ac9338744f61a02 -> 
  custom:video-encoder-webm-vp8: eb34c28f22e8b96e1ab97ce403110664 -> 
  custom:CustomObjectIndexerAttribute: bc11b3a6c3213fcdd17b65e7da85e133 -> 
  custom:audio-encoder-webm-vorbis: bf7c407c2cedff20999df2af8eb42d56 -> 
  custom:SearchIndexIgnoredProperties: e643bd26f0fe6173181afceb89e7c659 -> 
  custom:container-demuxer-ogg: 62fdf1f143b41e24485cea50d1cbac27 -> 
  custom:video-decoder-webm-vp8: 9c59270c3fd7afecdb556c50c9e8de78 -> 
  custom:audio-decoder-ogg-vorbis: bf7c407c2cedff20999df2af8eb42d56 -> 
========================================================================
Received Import Request.
  Time since last request: 25,383547 seconds.
  path: Assets/LidarScanner.cs
  artifactKey: Guid(42157d2ee78e4e0c8848565d75fd68ba) Importer(815301076,1909f56bfc062723c751e8b465ee728b)
Number of updated assets reloaded before import = 0
Start importing Assets/LidarScanner.cs using Guid(42157d2ee78e4e0c8848565d75fd68ba) Importer(815301076,1909f56bfc062723c751e8b465ee728b)  -> (artifact id: '4b051d7c55096202ebb8f5fa14ef1c60') in 0,003314 seconds 
Number of asset objects unloaded after import = 0
========================================================================
Received Prepare
Registering precompiled user dll's ...
Registered in 0,001839 seconds.
Begin MonoManager ReloadAssembly
Native extension for LinuxStandalone target not found
Refreshing native plugins compatible for Editor in 0,67 ms, found 2 plugins.
Preloading 0 native plugins for Editor in 0,00 ms.
[Package Manager] Server::EnsureServerProcessIsRunning -- launch failed, reason: Unity was launched with the -noUpm command-line argument
[Package Manager] Cannot connect to Unity Package Manager local server
System.Exception: Error! Visual Scripting: couldn't find visual scripting package
  at Unity.VisualScripting.PackageVersionUtility.get_version () [0x00043] in /home/hmcelik/Desktop/My project/Library/PackageCache/com.unity.visualscripting@1.9.4/Editor/VisualScripting.Core/Utilities/PackageVersionUtility.cs:31 
  at Unity.VisualScripting.BoltCoreManifest.get_version () [0x00000] in /home/hmcelik/Desktop/My project/Library/PackageCache/com.unity.visualscripting@1.9.4/Editor/VisualScripting.Core/Plugin/BoltCoreManifest.cs:11 
  at Unity.VisualScripting.PluginManifest.get_currentVersion () [0x00000] in /home/hmcelik/Desktop/My project/Library/PackageCache/com.unity.visualscripting@1.9.4/Editor/VisualScripting.Core/Plugins/PluginManifest.cs:33 
  at Unity.VisualScripting.PluginManifest.get_versionMismatch () [0x00000] in /home/hmcelik/Desktop/My project/Library/PackageCache/com.unity.visualscripting@1.9.4/Editor/VisualScripting.Core/Plugins/PluginManifest.cs:48 
  at Unity.VisualScripting.PluginContainer.Initialize () [0x00525] in /home/hmcelik/Desktop/My project/Library/PackageCache/com.unity.visualscripting@1.9.4/Editor/VisualScripting.Core/Plugins/PluginContainer.cs:208 
  at Unity.VisualScripting.PluginContainer.InitializeOnLoad () [0x00009] in /home/hmcelik/Desktop/My project/Library/PackageCache/com.unity.visualscripting@1.9.4/Editor/VisualScripting.Core/Plugins/PluginContainer.cs:32 
  at Unity.VisualScripting.VSUsageUtility.DoInitializeOnLoadCalls () [0x00034] in /home/hmcelik/Desktop/My project/Library/PackageCache/com.unity.visualscripting@1.9.4/Editor/VisualScripting.Core/Utilities/VSUsageUtility.cs:76 
  at Unity.VisualScripting.VSUsageUtility.set_isVisualScriptingUsed (System.Boolean value) [0x0002c] in /home/hmcelik/Desktop/My project/Library/PackageCache/com.unity.visualscripting@1.9.4/Editor/VisualScripting.Core/Utilities/VSUsageUtility.cs:114 
  at Unity.VisualScripting.VSUsageUtility.CheckAndSetIsVisualScriptingUsed () [0x0000d] in /home/hmcelik/Desktop/My project/Library/PackageCache/com.unity.visualscripting@1.9.4/Editor/VisualScripting.Core/Utilities/VSUsageUtility.cs:33 
  at Unity.VisualScripting.VSUsageUtility..cctor () [0x00000] in /home/hmcelik/Desktop/My project/Library/PackageCache/com.unity.visualscripting@1.9.4/Editor/VisualScripting.Core/Utilities/VSUsageUtility.cs:22 
UnityEngine.StackTraceUtility:ExtractStackTrace () (at /home/bokken/build/output/unity/unity/Runtime/Export/Scripting/StackTrace.cs:37)
UnityEngine.DebugLogHandler:LogFormat (UnityEngine.LogType,UnityEngine.Object,string,object[])
UnityEngine.Logger:Log (UnityEngine.LogType,object)
UnityEngine.Debug:LogError (object)
UnityEditor.EditorAssemblies:ProcessInitializeOnLoadAttributes (System.Type[]) (at /home/bokken/build/output/unity/unity/Editor/Mono/EditorAssemblies.cs:134)

(Filename: /home/bokken/build/output/unity/unity/Editor/Mono/EditorAssemblies.cs Line: 134)

Mono: successfully reloaded assembly
- Completed reload, in  1,320 seconds
Domain Reload Profiling:
	ReloadAssembly (1321ms)
		BeginReloadAssembly (103ms)
			ExecutionOrderSort (0ms)
			DisableScriptedObjects (4ms)
			BackupInstance (0ms)
			ReleaseScriptingObjects (0ms)
			CreateAndSetChildDomain (32ms)
		EndReloadAssembly (1153ms)
			LoadAssemblies (43ms)
			RebuildTransferFunctionScriptingTraits (0ms)
			SetupTypeCache (210ms)
			ReleaseScriptCaches (1ms)
			RebuildScriptCaches (50ms)
			SetupLoadedEditorAssemblies (700ms)
				LogAssemblyErrors (0ms)
				InitializePlatformSupportModulesInManaged (8ms)
				SetLoadedEditorAssemblies (0ms)
				RefreshPlugins (1ms)
				BeforeProcessingInitializeOnLoad (43ms)
				ProcessInitializeOnLoadAttributes (621ms)
				ProcessInitializeOnLoadMethodAttributes (24ms)
				AfterProcessingInitializeOnLoad (3ms)
				EditorAssembliesLoaded (0ms)
			ExecutionOrderSort2 (0ms)
			AwakeInstancesAfterBackupRestoration (3ms)
Platform modules already initialized, skipping
Refreshing native plugins compatible for Editor in 1,12 ms, found 2 plugins.
Preloading 0 native plugins for Editor in 0,00 ms.
Unloading 3980 Unused Serialized files (Serialized files now loaded: 0)
Unloading 55 unused Assets / (51,4 KB). Loaded Objects now: 4529.
Memory consumption went from 137,6 MB to 137,6 MB.
Total: 16,292506 ms (FindLiveObjects: 0,213674 ms CreateObjectMapping: 0,076392 ms MarkObjects: 15,865140 ms  DeleteObjects: 0,134156 ms)

AssetImportParameters requested are different than current active one (requested -> active):
  custom:video-decoder-ogg-theora: a1e56fd34408186e4bbccfd4996cb3dc -> 
  custom:container-muxer-webm: aa71ff27fc2769a1b78a27578f13a17b -> 
  custom:container-demuxer-webm: 4f35f7cbe854078d1ac9338744f61a02 -> 
  custom:video-encoder-webm-vp8: eb34c28f22e8b96e1ab97ce403110664 -> 
  custom:CustomObjectIndexerAttribute: bc11b3a6c3213fcdd17b65e7da85e133 -> 
  custom:audio-encoder-webm-vorbis: bf7c407c2cedff20999df2af8eb42d56 -> 
  custom:SearchIndexIgnoredProperties: e643bd26f0fe6173181afceb89e7c659 -> 
  custom:container-demuxer-ogg: 62fdf1f143b41e24485cea50d1cbac27 -> 
  custom:video-decoder-webm-vp8: 9c59270c3fd7afecdb556c50c9e8de78 -> 
  custom:audio-decoder-ogg-vorbis: bf7c407c2cedff20999df2af8eb42d56 -> 
========================================================================
Received Prepare
Registering precompiled user dll's ...
Registered in 0,002409 seconds.
Begin MonoManager ReloadAssembly
Native extension for LinuxStandalone target not found
Refreshing native plugins compatible for Editor in 0,68 ms, found 2 plugins.
Preloading 0 native plugins for Editor in 0,00 ms.
[Package Manager] Server::EnsureServerProcessIsRunning -- launch failed, reason: Unity was launched with the -noUpm command-line argument
[Package Manager] Cannot connect to Unity Package Manager local server
System.Exception: Error! Visual Scripting: couldn't find visual scripting package
  at Unity.VisualScripting.PackageVersionUtility.get_version () [0x00043] in /home/hmcelik/Desktop/My project/Library/PackageCache/com.unity.visualscripting@1.9.4/Editor/VisualScripting.Core/Utilities/PackageVersionUtility.cs:31 
  at Unity.VisualScripting.BoltCoreManifest.get_version () [0x00000] in /home/hmcelik/Desktop/My project/Library/PackageCache/com.unity.visualscripting@1.9.4/Editor/VisualScripting.Core/Plugin/BoltCoreManifest.cs:11 
  at Unity.VisualScripting.PluginManifest.get_currentVersion () [0x00000] in /home/hmcelik/Desktop/My project/Library/PackageCache/com.unity.visualscripting@1.9.4/Editor/VisualScripting.Core/Plugins/PluginManifest.cs:33 
  at Unity.VisualScripting.PluginManifest.get_versionMismatch () [0x00000] in /home/hmcelik/Desktop/My project/Library/PackageCache/com.unity.visualscripting@1.9.4/Editor/VisualScripting.Core/Plugins/PluginManifest.cs:48 
  at Unity.VisualScripting.PluginContainer.Initialize () [0x00525] in /home/hmcelik/Desktop/My project/Library/PackageCache/com.unity.visualscripting@1.9.4/Editor/VisualScripting.Core/Plugins/PluginContainer.cs:208 
  at Unity.VisualScripting.PluginContainer.InitializeOnLoad () [0x00009] in /home/hmcelik/Desktop/My project/Library/PackageCache/com.unity.visualscripting@1.9.4/Editor/VisualScripting.Core/Plugins/PluginContainer.cs:32 
  at Unity.VisualScripting.VSUsageUtility.DoInitializeOnLoadCalls () [0x00034] in /home/hmcelik/Desktop/My project/Library/PackageCache/com.unity.visualscripting@1.9.4/Editor/VisualScripting.Core/Utilities/VSUsageUtility.cs:76 
  at Unity.VisualScripting.VSUsageUtility.set_isVisualScriptingUsed (System.Boolean value) [0x0002c] in /home/hmcelik/Desktop/My project/Library/PackageCache/com.unity.visualscripting@1.9.4/Editor/VisualScripting.Core/Utilities/VSUsageUtility.cs:114 
  at Unity.VisualScripting.VSUsageUtility.CheckAndSetIsVisualScriptingUsed () [0x0000d] in /home/hmcelik/Desktop/My project/Library/PackageCache/com.unity.visualscripting@1.9.4/Editor/VisualScripting.Core/Utilities/VSUsageUtility.cs:33 
  at Unity.VisualScripting.VSUsageUtility..cctor () [0x00000] in /home/hmcelik/Desktop/My project/Library/PackageCache/com.unity.visualscripting@1.9.4/Editor/VisualScripting.Core/Utilities/VSUsageUtility.cs:22 
UnityEngine.StackTraceUtility:ExtractStackTrace () (at /home/bokken/build/output/unity/unity/Runtime/Export/Scripting/StackTrace.cs:37)
UnityEngine.DebugLogHandler:LogFormat (UnityEngine.LogType,UnityEngine.Object,string,object[])
UnityEngine.Logger:Log (UnityEngine.LogType,object)
UnityEngine.Debug:LogError (object)
UnityEditor.EditorAssemblies:ProcessInitializeOnLoadAttributes (System.Type[]) (at /home/bokken/build/output/unity/unity/Editor/Mono/EditorAssemblies.cs:134)

(Filename: /home/bokken/build/output/unity/unity/Editor/Mono/EditorAssemblies.cs Line: 134)

Mono: successfully reloaded assembly
- Completed reload, in  1,294 seconds
Domain Reload Profiling:
	ReloadAssembly (1295ms)
		BeginReloadAssembly (106ms)
			ExecutionOrderSort (0ms)
			DisableScriptedObjects (4ms)
			BackupInstance (0ms)
			ReleaseScriptingObjects (0ms)
			CreateAndSetChildDomain (33ms)
		EndReloadAssembly (1124ms)
			LoadAssemblies (45ms)
			RebuildTransferFunctionScriptingTraits (0ms)
			SetupTypeCache (207ms)
			ReleaseScriptCaches (1ms)
			RebuildScriptCaches (40ms)
			SetupLoadedEditorAssemblies (684ms)
				LogAssemblyErrors (0ms)
				InitializePlatformSupportModulesInManaged (8ms)
				SetLoadedEditorAssemblies (0ms)
				RefreshPlugins (1ms)
				BeforeProcessingInitializeOnLoad (42ms)
				ProcessInitializeOnLoadAttributes (606ms)
				ProcessInitializeOnLoadMethodAttributes (24ms)
				AfterProcessingInitializeOnLoad (3ms)
				EditorAssembliesLoaded (0ms)
			ExecutionOrderSort2 (0ms)
			AwakeInstancesAfterBackupRestoration (3ms)
Platform modules already initialized, skipping
Refreshing native plugins compatible for Editor in 1,05 ms, found 2 plugins.
Preloading 0 native plugins for Editor in 0,00 ms.
Unloading 3980 Unused Serialized files (Serialized files now loaded: 0)
Unloading 55 unused Assets / (51,4 KB). Loaded Objects now: 4533.
Memory consumption went from 137,7 MB to 137,6 MB.
Total: 14,467020 ms (FindLiveObjects: 0,370114 ms CreateObjectMapping: 0,190222 ms MarkObjects: 13,787449 ms  DeleteObjects: 0,117712 ms)

AssetImportParameters requested are different than current active one (requested -> active):
  custom:video-decoder-ogg-theora: a1e56fd34408186e4bbccfd4996cb3dc -> 
  custom:container-muxer-webm: aa71ff27fc2769a1b78a27578f13a17b -> 
  custom:container-demuxer-webm: 4f35f7cbe854078d1ac9338744f61a02 -> 
  custom:video-encoder-webm-vp8: eb34c28f22e8b96e1ab97ce403110664 -> 
  custom:CustomObjectIndexerAttribute: bc11b3a6c3213fcdd17b65e7da85e133 -> 
  custom:audio-encoder-webm-vorbis: bf7c407c2cedff20999df2af8eb42d56 -> 
  custom:SearchIndexIgnoredProperties: e643bd26f0fe6173181afceb89e7c659 -> 
  custom:container-demuxer-ogg: 62fdf1f143b41e24485cea50d1cbac27 -> 
  custom:video-decoder-webm-vp8: 9c59270c3fd7afecdb556c50c9e8de78 -> 
  custom:audio-decoder-ogg-vorbis: bf7c407c2cedff20999df2af8eb42d56 -> 
========================================================================
Received Prepare
Registering precompiled user dll's ...
Registered in 0,001914 seconds.
Begin MonoManager ReloadAssembly
Native extension for LinuxStandalone target not found
Refreshing native plugins compatible for Editor in 0,68 ms, found 2 plugins.
Preloading 0 native plugins for Editor in 0,00 ms.
[Package Manager] Server::EnsureServerProcessIsRunning -- launch failed, reason: Unity was launched with the -noUpm command-line argument
[Package Manager] Cannot connect to Unity Package Manager local server
System.Exception: Error! Visual Scripting: couldn't find visual scripting package
  at Unity.VisualScripting.PackageVersionUtility.get_version () [0x00043] in /home/hmcelik/Desktop/My project/Library/PackageCache/com.unity.visualscripting@1.9.4/Editor/VisualScripting.Core/Utilities/PackageVersionUtility.cs:31 
  at Unity.VisualScripting.BoltCoreManifest.get_version () [0x00000] in /home/hmcelik/Desktop/My project/Library/PackageCache/com.unity.visualscripting@1.9.4/Editor/VisualScripting.Core/Plugin/BoltCoreManifest.cs:11 
  at Unity.VisualScripting.PluginManifest.get_currentVersion () [0x00000] in /home/hmcelik/Desktop/My project/Library/PackageCache/com.unity.visualscripting@1.9.4/Editor/VisualScripting.Core/Plugins/PluginManifest.cs:33 
  at Unity.VisualScripting.PluginManifest.get_versionMismatch () [0x00000] in /home/hmcelik/Desktop/My project/Library/PackageCache/com.unity.visualscripting@1.9.4/Editor/VisualScripting.Core/Plugins/PluginManifest.cs:48 
  at Unity.VisualScripting.PluginContainer.Initialize () [0x00525] in /home/hmcelik/Desktop/My project/Library/PackageCache/com.unity.visualscripting@1.9.4/Editor/VisualScripting.Core/Plugins/PluginContainer.cs:208 
  at Unity.VisualScripting.PluginContainer.InitializeOnLoad () [0x00009] in /home/hmcelik/Desktop/My project/Library/PackageCache/com.unity.visualscripting@1.9.4/Editor/VisualScripting.Core/Plugins/PluginContainer.cs:32 
  at Unity.VisualScripting.VSUsageUtility.DoInitializeOnLoadCalls () [0x00034] in /home/hmcelik/Desktop/My project/Library/PackageCache/com.unity.visualscripting@1.9.4/Editor/VisualScripting.Core/Utilities/VSUsageUtility.cs:76 
  at Unity.VisualScripting.VSUsageUtility.set_isVisualScriptingUsed (System.Boolean value) [0x0002c] in /home/hmcelik/Desktop/My project/Library/PackageCache/com.unity.visualscripting@1.9.4/Editor/VisualScripting.Core/Utilities/VSUsageUtility.cs:114 
  at Unity.VisualScripting.VSUsageUtility.CheckAndSetIsVisualScriptingUsed () [0x0000d] in /home/hmcelik/Desktop/My project/Library/PackageCache/com.unity.visualscripting@1.9.4/Editor/VisualScripting.Core/Utilities/VSUsageUtility.cs:33 
  at Unity.VisualScripting.VSUsageUtility..cctor () [0x00000] in /home/hmcelik/Desktop/My project/Library/PackageCache/com.unity.visualscripting@1.9.4/Editor/VisualScripting.Core/Utilities/VSUsageUtility.cs:22 
UnityEngine.StackTraceUtility:ExtractStackTrace () (at /home/bokken/build/output/unity/unity/Runtime/Export/Scripting/StackTrace.cs:37)
UnityEngine.DebugLogHandler:LogFormat (UnityEngine.LogType,UnityEngine.Object,string,object[])
UnityEngine.Logger:Log (UnityEngine.LogType,object)
UnityEngine.Debug:LogError (object)
UnityEditor.EditorAssemblies:ProcessInitializeOnLoadAttributes (System.Type[]) (at /home/bokken/build/output/unity/unity/Editor/Mono/EditorAssemblies.cs:134)

(Filename: /home/bokken/build/output/unity/unity/Editor/Mono/EditorAssemblies.cs Line: 134)

Mono: successfully reloaded assembly
- Completed reload, in  1,317 seconds
Domain Reload Profiling:
	ReloadAssembly (1318ms)
		BeginReloadAssembly (105ms)
			ExecutionOrderSort (0ms)
			DisableScriptedObjects (4ms)
			BackupInstance (0ms)
			ReleaseScriptingObjects (0ms)
			CreateAndSetChildDomain (33ms)
		EndReloadAssembly (1148ms)
			LoadAssemblies (45ms)
			RebuildTransferFunctionScriptingTraits (0ms)
			SetupTypeCache (238ms)
			ReleaseScriptCaches (1ms)
			RebuildScriptCaches (29ms)
			SetupLoadedEditorAssemblies (686ms)
				LogAssemblyErrors (0ms)
				InitializePlatformSupportModulesInManaged (8ms)
				SetLoadedEditorAssemblies (0ms)
				RefreshPlugins (1ms)
				BeforeProcessingInitializeOnLoad (43ms)
				ProcessInitializeOnLoadAttributes (607ms)
				ProcessInitializeOnLoadMethodAttributes (24ms)
				AfterProcessingInitializeOnLoad (3ms)
				EditorAssembliesLoaded (0ms)
			ExecutionOrderSort2 (0ms)
			AwakeInstancesAfterBackupRestoration (3ms)
Platform modules already initialized, skipping
Refreshing native plugins compatible for Editor in 1,15 ms, found 2 plugins.
Preloading 0 native plugins for Editor in 0,00 ms.
Unloading 3980 Unused Serialized files (Serialized files now loaded: 0)
Unloading 55 unused Assets / (56,0 KB). Loaded Objects now: 4537.
Memory consumption went from 137,6 MB to 137,6 MB.
Total: 16,144617 ms (FindLiveObjects: 0,254192 ms CreateObjectMapping: 0,120116 ms MarkObjects: 15,644967 ms  DeleteObjects: 0,124107 ms)

AssetImportParameters requested are different than current active one (requested -> active):
  custom:video-decoder-ogg-theora: a1e56fd34408186e4bbccfd4996cb3dc -> 
  custom:container-muxer-webm: aa71ff27fc2769a1b78a27578f13a17b -> 
  custom:container-demuxer-webm: 4f35f7cbe854078d1ac9338744f61a02 -> 
  custom:video-encoder-webm-vp8: eb34c28f22e8b96e1ab97ce403110664 -> 
  custom:CustomObjectIndexerAttribute: bc11b3a6c3213fcdd17b65e7da85e133 -> 
  custom:audio-encoder-webm-vorbis: bf7c407c2cedff20999df2af8eb42d56 -> 
  custom:SearchIndexIgnoredProperties: e643bd26f0fe6173181afceb89e7c659 -> 
  custom:container-demuxer-ogg: 62fdf1f143b41e24485cea50d1cbac27 -> 
  custom:video-decoder-webm-vp8: 9c59270c3fd7afecdb556c50c9e8de78 -> 
  custom:audio-decoder-ogg-vorbis: bf7c407c2cedff20999df2af8eb42d56 -> 
========================================================================
Received Import Request.
  Time since last request: 197,278473 seconds.
  path: Assets/LowPolyLight/Materials/emission_white.mat
  artifactKey: Guid(518a121833d10fb43bc0b21182ed99b4) Importer(815301076,1909f56bfc062723c751e8b465ee728b)
Number of updated assets reloaded before import = 0
Start importing Assets/LowPolyLight/Materials/emission_white.mat using Guid(518a121833d10fb43bc0b21182ed99b4) Importer(815301076,1909f56bfc062723c751e8b465ee728b)  -> (artifact id: '00430f95e0cf7b0e51f14544f30ee46e') in 0,228362 seconds 
Number of asset objects unloaded after import = 1
========================================================================
Received Import Request.
  Time since last request: 0,000023 seconds.
  path: Assets/Simple Garage/Materials/emmisiive.002.mat
  artifactKey: Guid(af6db2a9628a7ec4d817bf5afb23d1a3) Importer(815301076,1909f56bfc062723c751e8b465ee728b)
Number of updated assets reloaded before import = 0
Start importing Assets/Simple Garage/Materials/emmisiive.002.mat using Guid(af6db2a9628a7ec4d817bf5afb23d1a3) Importer(815301076,1909f56bfc062723c751e8b465ee728b)  -> (artifact id: '19ec941d07124e9b261f043660ecae1a') in 0,018820 seconds 
Number of asset objects unloaded after import = 1
========================================================================
Received Import Request.
  Time since last request: 0,000028 seconds.
  path: Assets/Simple Garage/Materials/emmisiive.001.mat
  artifactKey: Guid(36900c0f5e1028f40b2747479ead4db5) Importer(815301076,1909f56bfc062723c751e8b465ee728b)
Number of updated assets reloaded before import = 0
Start importing Assets/Simple Garage/Materials/emmisiive.001.mat using Guid(36900c0f5e1028f40b2747479ead4db5) Importer(815301076,1909f56bfc062723c751e8b465ee728b)  -> (artifact id: '1333833097799911f635ffb3660ae41b') in 0,013526 seconds 
Number of asset objects unloaded after import = 1
========================================================================
Received Import Request.
  Time since last request: 0,000018 seconds.
  path: Assets/ADI/Voxel Office Props/Models/Materials/fillingCabinetDrawDocsMat.mat
  artifactKey: Guid(9f096376e88e5714f82e2390bbd7fa08) Importer(815301076,1909f56bfc062723c751e8b465ee728b)
Number of updated assets reloaded before import = 0
Start importing Assets/ADI/Voxel Office Props/Models/Materials/fillingCabinetDrawDocsMat.mat using Guid(9f096376e88e5714f82e2390bbd7fa08) Importer(815301076,1909f56bfc062723c751e8b465ee728b)  -> (artifact id: 'ab59b89fda6cb7161be767a09458184d') in 0,193191 seconds 
Number of asset objects unloaded after import = 1
========================================================================
Received Import Request.
  Time since last request: 0,000017 seconds.
  path: Assets/Brick Project Studio/_BPS Basic Assets/Common/Materials/Fire/Fire_Add_01.mat
  artifactKey: Guid(4791bf36c2e577a4a9e789b580579636) Importer(815301076,1909f56bfc062723c751e8b465ee728b)
Number of updated assets reloaded before import = 0
Start importing Assets/Brick Project Studio/_BPS Basic Assets/Common/Materials/Fire/Fire_Add_01.mat using Guid(4791bf36c2e577a4a9e789b580579636) Importer(815301076,1909f56bfc062723c751e8b465ee728b)  -> (artifact id: 'df3ae86cf22fd4f352c587e000993dd5') in 0,101049 seconds 
Number of asset objects unloaded after import = 2
========================================================================
Received Import Request.
  Time since last request: 0,000025 seconds.
  path: Assets/Simple Garage/Materials/Floor.mat
  artifactKey: Guid(62c006922a11952419e8ee50d28443de) Importer(815301076,1909f56bfc062723c751e8b465ee728b)
Number of updated assets reloaded before import = 0
Start importing Assets/Simple Garage/Materials/Floor.mat using Guid(62c006922a11952419e8ee50d28443de) Importer(815301076,1909f56bfc062723c751e8b465ee728b)  -> (artifact id: '45b27cd5562141ccef3cd7b7e18dcf0f') in 0,336659 seconds 
Number of asset objects unloaded after import = 3
========================================================================
Received Import Request.
  Time since last request: 0,004166 seconds.
  path: Assets/Brick Project Studio/Apartment Kit/Common/Materials/Interior Exterior/Int_Apt_02.mat
  artifactKey: Guid(1189fd509fb646c4bbef59dd93c02b71) Importer(815301076,1909f56bfc062723c751e8b465ee728b)
Number of updated assets reloaded before import = 0
Start importing Assets/Brick Project Studio/Apartment Kit/Common/Materials/Interior Exterior/Int_Apt_02.mat using Guid(1189fd509fb646c4bbef59dd93c02b71) Importer(815301076,1909f56bfc062723c751e8b465ee728b)  -> (artifact id: 'b2cd673fddebbe31526f50d19c78da9b') in 0,297113 seconds 
Number of asset objects unloaded after import = 3
========================================================================
Received Import Request.
  Time since last request: 0,000025 seconds.
  path: Assets/ADI/Voxel Office Props/Models/Materials/keyboardMat.mat
  artifactKey: Guid(533d958b9348ae447a88ac9346b57b40) Importer(815301076,1909f56bfc062723c751e8b465ee728b)
Number of updated assets reloaded before import = 0
Start importing Assets/ADI/Voxel Office Props/Models/Materials/keyboardMat.mat using Guid(533d958b9348ae447a88ac9346b57b40) Importer(815301076,1909f56bfc062723c751e8b465ee728b)  -> (artifact id: '15d869907021b5778782e53ed8712ca6') in 0,013739 seconds 
Number of asset objects unloaded after import = 1
========================================================================
Received Import Request.
  Time since last request: 0,000029 seconds.
  path: Assets/Simple Garage/Models/Exterior.fbx
  artifactKey: Guid(05a30d1750f15df4e9f9d43f92e779ca) Importer(815301076,1909f56bfc062723c751e8b465ee728b)
Number of updated assets reloaded before import = 0
Start importing Assets/Simple Garage/Models/Exterior.fbx using Guid(05a30d1750f15df4e9f9d43f92e779ca) Importer(815301076,1909f56bfc062723c751e8b465ee728b)  -> (artifact id: '6944f6cac4a7bca724b7d3abfcf94468') in 0,344806 seconds 
Number of asset objects unloaded after import = 10
========================================================================
Received Import Request.
  Time since last request: 0,000027 seconds.
  path: Assets/TextMesh Pro/Resources/Fonts & Materials/LiberationSans SDF - Drop Shadow.mat
  artifactKey: Guid(e73a58f6e2794ae7b1b7e50b7fb811b0) Importer(815301076,1909f56bfc062723c751e8b465ee728b)
Number of updated assets reloaded before import = 0
Start importing Assets/TextMesh Pro/Resources/Fonts & Materials/LiberationSans SDF - Drop Shadow.mat using Guid(e73a58f6e2794ae7b1b7e50b7fb811b0) Importer(815301076,1909f56bfc062723c751e8b465ee728b)  -> (artifact id: '73f4165c0161de90fd7c7384577b97fb') in 0,150259 seconds 
Number of asset objects unloaded after import = 2
========================================================================
Received Import Request.
  Time since last request: 0,000030 seconds.
  path: Assets/Brick Project Studio/Apartment Kit/Common/Materials/Surface/LampShade_On.mat
  artifactKey: Guid(b88360a072428ab458700f373aaa91ee) Importer(815301076,1909f56bfc062723c751e8b465ee728b)
Number of updated assets reloaded before import = 0
Start importing Assets/Brick Project Studio/Apartment Kit/Common/Materials/Surface/LampShade_On.mat using Guid(b88360a072428ab458700f373aaa91ee) Importer(815301076,1909f56bfc062723c751e8b465ee728b)  -> (artifact id: '09afd39651b9e6af436b208b01a94edb') in 0,027943 seconds 
Number of asset objects unloaded after import = 1
========================================================================
Received Import Request.
  Time since last request: 0,000021 seconds.
  path: Assets/ADI/Voxel Office Props/Models/Materials/fillingCabinetNoDrawsMat.mat
  artifactKey: Guid(441fc74832b5da141a0b2b81614e671f) Importer(815301076,1909f56bfc062723c751e8b465ee728b)
Number of updated assets reloaded before import = 0
Start importing Assets/ADI/Voxel Office Props/Models/Materials/fillingCabinetNoDrawsMat.mat using Guid(441fc74832b5da141a0b2b81614e671f) Importer(815301076,1909f56bfc062723c751e8b465ee728b)  -> (artifact id: '251f46ebec6c500f052eba75c66b9e70') in 0,013407 seconds 
Number of asset objects unloaded after import = 1
========================================================================
Received Import Request.
  Time since last request: 0,000017 seconds.
  path: Assets/Brick Project Studio/Apartment Kit/Common/Materials/Misc/GameConsole_01.mat
  artifactKey: Guid(cd2528b4c58decf4fa93cbcfc4c870ee) Importer(815301076,1909f56bfc062723c751e8b465ee728b)
Number of updated assets reloaded before import = 0
Start importing Assets/Brick Project Studio/Apartment Kit/Common/Materials/Misc/GameConsole_01.mat using Guid(cd2528b4c58decf4fa93cbcfc4c870ee) Importer(815301076,1909f56bfc062723c751e8b465ee728b)  -> (artifact id: '406e14a251b3907f75d6c459ea486106') in 0,257556 seconds 
Number of asset objects unloaded after import = 2
========================================================================
Received Import Request.
  Time since last request: 0,000125 seconds.
  path: Assets/Brick Project Studio/_BPS Basic Assets/Common/Materials/Legacy/Gold.mat
  artifactKey: Guid(e767d86cbf3099a478162f1692b1edf3) Importer(815301076,1909f56bfc062723c751e8b465ee728b)
Number of updated assets reloaded before import = 0
Start importing Assets/Brick Project Studio/_BPS Basic Assets/Common/Materials/Legacy/Gold.mat using Guid(e767d86cbf3099a478162f1692b1edf3) Importer(815301076,1909f56bfc062723c751e8b465ee728b)  -> (artifact id: '57bf1fdb49bbac12af37b8de20ceec3c') in 0,022783 seconds 
Number of asset objects unloaded after import = 1
========================================================================
Received Import Request.
  Time since last request: 0,000020 seconds.
  path: Assets/Brick Project Studio/Apartment Kit/Common/Materials/Misc/Label.mat
  artifactKey: Guid(887cd0bd2b51873418b96f1bf6f04da4) Importer(815301076,1909f56bfc062723c751e8b465ee728b)
Number of updated assets reloaded before import = 0
Start importing Assets/Brick Project Studio/Apartment Kit/Common/Materials/Misc/Label.mat using Guid(887cd0bd2b51873418b96f1bf6f04da4) Importer(815301076,1909f56bfc062723c751e8b465ee728b)  -> (artifact id: 'ebd5dba6e0bca1a9595d600084d8608d') in 0,526135 seconds 
Number of asset objects unloaded after import = 2
========================================================================
Received Import Request.
  Time since last request: 0,000022 seconds.
  path: Assets/Brick Project Studio/_BPS Basic Assets/Common/Materials/Fire/Fire_Alpha_01.mat
  artifactKey: Guid(cdb5cf50c86c5e1479a217fd032beff8) Importer(815301076,1909f56bfc062723c751e8b465ee728b)
Number of updated assets reloaded before import = 0
Start importing Assets/Brick Project Studio/_BPS Basic Assets/Common/Materials/Fire/Fire_Alpha_01.mat using Guid(cdb5cf50c86c5e1479a217fd032beff8) Importer(815301076,1909f56bfc062723c751e8b465ee728b)  -> (artifact id: '61689a3d9f7f801ca9b796aed4b7011a') in 0,025125 seconds 
Number of asset objects unloaded after import = 2
========================================================================
Received Import Request.
  Time since last request: 0,000030 seconds.
  path: Assets/ADI/Voxel Office Props/Models/Materials/laptopMat.mat
  artifactKey: Guid(3de5e8cb9e06b0840836940cd9b622ab) Importer(815301076,1909f56bfc062723c751e8b465ee728b)
Number of updated assets reloaded before import = 0
Start importing Assets/ADI/Voxel Office Props/Models/Materials/laptopMat.mat using Guid(3de5e8cb9e06b0840836940cd9b622ab) Importer(815301076,1909f56bfc062723c751e8b465ee728b)  -> (artifact id: 'e3f60695967fc2cb702f776dea39c586') in 0,050748 seconds 
Number of asset objects unloaded after import = 1
========================================================================
Received Import Request.
  Time since last request: 0,000018 seconds.
  path: Assets/Brick Project Studio/_BPS Basic Assets/Common/Materials/Basic Assets/Ext_SS_01.mat
  artifactKey: Guid(82ab0cdd78fe56340a768888a061f55c) Importer(815301076,1909f56bfc062723c751e8b465ee728b)
Number of updated assets reloaded before import = 0
Start importing Assets/Brick Project Studio/_BPS Basic Assets/Common/Materials/Basic Assets/Ext_SS_01.mat using Guid(82ab0cdd78fe56340a768888a061f55c) Importer(815301076,1909f56bfc062723c751e8b465ee728b)  -> (artifact id: '3bdf013925803875695d4c62691c79ad') in 0,279057 seconds 
Number of asset objects unloaded after import = 2
========================================================================
Received Import Request.
  Time since last request: 0,000028 seconds.
  path: Assets/Brick Project Studio/Apartment Kit/Common/Materials/Surface/Glass_Dark.mat
  artifactKey: Guid(cc90876a24c95974baf293258366d22d) Importer(815301076,1909f56bfc062723c751e8b465ee728b)
Number of updated assets reloaded before import = 0
Start importing Assets/Brick Project Studio/Apartment Kit/Common/Materials/Surface/Glass_Dark.mat using Guid(cc90876a24c95974baf293258366d22d) Importer(815301076,1909f56bfc062723c751e8b465ee728b)  -> (artifact id: 'b747f22c928700e5b8c4f0942543bb80') in 0,191282 seconds 
Number of asset objects unloaded after import = 1
========================================================================
Received Import Request.
  Time since last request: 0,000028 seconds.
  path: Assets/Brick Project Studio/_BPS Basic Assets/Common/Materials/Fire/Fire_Alpha_02.mat
  artifactKey: Guid(fafce5ad41639d14d9cfadc181485ec9) Importer(815301076,1909f56bfc062723c751e8b465ee728b)
Number of updated assets reloaded before import = 0
Start importing Assets/Brick Project Studio/_BPS Basic Assets/Common/Materials/Fire/Fire_Alpha_02.mat using Guid(fafce5ad41639d14d9cfadc181485ec9) Importer(815301076,1909f56bfc062723c751e8b465ee728b)  -> (artifact id: '999fa381efb165ba9000fddd282bf784') in 0,004146 seconds 
Number of asset objects unloaded after import = 2
========================================================================
Received Import Request.
  Time since last request: 0,000013 seconds.
  path: Assets/Brick Project Studio/_BPS Basic Assets/Common/Materials/Fire/Fire_Add_02.mat
  artifactKey: Guid(0fdd751cd86106446afa0dc09e0eeb8e) Importer(815301076,1909f56bfc062723c751e8b465ee728b)
Number of updated assets reloaded before import = 0
Start importing Assets/Brick Project Studio/_BPS Basic Assets/Common/Materials/Fire/Fire_Add_02.mat using Guid(0fdd751cd86106446afa0dc09e0eeb8e) Importer(815301076,1909f56bfc062723c751e8b465ee728b)  -> (artifact id: 'b27967be82fe6e6bbc20f4beba3459ad') in 0,024717 seconds 
Number of asset objects unloaded after import = 2
========================================================================
Received Import Request.
  Time since last request: 0,000014 seconds.
  path: Assets/Brick Project Studio/Apartment Kit/Common/Materials/Misc/Lamp 02 Shade - On.mat
  artifactKey: Guid(71e62a5ab55406f4aada84fe885d47b0) Importer(815301076,1909f56bfc062723c751e8b465ee728b)
Number of updated assets reloaded before import = 0
Start importing Assets/Brick Project Studio/Apartment Kit/Common/Materials/Misc/Lamp 02 Shade - On.mat using Guid(71e62a5ab55406f4aada84fe885d47b0) Importer(815301076,1909f56bfc062723c751e8b465ee728b)  -> (artifact id: '94dfb149317c996803f761e25476aecc') in 0,074948 seconds 
Number of asset objects unloaded after import = 1
========================================================================
Received Import Request.
  Time since last request: 0,000017 seconds.
  path: Assets/Brick Project Studio/_BPS Basic Assets/Common/Materials/Basic Assets/Int_BS_01.mat
  artifactKey: Guid(f03383d98b6709647991c50d409cf0af) Importer(815301076,1909f56bfc062723c751e8b465ee728b)
Number of updated assets reloaded before import = 0
Start importing Assets/Brick Project Studio/_BPS Basic Assets/Common/Materials/Basic Assets/Int_BS_01.mat using Guid(f03383d98b6709647991c50d409cf0af) Importer(815301076,1909f56bfc062723c751e8b465ee728b)  -> (artifact id: '71c0b7851ffad78fddd2c7e1ca2ce13c') in 0,027535 seconds 
Number of asset objects unloaded after import = 2
========================================================================
Received Import Request.
  Time since last request: 0,000020 seconds.
  path: Assets/Brick Project Studio/Apartment Kit/Common/Materials/Misc/Lamp 02 Table.mat
  artifactKey: Guid(ef49c0bd94883b4498c46a5c772544b3) Importer(815301076,1909f56bfc062723c751e8b465ee728b)
Number of updated assets reloaded before import = 0
Start importing Assets/Brick Project Studio/Apartment Kit/Common/Materials/Misc/Lamp 02 Table.mat using Guid(ef49c0bd94883b4498c46a5c772544b3) Importer(815301076,1909f56bfc062723c751e8b465ee728b)  -> (artifact id: 'eeb9cb7503ffc71611e5a559ff6ad051') in 0,034182 seconds 
Number of asset objects unloaded after import = 2
========================================================================
Received Import Request.
  Time since last request: 0,000015 seconds.
  path: Assets/Brick Project Studio/Apartment Kit/Common/Materials/Misc/Lamp 02 Ceiling Shade - On.mat
  artifactKey: Guid(136beb9ca8a36994ca60918c49ee2767) Importer(815301076,1909f56bfc062723c751e8b465ee728b)
Number of updated assets reloaded before import = 0
Start importing Assets/Brick Project Studio/Apartment Kit/Common/Materials/Misc/Lamp 02 Ceiling Shade - On.mat using Guid(136beb9ca8a36994ca60918c49ee2767) Importer(815301076,1909f56bfc062723c751e8b465ee728b)  -> (artifact id: '34d7685402c6faf597413a2fac4af5b8') in 0,476524 seconds 
Number of asset objects unloaded after import = 3
========================================================================
Received Import Request.
  Time since last request: 0,000024 seconds.
  path: Assets/ADI/Voxel Office Props/Models/Materials/keypadMat.mat
  artifactKey: Guid(71b15ed9f5217794da70e757c39f6fa9) Importer(815301076,1909f56bfc062723c751e8b465ee728b)
Number of updated assets reloaded before import = 0
Start importing Assets/ADI/Voxel Office Props/Models/Materials/keypadMat.mat using Guid(71b15ed9f5217794da70e757c39f6fa9) Importer(815301076,1909f56bfc062723c751e8b465ee728b)  -> (artifact id: 'a8469ee54b8218250e9772d561252d0b') in 0,014758 seconds 
Number of asset objects unloaded after import = 1
========================================================================
Received Import Request.
  Time since last request: 0,000023 seconds.
  path: Assets/Brick Project Studio/Apartment Kit/Common/Materials/Surface/Fabric_01_White.mat
  artifactKey: Guid(7f1d2f122bc99854b95672cfb7d080fa) Importer(815301076,1909f56bfc062723c751e8b465ee728b)
Number of updated assets reloaded before import = 0
Start importing Assets/Brick Project Studio/Apartment Kit/Common/Materials/Surface/Fabric_01_White.mat using Guid(7f1d2f122bc99854b95672cfb7d080fa) Importer(815301076,1909f56bfc062723c751e8b465ee728b)  -> (artifact id: '91bd897921bdba5b1c99647f674e6133') in 0,542621 seconds 
Number of asset objects unloaded after import = 5
========================================================================
Received Import Request.
  Time since last request: 0,000028 seconds.
  path: Assets/Brick Project Studio/Apartment Kit/Common/Materials/Surface/Frosted.mat
  artifactKey: Guid(f4c2705402c106042bb0cfaeab8f8d88) Importer(815301076,1909f56bfc062723c751e8b465ee728b)
Number of updated assets reloaded before import = 0
Start importing Assets/Brick Project Studio/Apartment Kit/Common/Materials/Surface/Frosted.mat using Guid(f4c2705402c106042bb0cfaeab8f8d88) Importer(815301076,1909f56bfc062723c751e8b465ee728b)  -> (artifact id: '6d90ec84a7b3473310d44fe2cca62871') in 0,181178 seconds 
Number of asset objects unloaded after import = 1
========================================================================
Received Prepare
Registering precompiled user dll's ...
Registered in 0,001885 seconds.
Begin MonoManager ReloadAssembly
Native extension for LinuxStandalone target not found
Refreshing native plugins compatible for Editor in 1,07 ms, found 2 plugins.
Preloading 0 native plugins for Editor in 0,00 ms.
[Package Manager] Server::EnsureServerProcessIsRunning -- launch failed, reason: Unity was launched with the -noUpm command-line argument
[Package Manager] Cannot connect to Unity Package Manager local server
System.Exception: Error! Visual Scripting: couldn't find visual scripting package
  at Unity.VisualScripting.PackageVersionUtility.get_version () [0x00043] in /home/hmcelik/Desktop/My project/Library/PackageCache/com.unity.visualscripting@1.9.4/Editor/VisualScripting.Core/Utilities/PackageVersionUtility.cs:31 
  at Unity.VisualScripting.BoltCoreManifest.get_version () [0x00000] in /home/hmcelik/Desktop/My project/Library/PackageCache/com.unity.visualscripting@1.9.4/Editor/VisualScripting.Core/Plugin/BoltCoreManifest.cs:11 
  at Unity.VisualScripting.PluginManifest.get_currentVersion () [0x00000] in /home/hmcelik/Desktop/My project/Library/PackageCache/com.unity.visualscripting@1.9.4/Editor/VisualScripting.Core/Plugins/PluginManifest.cs:33 
  at Unity.VisualScripting.PluginManifest.get_versionMismatch () [0x00000] in /home/hmcelik/Desktop/My project/Library/PackageCache/com.unity.visualscripting@1.9.4/Editor/VisualScripting.Core/Plugins/PluginManifest.cs:48 
  at Unity.VisualScripting.PluginContainer.Initialize () [0x00525] in /home/hmcelik/Desktop/My project/Library/PackageCache/com.unity.visualscripting@1.9.4/Editor/VisualScripting.Core/Plugins/PluginContainer.cs:208 
  at Unity.VisualScripting.PluginContainer.InitializeOnLoad () [0x00009] in /home/hmcelik/Desktop/My project/Library/PackageCache/com.unity.visualscripting@1.9.4/Editor/VisualScripting.Core/Plugins/PluginContainer.cs:32 
  at Unity.VisualScripting.VSUsageUtility.DoInitializeOnLoadCalls () [0x00034] in /home/hmcelik/Desktop/My project/Library/PackageCache/com.unity.visualscripting@1.9.4/Editor/VisualScripting.Core/Utilities/VSUsageUtility.cs:76 
  at Unity.VisualScripting.VSUsageUtility.set_isVisualScriptingUsed (System.Boolean value) [0x0002c] in /home/hmcelik/Desktop/My project/Library/PackageCache/com.unity.visualscripting@1.9.4/Editor/VisualScripting.Core/Utilities/VSUsageUtility.cs:114 
  at Unity.VisualScripting.VSUsageUtility.CheckAndSetIsVisualScriptingUsed () [0x0000d] in /home/hmcelik/Desktop/My project/Library/PackageCache/com.unity.visualscripting@1.9.4/Editor/VisualScripting.Core/Utilities/VSUsageUtility.cs:33 
  at Unity.VisualScripting.VSUsageUtility..cctor () [0x00000] in /home/hmcelik/Desktop/My project/Library/PackageCache/com.unity.visualscripting@1.9.4/Editor/VisualScripting.Core/Utilities/VSUsageUtility.cs:22 
UnityEngine.StackTraceUtility:ExtractStackTrace () (at /home/bokken/build/output/unity/unity/Runtime/Export/Scripting/StackTrace.cs:37)
UnityEngine.DebugLogHandler:LogFormat (UnityEngine.LogType,UnityEngine.Object,string,object[])
UnityEngine.Logger:Log (UnityEngine.LogType,object)
UnityEngine.Debug:LogError (object)
UnityEditor.EditorAssemblies:ProcessInitializeOnLoadAttributes (System.Type[]) (at /home/bokken/build/output/unity/unity/Editor/Mono/EditorAssemblies.cs:134)

(Filename: /home/bokken/build/output/unity/unity/Editor/Mono/EditorAssemblies.cs Line: 134)

Mono: successfully reloaded assembly
- Completed reload, in  1,324 seconds
Domain Reload Profiling:
	ReloadAssembly (1325ms)
		BeginReloadAssembly (104ms)
			ExecutionOrderSort (0ms)
			DisableScriptedObjects (3ms)
			BackupInstance (0ms)
			ReleaseScriptingObjects (0ms)
			CreateAndSetChildDomain (33ms)
		EndReloadAssembly (1155ms)
			LoadAssemblies (43ms)
			RebuildTransferFunctionScriptingTraits (0ms)
			SetupTypeCache (220ms)
			ReleaseScriptCaches (1ms)
			RebuildScriptCaches (42ms)
			SetupLoadedEditorAssemblies (701ms)
				LogAssemblyErrors (0ms)
				InitializePlatformSupportModulesInManaged (8ms)
				SetLoadedEditorAssemblies (0ms)
				RefreshPlugins (1ms)
				BeforeProcessingInitializeOnLoad (45ms)
				ProcessInitializeOnLoadAttributes (619ms)
				ProcessInitializeOnLoadMethodAttributes (24ms)
				AfterProcessingInitializeOnLoad (3ms)
				EditorAssembliesLoaded (0ms)
			ExecutionOrderSort2 (0ms)
			AwakeInstancesAfterBackupRestoration (3ms)
Platform modules already initialized, skipping
Refreshing native plugins compatible for Editor in 0,75 ms, found 2 plugins.
Preloading 0 native plugins for Editor in 0,00 ms.
Unloading 3980 Unused Serialized files (Serialized files now loaded: 0)
Unloading 55 unused Assets / (56,0 KB). Loaded Objects now: 4542.
Memory consumption went from 137,7 MB to 137,7 MB.
Total: 12,433379 ms (FindLiveObjects: 0,218817 ms CreateObjectMapping: 0,114556 ms MarkObjects: 12,007487 ms  DeleteObjects: 0,091655 ms)

AssetImportParameters requested are different than current active one (requested -> active):
  custom:video-decoder-ogg-theora: a1e56fd34408186e4bbccfd4996cb3dc -> 
  custom:container-muxer-webm: aa71ff27fc2769a1b78a27578f13a17b -> 
  custom:container-demuxer-webm: 4f35f7cbe854078d1ac9338744f61a02 -> 
  custom:video-encoder-webm-vp8: eb34c28f22e8b96e1ab97ce403110664 -> 
  custom:CustomObjectIndexerAttribute: bc11b3a6c3213fcdd17b65e7da85e133 -> 
  custom:audio-encoder-webm-vorbis: bf7c407c2cedff20999df2af8eb42d56 -> 
  custom:SearchIndexIgnoredProperties: e643bd26f0fe6173181afceb89e7c659 -> 
  custom:container-demuxer-ogg: 62fdf1f143b41e24485cea50d1cbac27 -> 
  custom:video-decoder-webm-vp8: 9c59270c3fd7afecdb556c50c9e8de78 -> 
  custom:audio-decoder-ogg-vorbis: bf7c407c2cedff20999df2af8eb42d56 -> 
========================================================================
Received Prepare
Registering precompiled user dll's ...
Registered in 0,001909 seconds.
Begin MonoManager ReloadAssembly
Native extension for LinuxStandalone target not found
Refreshing native plugins compatible for Editor in 0,66 ms, found 2 plugins.
Preloading 0 native plugins for Editor in 0,00 ms.
[Package Manager] Server::EnsureServerProcessIsRunning -- launch failed, reason: Unity was launched with the -noUpm command-line argument
[Package Manager] Cannot connect to Unity Package Manager local server
System.Exception: Error! Visual Scripting: couldn't find visual scripting package
  at Unity.VisualScripting.PackageVersionUtility.get_version () [0x00043] in /home/hmcelik/Desktop/My project/Library/PackageCache/com.unity.visualscripting@1.9.4/Editor/VisualScripting.Core/Utilities/PackageVersionUtility.cs:31 
  at Unity.VisualScripting.BoltCoreManifest.get_version () [0x00000] in /home/hmcelik/Desktop/My project/Library/PackageCache/com.unity.visualscripting@1.9.4/Editor/VisualScripting.Core/Plugin/BoltCoreManifest.cs:11 
  at Unity.VisualScripting.PluginManifest.get_currentVersion () [0x00000] in /home/hmcelik/Desktop/My project/Library/PackageCache/com.unity.visualscripting@1.9.4/Editor/VisualScripting.Core/Plugins/PluginManifest.cs:33 
  at Unity.VisualScripting.PluginManifest.get_versionMismatch () [0x00000] in /home/hmcelik/Desktop/My project/Library/PackageCache/com.unity.visualscripting@1.9.4/Editor/VisualScripting.Core/Plugins/PluginManifest.cs:48 
  at Unity.VisualScripting.PluginContainer.Initialize () [0x00525] in /home/hmcelik/Desktop/My project/Library/PackageCache/com.unity.visualscripting@1.9.4/Editor/VisualScripting.Core/Plugins/PluginContainer.cs:208 
  at Unity.VisualScripting.PluginContainer.InitializeOnLoad () [0x00009] in /home/hmcelik/Desktop/My project/Library/PackageCache/com.unity.visualscripting@1.9.4/Editor/VisualScripting.Core/Plugins/PluginContainer.cs:32 
  at Unity.VisualScripting.VSUsageUtility.DoInitializeOnLoadCalls () [0x00034] in /home/hmcelik/Desktop/My project/Library/PackageCache/com.unity.visualscripting@1.9.4/Editor/VisualScripting.Core/Utilities/VSUsageUtility.cs:76 
  at Unity.VisualScripting.VSUsageUtility.set_isVisualScriptingUsed (System.Boolean value) [0x0002c] in /home/hmcelik/Desktop/My project/Library/PackageCache/com.unity.visualscripting@1.9.4/Editor/VisualScripting.Core/Utilities/VSUsageUtility.cs:114 
  at Unity.VisualScripting.VSUsageUtility.CheckAndSetIsVisualScriptingUsed () [0x0000d] in /home/hmcelik/Desktop/My project/Library/PackageCache/com.unity.visualscripting@1.9.4/Editor/VisualScripting.Core/Utilities/VSUsageUtility.cs:33 
  at Unity.VisualScripting.VSUsageUtility..cctor () [0x00000] in /home/hmcelik/Desktop/My project/Library/PackageCache/com.unity.visualscripting@1.9.4/Editor/VisualScripting.Core/Utilities/VSUsageUtility.cs:22 
UnityEngine.StackTraceUtility:ExtractStackTrace () (at /home/bokken/build/output/unity/unity/Runtime/Export/Scripting/StackTrace.cs:37)
UnityEngine.DebugLogHandler:LogFormat (UnityEngine.LogType,UnityEngine.Object,string,object[])
UnityEngine.Logger:Log (UnityEngine.LogType,object)
UnityEngine.Debug:LogError (object)
UnityEditor.EditorAssemblies:ProcessInitializeOnLoadAttributes (System.Type[]) (at /home/bokken/build/output/unity/unity/Editor/Mono/EditorAssemblies.cs:134)

(Filename: /home/bokken/build/output/unity/unity/Editor/Mono/EditorAssemblies.cs Line: 134)

Mono: successfully reloaded assembly
- Completed reload, in  1,331 seconds
Domain Reload Profiling:
	ReloadAssembly (1332ms)
		BeginReloadAssembly (107ms)
			ExecutionOrderSort (0ms)
			DisableScriptedObjects (4ms)
			BackupInstance (0ms)
			ReleaseScriptingObjects (0ms)
			CreateAndSetChildDomain (37ms)
		EndReloadAssembly (1159ms)
			LoadAssemblies (43ms)
			RebuildTransferFunctionScriptingTraits (0ms)
			SetupTypeCache (235ms)
			ReleaseScriptCaches (1ms)
			RebuildScriptCaches (29ms)
			SetupLoadedEditorAssemblies (703ms)
				LogAssemblyErrors (0ms)
				InitializePlatformSupportModulesInManaged (8ms)
				SetLoadedEditorAssemblies (0ms)
				RefreshPlugins (1ms)
				BeforeProcessingInitializeOnLoad (42ms)
				ProcessInitializeOnLoadAttributes (624ms)
				ProcessInitializeOnLoadMethodAttributes (24ms)
				AfterProcessingInitializeOnLoad (3ms)
				EditorAssembliesLoaded (0ms)
			ExecutionOrderSort2 (0ms)
			AwakeInstancesAfterBackupRestoration (3ms)
Platform modules already initialized, skipping
Refreshing native plugins compatible for Editor in 0,86 ms, found 2 plugins.
Preloading 0 native plugins for Editor in 0,00 ms.
Unloading 3980 Unused Serialized files (Serialized files now loaded: 0)
Unloading 55 unused Assets / (46,7 KB). Loaded Objects now: 4546.
Memory consumption went from 137,7 MB to 137,7 MB.
Total: 11,689980 ms (FindLiveObjects: 0,285673 ms CreateObjectMapping: 0,109872 ms MarkObjects: 11,197603 ms  DeleteObjects: 0,095229 ms)

AssetImportParameters requested are different than current active one (requested -> active):
  custom:video-decoder-ogg-theora: a1e56fd34408186e4bbccfd4996cb3dc -> 
  custom:container-muxer-webm: aa71ff27fc2769a1b78a27578f13a17b -> 
  custom:container-demuxer-webm: 4f35f7cbe854078d1ac9338744f61a02 -> 
  custom:video-encoder-webm-vp8: eb34c28f22e8b96e1ab97ce403110664 -> 
  custom:CustomObjectIndexerAttribute: bc11b3a6c3213fcdd17b65e7da85e133 -> 
  custom:audio-encoder-webm-vorbis: bf7c407c2cedff20999df2af8eb42d56 -> 
  custom:SearchIndexIgnoredProperties: e643bd26f0fe6173181afceb89e7c659 -> 
  custom:container-demuxer-ogg: 62fdf1f143b41e24485cea50d1cbac27 -> 
  custom:video-decoder-webm-vp8: 9c59270c3fd7afecdb556c50c9e8de78 -> 
  custom:audio-decoder-ogg-vorbis: bf7c407c2cedff20999df2af8eb42d56 -> 
========================================================================
Received Import Request.
  Time since last request: 360,987336 seconds.
  path: Assets/map.jpeg
  artifactKey: Guid(91776faa481edc04c9a88842d5c75208) Importer(815301076,1909f56bfc062723c751e8b465ee728b)
Number of updated assets reloaded before import = 0
Start importing Assets/map.jpeg using Guid(91776faa481edc04c9a88842d5c75208) Importer(815301076,1909f56bfc062723c751e8b465ee728b)  -> (artifact id: 'c71c9ea152e079521943b52f525e74ab') in 0,032043 seconds 
Number of asset objects unloaded after import = 2
========================================================================
Received Prepare
Registering precompiled user dll's ...
Registered in 0,001849 seconds.
Begin MonoManager ReloadAssembly
Native extension for LinuxStandalone target not found
Refreshing native plugins compatible for Editor in 0,70 ms, found 2 plugins.
Preloading 0 native plugins for Editor in 0,00 ms.
[Package Manager] Server::EnsureServerProcessIsRunning -- launch failed, reason: Unity was launched with the -noUpm command-line argument
[Package Manager] Cannot connect to Unity Package Manager local server
System.Exception: Error! Visual Scripting: couldn't find visual scripting package
  at Unity.VisualScripting.PackageVersionUtility.get_version () [0x00043] in /home/hmcelik/Desktop/My project/Library/PackageCache/com.unity.visualscripting@1.9.4/Editor/VisualScripting.Core/Utilities/PackageVersionUtility.cs:31 
  at Unity.VisualScripting.BoltCoreManifest.get_version () [0x00000] in /home/hmcelik/Desktop/My project/Library/PackageCache/com.unity.visualscripting@1.9.4/Editor/VisualScripting.Core/Plugin/BoltCoreManifest.cs:11 
  at Unity.VisualScripting.PluginManifest.get_currentVersion () [0x00000] in /home/hmcelik/Desktop/My project/Library/PackageCache/com.unity.visualscripting@1.9.4/Editor/VisualScripting.Core/Plugins/PluginManifest.cs:33 
  at Unity.VisualScripting.PluginManifest.get_versionMismatch () [0x00000] in /home/hmcelik/Desktop/My project/Library/PackageCache/com.unity.visualscripting@1.9.4/Editor/VisualScripting.Core/Plugins/PluginManifest.cs:48 
  at Unity.VisualScripting.PluginContainer.Initialize () [0x00525] in /home/hmcelik/Desktop/My project/Library/PackageCache/com.unity.visualscripting@1.9.4/Editor/VisualScripting.Core/Plugins/PluginContainer.cs:208 
  at Unity.VisualScripting.PluginContainer.InitializeOnLoad () [0x00009] in /home/hmcelik/Desktop/My project/Library/PackageCache/com.unity.visualscripting@1.9.4/Editor/VisualScripting.Core/Plugins/PluginContainer.cs:32 
  at Unity.VisualScripting.VSUsageUtility.DoInitializeOnLoadCalls () [0x00034] in /home/hmcelik/Desktop/My project/Library/PackageCache/com.unity.visualscripting@1.9.4/Editor/VisualScripting.Core/Utilities/VSUsageUtility.cs:76 
  at Unity.VisualScripting.VSUsageUtility.set_isVisualScriptingUsed (System.Boolean value) [0x0002c] in /home/hmcelik/Desktop/My project/Library/PackageCache/com.unity.visualscripting@1.9.4/Editor/VisualScripting.Core/Utilities/VSUsageUtility.cs:114 
  at Unity.VisualScripting.VSUsageUtility.CheckAndSetIsVisualScriptingUsed () [0x0000d] in /home/hmcelik/Desktop/My project/Library/PackageCache/com.unity.visualscripting@1.9.4/Editor/VisualScripting.Core/Utilities/VSUsageUtility.cs:33 
  at Unity.VisualScripting.VSUsageUtility..cctor () [0x00000] in /home/hmcelik/Desktop/My project/Library/PackageCache/com.unity.visualscripting@1.9.4/Editor/VisualScripting.Core/Utilities/VSUsageUtility.cs:22 
UnityEngine.StackTraceUtility:ExtractStackTrace () (at /home/bokken/build/output/unity/unity/Runtime/Export/Scripting/StackTrace.cs:37)
UnityEngine.DebugLogHandler:LogFormat (UnityEngine.LogType,UnityEngine.Object,string,object[])
UnityEngine.Logger:Log (UnityEngine.LogType,object)
UnityEngine.Debug:LogError (object)
UnityEditor.EditorAssemblies:ProcessInitializeOnLoadAttributes (System.Type[]) (at /home/bokken/build/output/unity/unity/Editor/Mono/EditorAssemblies.cs:134)

(Filename: /home/bokken/build/output/unity/unity/Editor/Mono/EditorAssemblies.cs Line: 134)

Mono: successfully reloaded assembly
- Completed reload, in  1,346 seconds
Domain Reload Profiling:
	ReloadAssembly (1347ms)
		BeginReloadAssembly (106ms)
			ExecutionOrderSort (0ms)
			DisableScriptedObjects (3ms)
			BackupInstance (0ms)
			ReleaseScriptingObjects (0ms)
			CreateAndSetChildDomain (34ms)
		EndReloadAssembly (1175ms)
			LoadAssemblies (41ms)
			RebuildTransferFunctionScriptingTraits (0ms)
			SetupTypeCache (198ms)
			ReleaseScriptCaches (1ms)
			RebuildScriptCaches (31ms)
			SetupLoadedEditorAssemblies (714ms)
				LogAssemblyErrors (0ms)
				InitializePlatformSupportModulesInManaged (8ms)
				SetLoadedEditorAssemblies (0ms)
				RefreshPlugins (1ms)
				BeforeProcessingInitializeOnLoad (44ms)
				ProcessInitializeOnLoadAttributes (629ms)
				ProcessInitializeOnLoadMethodAttributes (29ms)
				AfterProcessingInitializeOnLoad (3ms)
				EditorAssembliesLoaded (0ms)
			ExecutionOrderSort2 (0ms)
			AwakeInstancesAfterBackupRestoration (3ms)
Platform modules already initialized, skipping
Refreshing native plugins compatible for Editor in 0,95 ms, found 2 plugins.
Preloading 0 native plugins for Editor in 0,00 ms.
Unloading 3980 Unused Serialized files (Serialized files now loaded: 0)
Unloading 55 unused Assets / (56,0 KB). Loaded Objects now: 4551.
Memory consumption went from 137,8 MB to 137,7 MB.
Total: 16,005075 ms (FindLiveObjects: 0,230491 ms CreateObjectMapping: 0,123480 ms MarkObjects: 15,558463 ms  DeleteObjects: 0,091504 ms)

AssetImportParameters requested are different than current active one (requested -> active):
  custom:video-decoder-ogg-theora: a1e56fd34408186e4bbccfd4996cb3dc -> 
  custom:container-muxer-webm: aa71ff27fc2769a1b78a27578f13a17b -> 
  custom:container-demuxer-webm: 4f35f7cbe854078d1ac9338744f61a02 -> 
  custom:video-encoder-webm-vp8: eb34c28f22e8b96e1ab97ce403110664 -> 
  custom:CustomObjectIndexerAttribute: bc11b3a6c3213fcdd17b65e7da85e133 -> 
  custom:audio-encoder-webm-vorbis: bf7c407c2cedff20999df2af8eb42d56 -> 
  custom:SearchIndexIgnoredProperties: e643bd26f0fe6173181afceb89e7c659 -> 
  custom:container-demuxer-ogg: 62fdf1f143b41e24485cea50d1cbac27 -> 
  custom:video-decoder-webm-vp8: 9c59270c3fd7afecdb556c50c9e8de78 -> 
  custom:audio-decoder-ogg-vorbis: bf7c407c2cedff20999df2af8eb42d56 -> 
========================================================================
Received Prepare
Registering precompiled user dll's ...
Registered in 0,001872 seconds.
Begin MonoManager ReloadAssembly
Native extension for LinuxStandalone target not found
Refreshing native plugins compatible for Editor in 0,65 ms, found 2 plugins.
Preloading 0 native plugins for Editor in 0,00 ms.
[Package Manager] Server::EnsureServerProcessIsRunning -- launch failed, reason: Unity was launched with the -noUpm command-line argument
[Package Manager] Cannot connect to Unity Package Manager local server
System.Exception: Error! Visual Scripting: couldn't find visual scripting package
  at Unity.VisualScripting.PackageVersionUtility.get_version () [0x00043] in /home/hmcelik/Desktop/My project/Library/PackageCache/com.unity.visualscripting@1.9.4/Editor/VisualScripting.Core/Utilities/PackageVersionUtility.cs:31 
  at Unity.VisualScripting.BoltCoreManifest.get_version () [0x00000] in /home/hmcelik/Desktop/My project/Library/PackageCache/com.unity.visualscripting@1.9.4/Editor/VisualScripting.Core/Plugin/BoltCoreManifest.cs:11 
  at Unity.VisualScripting.PluginManifest.get_currentVersion () [0x00000] in /home/hmcelik/Desktop/My project/Library/PackageCache/com.unity.visualscripting@1.9.4/Editor/VisualScripting.Core/Plugins/PluginManifest.cs:33 
  at Unity.VisualScripting.PluginManifest.get_versionMismatch () [0x00000] in /home/hmcelik/Desktop/My project/Library/PackageCache/com.unity.visualscripting@1.9.4/Editor/VisualScripting.Core/Plugins/PluginManifest.cs:48 
  at Unity.VisualScripting.PluginContainer.Initialize () [0x00525] in /home/hmcelik/Desktop/My project/Library/PackageCache/com.unity.visualscripting@1.9.4/Editor/VisualScripting.Core/Plugins/PluginContainer.cs:208 
  at Unity.VisualScripting.PluginContainer.InitializeOnLoad () [0x00009] in /home/hmcelik/Desktop/My project/Library/PackageCache/com.unity.visualscripting@1.9.4/Editor/VisualScripting.Core/Plugins/PluginContainer.cs:32 
  at Unity.VisualScripting.VSUsageUtility.DoInitializeOnLoadCalls () [0x00034] in /home/hmcelik/Desktop/My project/Library/PackageCache/com.unity.visualscripting@1.9.4/Editor/VisualScripting.Core/Utilities/VSUsageUtility.cs:76 
  at Unity.VisualScripting.VSUsageUtility.set_isVisualScriptingUsed (System.Boolean value) [0x0002c] in /home/hmcelik/Desktop/My project/Library/PackageCache/com.unity.visualscripting@1.9.4/Editor/VisualScripting.Core/Utilities/VSUsageUtility.cs:114 
  at Unity.VisualScripting.VSUsageUtility.CheckAndSetIsVisualScriptingUsed () [0x0000d] in /home/hmcelik/Desktop/My project/Library/PackageCache/com.unity.visualscripting@1.9.4/Editor/VisualScripting.Core/Utilities/VSUsageUtility.cs:33 
  at Unity.VisualScripting.VSUsageUtility..cctor () [0x00000] in /home/hmcelik/Desktop/My project/Library/PackageCache/com.unity.visualscripting@1.9.4/Editor/VisualScripting.Core/Utilities/VSUsageUtility.cs:22 
UnityEngine.StackTraceUtility:ExtractStackTrace () (at /home/bokken/build/output/unity/unity/Runtime/Export/Scripting/StackTrace.cs:37)
UnityEngine.DebugLogHandler:LogFormat (UnityEngine.LogType,UnityEngine.Object,string,object[])
UnityEngine.Logger:Log (UnityEngine.LogType,object)
UnityEngine.Debug:LogError (object)
UnityEditor.EditorAssemblies:ProcessInitializeOnLoadAttributes (System.Type[]) (at /home/bokken/build/output/unity/unity/Editor/Mono/EditorAssemblies.cs:134)

(Filename: /home/bokken/build/output/unity/unity/Editor/Mono/EditorAssemblies.cs Line: 134)

Mono: successfully reloaded assembly
- Completed reload, in  1,361 seconds
Domain Reload Profiling:
	ReloadAssembly (1361ms)
		BeginReloadAssembly (109ms)
			ExecutionOrderSort (0ms)
			DisableScriptedObjects (4ms)
			BackupInstance (0ms)
			ReleaseScriptingObjects (0ms)
			CreateAndSetChildDomain (39ms)
		EndReloadAssembly (1186ms)
			LoadAssemblies (40ms)
			RebuildTransferFunctionScriptingTraits (0ms)
			SetupTypeCache (196ms)
			ReleaseScriptCaches (1ms)
			RebuildScriptCaches (30ms)
			SetupLoadedEditorAssemblies (718ms)
				LogAssemblyErrors (0ms)
				InitializePlatformSupportModulesInManaged (8ms)
				SetLoadedEditorAssemblies (0ms)
				RefreshPlugins (1ms)
				BeforeProcessingInitializeOnLoad (43ms)
				ProcessInitializeOnLoadAttributes (623ms)
				ProcessInitializeOnLoadMethodAttributes (40ms)
				AfterProcessingInitializeOnLoad (3ms)
				EditorAssembliesLoaded (0ms)
			ExecutionOrderSort2 (0ms)
			AwakeInstancesAfterBackupRestoration (3ms)
Platform modules already initialized, skipping
Refreshing native plugins compatible for Editor in 0,70 ms, found 2 plugins.
Preloading 0 native plugins for Editor in 0,00 ms.
Unloading 3980 Unused Serialized files (Serialized files now loaded: 0)
Unloading 55 unused Assets / (46,7 KB). Loaded Objects now: 4555.
Memory consumption went from 137,8 MB to 137,7 MB.
Total: 13,079967 ms (FindLiveObjects: 0,212776 ms CreateObjectMapping: 0,082588 ms MarkObjects: 12,680991 ms  DeleteObjects: 0,101810 ms)

AssetImportParameters requested are different than current active one (requested -> active):
  custom:video-decoder-ogg-theora: a1e56fd34408186e4bbccfd4996cb3dc -> 
  custom:container-muxer-webm: aa71ff27fc2769a1b78a27578f13a17b -> 
  custom:container-demuxer-webm: 4f35f7cbe854078d1ac9338744f61a02 -> 
  custom:video-encoder-webm-vp8: eb34c28f22e8b96e1ab97ce403110664 -> 
  custom:CustomObjectIndexerAttribute: bc11b3a6c3213fcdd17b65e7da85e133 -> 
  custom:audio-encoder-webm-vorbis: bf7c407c2cedff20999df2af8eb42d56 -> 
  custom:SearchIndexIgnoredProperties: e643bd26f0fe6173181afceb89e7c659 -> 
  custom:container-demuxer-ogg: 62fdf1f143b41e24485cea50d1cbac27 -> 
  custom:video-decoder-webm-vp8: 9c59270c3fd7afecdb556c50c9e8de78 -> 
  custom:audio-decoder-ogg-vorbis: bf7c407c2cedff20999df2af8eb42d56 -> 
========================================================================
Received Prepare
Registering precompiled user dll's ...
Registered in 0,001911 seconds.
Begin MonoManager ReloadAssembly
Native extension for LinuxStandalone target not found
Refreshing native plugins compatible for Editor in 0,69 ms, found 2 plugins.
Preloading 0 native plugins for Editor in 0,00 ms.
[Package Manager] Server::EnsureServerProcessIsRunning -- launch failed, reason: Unity was launched with the -noUpm command-line argument
[Package Manager] Cannot connect to Unity Package Manager local server
System.Exception: Error! Visual Scripting: couldn't find visual scripting package
  at Unity.VisualScripting.PackageVersionUtility.get_version () [0x00043] in /home/hmcelik/Desktop/My project/Library/PackageCache/com.unity.visualscripting@1.9.4/Editor/VisualScripting.Core/Utilities/PackageVersionUtility.cs:31 
  at Unity.VisualScripting.BoltCoreManifest.get_version () [0x00000] in /home/hmcelik/Desktop/My project/Library/PackageCache/com.unity.visualscripting@1.9.4/Editor/VisualScripting.Core/Plugin/BoltCoreManifest.cs:11 
  at Unity.VisualScripting.PluginManifest.get_currentVersion () [0x00000] in /home/hmcelik/Desktop/My project/Library/PackageCache/com.unity.visualscripting@1.9.4/Editor/VisualScripting.Core/Plugins/PluginManifest.cs:33 
  at Unity.VisualScripting.PluginManifest.get_versionMismatch () [0x00000] in /home/hmcelik/Desktop/My project/Library/PackageCache/com.unity.visualscripting@1.9.4/Editor/VisualScripting.Core/Plugins/PluginManifest.cs:48 
  at Unity.VisualScripting.PluginContainer.Initialize () [0x00525] in /home/hmcelik/Desktop/My project/Library/PackageCache/com.unity.visualscripting@1.9.4/Editor/VisualScripting.Core/Plugins/PluginContainer.cs:208 
  at Unity.VisualScripting.PluginContainer.InitializeOnLoad () [0x00009] in /home/hmcelik/Desktop/My project/Library/PackageCache/com.unity.visualscripting@1.9.4/Editor/VisualScripting.Core/Plugins/PluginContainer.cs:32 
  at Unity.VisualScripting.VSUsageUtility.DoInitializeOnLoadCalls () [0x00034] in /home/hmcelik/Desktop/My project/Library/PackageCache/com.unity.visualscripting@1.9.4/Editor/VisualScripting.Core/Utilities/VSUsageUtility.cs:76 
  at Unity.VisualScripting.VSUsageUtility.set_isVisualScriptingUsed (System.Boolean value) [0x0002c] in /home/hmcelik/Desktop/My project/Library/PackageCache/com.unity.visualscripting@1.9.4/Editor/VisualScripting.Core/Utilities/VSUsageUtility.cs:114 
  at Unity.VisualScripting.VSUsageUtility.CheckAndSetIsVisualScriptingUsed () [0x0000d] in /home/hmcelik/Desktop/My project/Library/PackageCache/com.unity.visualscripting@1.9.4/Editor/VisualScripting.Core/Utilities/VSUsageUtility.cs:33 
  at Unity.VisualScripting.VSUsageUtility..cctor () [0x00000] in /home/hmcelik/Desktop/My project/Library/PackageCache/com.unity.visualscripting@1.9.4/Editor/VisualScripting.Core/Utilities/VSUsageUtility.cs:22 
UnityEngine.StackTraceUtility:ExtractStackTrace () (at /home/bokken/build/output/unity/unity/Runtime/Export/Scripting/StackTrace.cs:37)
UnityEngine.DebugLogHandler:LogFormat (UnityEngine.LogType,UnityEngine.Object,string,object[])
UnityEngine.Logger:Log (UnityEngine.LogType,object)
UnityEngine.Debug:LogError (object)
UnityEditor.EditorAssemblies:ProcessInitializeOnLoadAttributes (System.Type[]) (at /home/bokken/build/output/unity/unity/Editor/Mono/EditorAssemblies.cs:134)

(Filename: /home/bokken/build/output/unity/unity/Editor/Mono/EditorAssemblies.cs Line: 134)

Mono: successfully reloaded assembly
- Completed reload, in  1,319 seconds
Domain Reload Profiling:
	ReloadAssembly (1319ms)
		BeginReloadAssembly (106ms)
			ExecutionOrderSort (0ms)
			DisableScriptedObjects (4ms)
			BackupInstance (0ms)
			ReleaseScriptingObjects (0ms)
			CreateAndSetChildDomain (35ms)
		EndReloadAssembly (1148ms)
			LoadAssemblies (43ms)
			RebuildTransferFunctionScriptingTraits (0ms)
			SetupTypeCache (231ms)
			ReleaseScriptCaches (1ms)
			RebuildScriptCaches (29ms)
			SetupLoadedEditorAssemblies (691ms)
				LogAssemblyErrors (0ms)
				InitializePlatformSupportModulesInManaged (8ms)
				SetLoadedEditorAssemblies (0ms)
				RefreshPlugins (1ms)
				BeforeProcessingInitializeOnLoad (44ms)
				ProcessInitializeOnLoadAttributes (605ms)
				ProcessInitializeOnLoadMethodAttributes (30ms)
				AfterProcessingInitializeOnLoad (3ms)
				EditorAssembliesLoaded (0ms)
			ExecutionOrderSort2 (0ms)
			AwakeInstancesAfterBackupRestoration (3ms)
Platform modules already initialized, skipping
Refreshing native plugins compatible for Editor in 1,11 ms, found 2 plugins.
Preloading 0 native plugins for Editor in 0,00 ms.
Unloading 3980 Unused Serialized files (Serialized files now loaded: 0)
Unloading 55 unused Assets / (46,8 KB). Loaded Objects now: 4559.
Memory consumption went from 137,8 MB to 137,7 MB.
Total: 13,314624 ms (FindLiveObjects: 0,189496 ms CreateObjectMapping: 0,071203 ms MarkObjects: 12,931779 ms  DeleteObjects: 0,120880 ms)

AssetImportParameters requested are different than current active one (requested -> active):
  custom:video-decoder-ogg-theora: a1e56fd34408186e4bbccfd4996cb3dc -> 
  custom:container-muxer-webm: aa71ff27fc2769a1b78a27578f13a17b -> 
  custom:container-demuxer-webm: 4f35f7cbe854078d1ac9338744f61a02 -> 
  custom:video-encoder-webm-vp8: eb34c28f22e8b96e1ab97ce403110664 -> 
  custom:CustomObjectIndexerAttribute: bc11b3a6c3213fcdd17b65e7da85e133 -> 
  custom:audio-encoder-webm-vorbis: bf7c407c2cedff20999df2af8eb42d56 -> 
  custom:SearchIndexIgnoredProperties: e643bd26f0fe6173181afceb89e7c659 -> 
  custom:container-demuxer-ogg: 62fdf1f143b41e24485cea50d1cbac27 -> 
  custom:video-decoder-webm-vp8: 9c59270c3fd7afecdb556c50c9e8de78 -> 
  custom:audio-decoder-ogg-vorbis: bf7c407c2cedff20999df2af8eb42d56 -> 
========================================================================
Received Prepare
Registering precompiled user dll's ...
Registered in 0,002305 seconds.
Begin MonoManager ReloadAssembly
Native extension for LinuxStandalone target not found
Refreshing native plugins compatible for Editor in 0,67 ms, found 2 plugins.
Preloading 0 native plugins for Editor in 0,00 ms.
[Package Manager] Server::EnsureServerProcessIsRunning -- launch failed, reason: Unity was launched with the -noUpm command-line argument
[Package Manager] Cannot connect to Unity Package Manager local server
System.Exception: Error! Visual Scripting: couldn't find visual scripting package
  at Unity.VisualScripting.PackageVersionUtility.get_version () [0x00043] in /home/hmcelik/Desktop/My project/Library/PackageCache/com.unity.visualscripting@1.9.4/Editor/VisualScripting.Core/Utilities/PackageVersionUtility.cs:31 
  at Unity.VisualScripting.BoltCoreManifest.get_version () [0x00000] in /home/hmcelik/Desktop/My project/Library/PackageCache/com.unity.visualscripting@1.9.4/Editor/VisualScripting.Core/Plugin/BoltCoreManifest.cs:11 
  at Unity.VisualScripting.PluginManifest.get_currentVersion () [0x00000] in /home/hmcelik/Desktop/My project/Library/PackageCache/com.unity.visualscripting@1.9.4/Editor/VisualScripting.Core/Plugins/PluginManifest.cs:33 
  at Unity.VisualScripting.PluginManifest.get_versionMismatch () [0x00000] in /home/hmcelik/Desktop/My project/Library/PackageCache/com.unity.visualscripting@1.9.4/Editor/VisualScripting.Core/Plugins/PluginManifest.cs:48 
  at Unity.VisualScripting.PluginContainer.Initialize () [0x00525] in /home/hmcelik/Desktop/My project/Library/PackageCache/com.unity.visualscripting@1.9.4/Editor/VisualScripting.Core/Plugins/PluginContainer.cs:208 
  at Unity.VisualScripting.PluginContainer.InitializeOnLoad () [0x00009] in /home/hmcelik/Desktop/My project/Library/PackageCache/com.unity.visualscripting@1.9.4/Editor/VisualScripting.Core/Plugins/PluginContainer.cs:32 
  at Unity.VisualScripting.VSUsageUtility.DoInitializeOnLoadCalls () [0x00034] in /home/hmcelik/Desktop/My project/Library/PackageCache/com.unity.visualscripting@1.9.4/Editor/VisualScripting.Core/Utilities/VSUsageUtility.cs:76 
  at Unity.VisualScripting.VSUsageUtility.set_isVisualScriptingUsed (System.Boolean value) [0x0002c] in /home/hmcelik/Desktop/My project/Library/PackageCache/com.unity.visualscripting@1.9.4/Editor/VisualScripting.Core/Utilities/VSUsageUtility.cs:114 
  at Unity.VisualScripting.VSUsageUtility.CheckAndSetIsVisualScriptingUsed () [0x0000d] in /home/hmcelik/Desktop/My project/Library/PackageCache/com.unity.visualscripting@1.9.4/Editor/VisualScripting.Core/Utilities/VSUsageUtility.cs:33 
  at Unity.VisualScripting.VSUsageUtility..cctor () [0x00000] in /home/hmcelik/Desktop/My project/Library/PackageCache/com.unity.visualscripting@1.9.4/Editor/VisualScripting.Core/Utilities/VSUsageUtility.cs:22 
UnityEngine.StackTraceUtility:ExtractStackTrace () (at /home/bokken/build/output/unity/unity/Runtime/Export/Scripting/StackTrace.cs:37)
UnityEngine.DebugLogHandler:LogFormat (UnityEngine.LogType,UnityEngine.Object,string,object[])
UnityEngine.Logger:Log (UnityEngine.LogType,object)
UnityEngine.Debug:LogError (object)
UnityEditor.EditorAssemblies:ProcessInitializeOnLoadAttributes (System.Type[]) (at /home/bokken/build/output/unity/unity/Editor/Mono/EditorAssemblies.cs:134)

(Filename: /home/bokken/build/output/unity/unity/Editor/Mono/EditorAssemblies.cs Line: 134)

Mono: successfully reloaded assembly
- Completed reload, in  1,313 seconds
Domain Reload Profiling:
	ReloadAssembly (1314ms)
		BeginReloadAssembly (112ms)
			ExecutionOrderSort (0ms)
			DisableScriptedObjects (4ms)
			BackupInstance (0ms)
			ReleaseScriptingObjects (0ms)
			CreateAndSetChildDomain (38ms)
		EndReloadAssembly (1136ms)
			LoadAssemblies (45ms)
			RebuildTransferFunctionScriptingTraits (0ms)
			SetupTypeCache (231ms)
			ReleaseScriptCaches (1ms)
			RebuildScriptCaches (29ms)
			SetupLoadedEditorAssemblies (677ms)
				LogAssemblyErrors (0ms)
				InitializePlatformSupportModulesInManaged (8ms)
				SetLoadedEditorAssemblies (0ms)
				RefreshPlugins (1ms)
				BeforeProcessingInitializeOnLoad (44ms)
				ProcessInitializeOnLoadAttributes (597ms)
				ProcessInitializeOnLoadMethodAttributes (24ms)
				AfterProcessingInitializeOnLoad (3ms)
				EditorAssembliesLoaded (0ms)
			ExecutionOrderSort2 (0ms)
			AwakeInstancesAfterBackupRestoration (3ms)
Platform modules already initialized, skipping
Refreshing native plugins compatible for Editor in 0,75 ms, found 2 plugins.
Preloading 0 native plugins for Editor in 0,00 ms.
Unloading 3980 Unused Serialized files (Serialized files now loaded: 0)
Unloading 55 unused Assets / (56,0 KB). Loaded Objects now: 4563.
Memory consumption went from 137,8 MB to 137,7 MB.
Total: 10,046051 ms (FindLiveObjects: 0,342838 ms CreateObjectMapping: 0,206861 ms MarkObjects: 9,413631 ms  DeleteObjects: 0,081540 ms)

AssetImportParameters requested are different than current active one (requested -> active):
  custom:video-decoder-ogg-theora: a1e56fd34408186e4bbccfd4996cb3dc -> 
  custom:container-muxer-webm: aa71ff27fc2769a1b78a27578f13a17b -> 
  custom:container-demuxer-webm: 4f35f7cbe854078d1ac9338744f61a02 -> 
  custom:video-encoder-webm-vp8: eb34c28f22e8b96e1ab97ce403110664 -> 
  custom:CustomObjectIndexerAttribute: bc11b3a6c3213fcdd17b65e7da85e133 -> 
  custom:audio-encoder-webm-vorbis: bf7c407c2cedff20999df2af8eb42d56 -> 
  custom:SearchIndexIgnoredProperties: e643bd26f0fe6173181afceb89e7c659 -> 
  custom:container-demuxer-ogg: 62fdf1f143b41e24485cea50d1cbac27 -> 
  custom:video-decoder-webm-vp8: 9c59270c3fd7afecdb556c50c9e8de78 -> 
  custom:audio-decoder-ogg-vorbis: bf7c407c2cedff20999df2af8eb42d56 -> 
========================================================================
Received Prepare
Registering precompiled user dll's ...
Registered in 0,001933 seconds.
Begin MonoManager ReloadAssembly
Native extension for LinuxStandalone target not found
Refreshing native plugins compatible for Editor in 0,95 ms, found 2 plugins.
Preloading 0 native plugins for Editor in 0,00 ms.
[Package Manager] Server::EnsureServerProcessIsRunning -- launch failed, reason: Unity was launched with the -noUpm command-line argument
[Package Manager] Cannot connect to Unity Package Manager local server
System.Exception: Error! Visual Scripting: couldn't find visual scripting package
  at Unity.VisualScripting.PackageVersionUtility.get_version () [0x00043] in /home/hmcelik/Desktop/My project/Library/PackageCache/com.unity.visualscripting@1.9.4/Editor/VisualScripting.Core/Utilities/PackageVersionUtility.cs:31 
  at Unity.VisualScripting.BoltCoreManifest.get_version () [0x00000] in /home/hmcelik/Desktop/My project/Library/PackageCache/com.unity.visualscripting@1.9.4/Editor/VisualScripting.Core/Plugin/BoltCoreManifest.cs:11 
  at Unity.VisualScripting.PluginManifest.get_currentVersion () [0x00000] in /home/hmcelik/Desktop/My project/Library/PackageCache/com.unity.visualscripting@1.9.4/Editor/VisualScripting.Core/Plugins/PluginManifest.cs:33 
  at Unity.VisualScripting.PluginManifest.get_versionMismatch () [0x00000] in /home/hmcelik/Desktop/My project/Library/PackageCache/com.unity.visualscripting@1.9.4/Editor/VisualScripting.Core/Plugins/PluginManifest.cs:48 
  at Unity.VisualScripting.PluginContainer.Initialize () [0x00525] in /home/hmcelik/Desktop/My project/Library/PackageCache/com.unity.visualscripting@1.9.4/Editor/VisualScripting.Core/Plugins/PluginContainer.cs:208 
  at Unity.VisualScripting.PluginContainer.InitializeOnLoad () [0x00009] in /home/hmcelik/Desktop/My project/Library/PackageCache/com.unity.visualscripting@1.9.4/Editor/VisualScripting.Core/Plugins/PluginContainer.cs:32 
  at Unity.VisualScripting.VSUsageUtility.DoInitializeOnLoadCalls () [0x00034] in /home/hmcelik/Desktop/My project/Library/PackageCache/com.unity.visualscripting@1.9.4/Editor/VisualScripting.Core/Utilities/VSUsageUtility.cs:76 
  at Unity.VisualScripting.VSUsageUtility.set_isVisualScriptingUsed (System.Boolean value) [0x0002c] in /home/hmcelik/Desktop/My project/Library/PackageCache/com.unity.visualscripting@1.9.4/Editor/VisualScripting.Core/Utilities/VSUsageUtility.cs:114 
  at Unity.VisualScripting.VSUsageUtility.CheckAndSetIsVisualScriptingUsed () [0x0000d] in /home/hmcelik/Desktop/My project/Library/PackageCache/com.unity.visualscripting@1.9.4/Editor/VisualScripting.Core/Utilities/VSUsageUtility.cs:33 
  at Unity.VisualScripting.VSUsageUtility..cctor () [0x00000] in /home/hmcelik/Desktop/My project/Library/PackageCache/com.unity.visualscripting@1.9.4/Editor/VisualScripting.Core/Utilities/VSUsageUtility.cs:22 
UnityEngine.StackTraceUtility:ExtractStackTrace () (at /home/bokken/build/output/unity/unity/Runtime/Export/Scripting/StackTrace.cs:37)
UnityEngine.DebugLogHandler:LogFormat (UnityEngine.LogType,UnityEngine.Object,string,object[])
UnityEngine.Logger:Log (UnityEngine.LogType,object)
UnityEngine.Debug:LogError (object)
UnityEditor.EditorAssemblies:ProcessInitializeOnLoadAttributes (System.Type[]) (at /home/bokken/build/output/unity/unity/Editor/Mono/EditorAssemblies.cs:134)

(Filename: /home/bokken/build/output/unity/unity/Editor/Mono/EditorAssemblies.cs Line: 134)

Mono: successfully reloaded assembly
- Completed reload, in  1,288 seconds
Domain Reload Profiling:
	ReloadAssembly (1288ms)
		BeginReloadAssembly (104ms)
			ExecutionOrderSort (0ms)
			DisableScriptedObjects (4ms)
			BackupInstance (0ms)
			ReleaseScriptingObjects (0ms)
			CreateAndSetChildDomain (35ms)
		EndReloadAssembly (1120ms)
			LoadAssemblies (42ms)
			RebuildTransferFunctionScriptingTraits (0ms)
			SetupTypeCache (200ms)
			ReleaseScriptCaches (1ms)
			RebuildScriptCaches (30ms)
			SetupLoadedEditorAssemblies (694ms)
				LogAssemblyErrors (0ms)
				InitializePlatformSupportModulesInManaged (9ms)
				SetLoadedEditorAssemblies (0ms)
				RefreshPlugins (1ms)
				BeforeProcessingInitializeOnLoad (48ms)
				ProcessInitializeOnLoadAttributes (609ms)
				ProcessInitializeOnLoadMethodAttributes (24ms)
				AfterProcessingInitializeOnLoad (3ms)
				EditorAssembliesLoaded (0ms)
			ExecutionOrderSort2 (0ms)
			AwakeInstancesAfterBackupRestoration (3ms)
Platform modules already initialized, skipping
Refreshing native plugins compatible for Editor in 0,68 ms, found 2 plugins.
Preloading 0 native plugins for Editor in 0,00 ms.
Unloading 3980 Unused Serialized files (Serialized files now loaded: 0)
Unloading 55 unused Assets / (55,9 KB). Loaded Objects now: 4567.
Memory consumption went from 137,8 MB to 137,8 MB.
Total: 9,954683 ms (FindLiveObjects: 0,184665 ms CreateObjectMapping: 0,091268 ms MarkObjects: 9,606553 ms  DeleteObjects: 0,071401 ms)

AssetImportParameters requested are different than current active one (requested -> active):
  custom:video-decoder-ogg-theora: a1e56fd34408186e4bbccfd4996cb3dc -> 
  custom:container-muxer-webm: aa71ff27fc2769a1b78a27578f13a17b -> 
  custom:container-demuxer-webm: 4f35f7cbe854078d1ac9338744f61a02 -> 
  custom:video-encoder-webm-vp8: eb34c28f22e8b96e1ab97ce403110664 -> 
  custom:CustomObjectIndexerAttribute: bc11b3a6c3213fcdd17b65e7da85e133 -> 
  custom:audio-encoder-webm-vorbis: bf7c407c2cedff20999df2af8eb42d56 -> 
  custom:SearchIndexIgnoredProperties: e643bd26f0fe6173181afceb89e7c659 -> 
  custom:container-demuxer-ogg: 62fdf1f143b41e24485cea50d1cbac27 -> 
  custom:video-decoder-webm-vp8: 9c59270c3fd7afecdb556c50c9e8de78 -> 
  custom:audio-decoder-ogg-vorbis: bf7c407c2cedff20999df2af8eb42d56 -> 
========================================================================
Received Prepare
Registering precompiled user dll's ...
Registered in 0,001834 seconds.
Begin MonoManager ReloadAssembly
Native extension for LinuxStandalone target not found
Refreshing native plugins compatible for Editor in 0,66 ms, found 2 plugins.
Preloading 0 native plugins for Editor in 0,00 ms.
[Package Manager] Server::EnsureServerProcessIsRunning -- launch failed, reason: Unity was launched with the -noUpm command-line argument
[Package Manager] Cannot connect to Unity Package Manager local server
System.Exception: Error! Visual Scripting: couldn't find visual scripting package
  at Unity.VisualScripting.PackageVersionUtility.get_version () [0x00043] in /home/hmcelik/Desktop/My project/Library/PackageCache/com.unity.visualscripting@1.9.4/Editor/VisualScripting.Core/Utilities/PackageVersionUtility.cs:31 
  at Unity.VisualScripting.BoltCoreManifest.get_version () [0x00000] in /home/hmcelik/Desktop/My project/Library/PackageCache/com.unity.visualscripting@1.9.4/Editor/VisualScripting.Core/Plugin/BoltCoreManifest.cs:11 
  at Unity.VisualScripting.PluginManifest.get_currentVersion () [0x00000] in /home/hmcelik/Desktop/My project/Library/PackageCache/com.unity.visualscripting@1.9.4/Editor/VisualScripting.Core/Plugins/PluginManifest.cs:33 
  at Unity.VisualScripting.PluginManifest.get_versionMismatch () [0x00000] in /home/hmcelik/Desktop/My project/Library/PackageCache/com.unity.visualscripting@1.9.4/Editor/VisualScripting.Core/Plugins/PluginManifest.cs:48 
  at Unity.VisualScripting.PluginContainer.Initialize () [0x00525] in /home/hmcelik/Desktop/My project/Library/PackageCache/com.unity.visualscripting@1.9.4/Editor/VisualScripting.Core/Plugins/PluginContainer.cs:208 
  at Unity.VisualScripting.PluginContainer.InitializeOnLoad () [0x00009] in /home/hmcelik/Desktop/My project/Library/PackageCache/com.unity.visualscripting@1.9.4/Editor/VisualScripting.Core/Plugins/PluginContainer.cs:32 
  at Unity.VisualScripting.VSUsageUtility.DoInitializeOnLoadCalls () [0x00034] in /home/hmcelik/Desktop/My project/Library/PackageCache/com.unity.visualscripting@1.9.4/Editor/VisualScripting.Core/Utilities/VSUsageUtility.cs:76 
  at Unity.VisualScripting.VSUsageUtility.set_isVisualScriptingUsed (System.Boolean value) [0x0002c] in /home/hmcelik/Desktop/My project/Library/PackageCache/com.unity.visualscripting@1.9.4/Editor/VisualScripting.Core/Utilities/VSUsageUtility.cs:114 
  at Unity.VisualScripting.VSUsageUtility.CheckAndSetIsVisualScriptingUsed () [0x0000d] in /home/hmcelik/Desktop/My project/Library/PackageCache/com.unity.visualscripting@1.9.4/Editor/VisualScripting.Core/Utilities/VSUsageUtility.cs:33 
  at Unity.VisualScripting.VSUsageUtility..cctor () [0x00000] in /home/hmcelik/Desktop/My project/Library/PackageCache/com.unity.visualscripting@1.9.4/Editor/VisualScripting.Core/Utilities/VSUsageUtility.cs:22 
UnityEngine.StackTraceUtility:ExtractStackTrace () (at /home/bokken/build/output/unity/unity/Runtime/Export/Scripting/StackTrace.cs:37)
UnityEngine.DebugLogHandler:LogFormat (UnityEngine.LogType,UnityEngine.Object,string,object[])
UnityEngine.Logger:Log (UnityEngine.LogType,object)
UnityEngine.Debug:LogError (object)
UnityEditor.EditorAssemblies:ProcessInitializeOnLoadAttributes (System.Type[]) (at /home/bokken/build/output/unity/unity/Editor/Mono/EditorAssemblies.cs:134)

(Filename: /home/bokken/build/output/unity/unity/Editor/Mono/EditorAssemblies.cs Line: 134)

Mono: successfully reloaded assembly
- Completed reload, in  1,325 seconds
Domain Reload Profiling:
	ReloadAssembly (1325ms)
		BeginReloadAssembly (109ms)
			ExecutionOrderSort (0ms)
			DisableScriptedObjects (4ms)
			BackupInstance (0ms)
			ReleaseScriptingObjects (0ms)
			CreateAndSetChildDomain (38ms)
		EndReloadAssembly (1151ms)
			LoadAssemblies (42ms)
			RebuildTransferFunctionScriptingTraits (0ms)
			SetupTypeCache (230ms)
			ReleaseScriptCaches (1ms)
			RebuildScriptCaches (29ms)
			SetupLoadedEditorAssemblies (694ms)
				LogAssemblyErrors (0ms)
				InitializePlatformSupportModulesInManaged (8ms)
				SetLoadedEditorAssemblies (0ms)
				RefreshPlugins (1ms)
				BeforeProcessingInitializeOnLoad (45ms)
				ProcessInitializeOnLoadAttributes (611ms)
				ProcessInitializeOnLoadMethodAttributes (27ms)
				AfterProcessingInitializeOnLoad (3ms)
				EditorAssembliesLoaded (0ms)
			ExecutionOrderSort2 (0ms)
			AwakeInstancesAfterBackupRestoration (3ms)
Platform modules already initialized, skipping
Refreshing native plugins compatible for Editor in 0,72 ms, found 2 plugins.
Preloading 0 native plugins for Editor in 0,00 ms.
Unloading 3980 Unused Serialized files (Serialized files now loaded: 0)
Unloading 55 unused Assets / (56,0 KB). Loaded Objects now: 4571.
Memory consumption went from 137,8 MB to 137,8 MB.
Total: 14,849531 ms (FindLiveObjects: 0,420253 ms CreateObjectMapping: 0,228908 ms MarkObjects: 14,102457 ms  DeleteObjects: 0,096602 ms)

AssetImportParameters requested are different than current active one (requested -> active):
  custom:video-decoder-ogg-theora: a1e56fd34408186e4bbccfd4996cb3dc -> 
  custom:container-muxer-webm: aa71ff27fc2769a1b78a27578f13a17b -> 
  custom:container-demuxer-webm: 4f35f7cbe854078d1ac9338744f61a02 -> 
  custom:video-encoder-webm-vp8: eb34c28f22e8b96e1ab97ce403110664 -> 
  custom:CustomObjectIndexerAttribute: bc11b3a6c3213fcdd17b65e7da85e133 -> 
  custom:audio-encoder-webm-vorbis: bf7c407c2cedff20999df2af8eb42d56 -> 
  custom:SearchIndexIgnoredProperties: e643bd26f0fe6173181afceb89e7c659 -> 
  custom:container-demuxer-ogg: 62fdf1f143b41e24485cea50d1cbac27 -> 
  custom:video-decoder-webm-vp8: 9c59270c3fd7afecdb556c50c9e8de78 -> 
  custom:audio-decoder-ogg-vorbis: bf7c407c2cedff20999df2af8eb42d56 -> 
========================================================================
Received Prepare
Registering precompiled user dll's ...
Registered in 0,002316 seconds.
Begin MonoManager ReloadAssembly
Native extension for LinuxStandalone target not found
Refreshing native plugins compatible for Editor in 0,69 ms, found 2 plugins.
Preloading 0 native plugins for Editor in 0,00 ms.
[Package Manager] Server::EnsureServerProcessIsRunning -- launch failed, reason: Unity was launched with the -noUpm command-line argument
[Package Manager] Cannot connect to Unity Package Manager local server
System.Exception: Error! Visual Scripting: couldn't find visual scripting package
  at Unity.VisualScripting.PackageVersionUtility.get_version () [0x00043] in /home/hmcelik/Desktop/My project/Library/PackageCache/com.unity.visualscripting@1.9.4/Editor/VisualScripting.Core/Utilities/PackageVersionUtility.cs:31 
  at Unity.VisualScripting.BoltCoreManifest.get_version () [0x00000] in /home/hmcelik/Desktop/My project/Library/PackageCache/com.unity.visualscripting@1.9.4/Editor/VisualScripting.Core/Plugin/BoltCoreManifest.cs:11 
  at Unity.VisualScripting.PluginManifest.get_currentVersion () [0x00000] in /home/hmcelik/Desktop/My project/Library/PackageCache/com.unity.visualscripting@1.9.4/Editor/VisualScripting.Core/Plugins/PluginManifest.cs:33 
  at Unity.VisualScripting.PluginManifest.get_versionMismatch () [0x00000] in /home/hmcelik/Desktop/My project/Library/PackageCache/com.unity.visualscripting@1.9.4/Editor/VisualScripting.Core/Plugins/PluginManifest.cs:48 
  at Unity.VisualScripting.PluginContainer.Initialize () [0x00525] in /home/hmcelik/Desktop/My project/Library/PackageCache/com.unity.visualscripting@1.9.4/Editor/VisualScripting.Core/Plugins/PluginContainer.cs:208 
  at Unity.VisualScripting.PluginContainer.InitializeOnLoad () [0x00009] in /home/hmcelik/Desktop/My project/Library/PackageCache/com.unity.visualscripting@1.9.4/Editor/VisualScripting.Core/Plugins/PluginContainer.cs:32 
  at Unity.VisualScripting.VSUsageUtility.DoInitializeOnLoadCalls () [0x00034] in /home/hmcelik/Desktop/My project/Library/PackageCache/com.unity.visualscripting@1.9.4/Editor/VisualScripting.Core/Utilities/VSUsageUtility.cs:76 
  at Unity.VisualScripting.VSUsageUtility.set_isVisualScriptingUsed (System.Boolean value) [0x0002c] in /home/hmcelik/Desktop/My project/Library/PackageCache/com.unity.visualscripting@1.9.4/Editor/VisualScripting.Core/Utilities/VSUsageUtility.cs:114 
  at Unity.VisualScripting.VSUsageUtility.CheckAndSetIsVisualScriptingUsed () [0x0000d] in /home/hmcelik/Desktop/My project/Library/PackageCache/com.unity.visualscripting@1.9.4/Editor/VisualScripting.Core/Utilities/VSUsageUtility.cs:33 
  at Unity.VisualScripting.VSUsageUtility..cctor () [0x00000] in /home/hmcelik/Desktop/My project/Library/PackageCache/com.unity.visualscripting@1.9.4/Editor/VisualScripting.Core/Utilities/VSUsageUtility.cs:22 
UnityEngine.StackTraceUtility:ExtractStackTrace () (at /home/bokken/build/output/unity/unity/Runtime/Export/Scripting/StackTrace.cs:37)
UnityEngine.DebugLogHandler:LogFormat (UnityEngine.LogType,UnityEngine.Object,string,object[])
UnityEngine.Logger:Log (UnityEngine.LogType,object)
UnityEngine.Debug:LogError (object)
UnityEditor.EditorAssemblies:ProcessInitializeOnLoadAttributes (System.Type[]) (at /home/bokken/build/output/unity/unity/Editor/Mono/EditorAssemblies.cs:134)

(Filename: /home/bokken/build/output/unity/unity/Editor/Mono/EditorAssemblies.cs Line: 134)

Mono: successfully reloaded assembly
- Completed reload, in  1,358 seconds
Domain Reload Profiling:
	ReloadAssembly (1358ms)
		BeginReloadAssembly (111ms)
			ExecutionOrderSort (0ms)
			DisableScriptedObjects (4ms)
			BackupInstance (0ms)
			ReleaseScriptingObjects (0ms)
			CreateAndSetChildDomain (36ms)
		EndReloadAssembly (1180ms)
			LoadAssemblies (47ms)
			RebuildTransferFunctionScriptingTraits (0ms)
			SetupTypeCache (234ms)
			ReleaseScriptCaches (1ms)
			RebuildScriptCaches (29ms)
			SetupLoadedEditorAssemblies (711ms)
				LogAssemblyErrors (0ms)
				InitializePlatformSupportModulesInManaged (8ms)
				SetLoadedEditorAssemblies (0ms)
				RefreshPlugins (1ms)
				BeforeProcessingInitializeOnLoad (44ms)
				ProcessInitializeOnLoadAttributes (630ms)
				ProcessInitializeOnLoadMethodAttributes (25ms)
				AfterProcessingInitializeOnLoad (3ms)
				EditorAssembliesLoaded (0ms)
			ExecutionOrderSort2 (0ms)
			AwakeInstancesAfterBackupRestoration (3ms)
Platform modules already initialized, skipping
Refreshing native plugins compatible for Editor in 0,87 ms, found 2 plugins.
Preloading 0 native plugins for Editor in 0,00 ms.
Unloading 3980 Unused Serialized files (Serialized files now loaded: 0)
Unloading 55 unused Assets / (46,7 KB). Loaded Objects now: 4575.
Memory consumption went from 137,8 MB to 137,8 MB.
Total: 15,156179 ms (FindLiveObjects: 0,219093 ms CreateObjectMapping: 0,108141 ms MarkObjects: 14,727660 ms  DeleteObjects: 0,100092 ms)

AssetImportParameters requested are different than current active one (requested -> active):
  custom:video-decoder-ogg-theora: a1e56fd34408186e4bbccfd4996cb3dc -> 
  custom:container-muxer-webm: aa71ff27fc2769a1b78a27578f13a17b -> 
  custom:container-demuxer-webm: 4f35f7cbe854078d1ac9338744f61a02 -> 
  custom:video-encoder-webm-vp8: eb34c28f22e8b96e1ab97ce403110664 -> 
  custom:CustomObjectIndexerAttribute: bc11b3a6c3213fcdd17b65e7da85e133 -> 
  custom:audio-encoder-webm-vorbis: bf7c407c2cedff20999df2af8eb42d56 -> 
  custom:SearchIndexIgnoredProperties: e643bd26f0fe6173181afceb89e7c659 -> 
  custom:container-demuxer-ogg: 62fdf1f143b41e24485cea50d1cbac27 -> 
  custom:video-decoder-webm-vp8: 9c59270c3fd7afecdb556c50c9e8de78 -> 
  custom:audio-decoder-ogg-vorbis: bf7c407c2cedff20999df2af8eb42d56 -> 
========================================================================
Received Prepare
Registering precompiled user dll's ...
Registered in 0,001814 seconds.
Begin MonoManager ReloadAssembly
Native extension for LinuxStandalone target not found
Refreshing native plugins compatible for Editor in 1,04 ms, found 2 plugins.
Preloading 0 native plugins for Editor in 0,00 ms.
[Package Manager] Server::EnsureServerProcessIsRunning -- launch failed, reason: Unity was launched with the -noUpm command-line argument
[Package Manager] Cannot connect to Unity Package Manager local server
System.Exception: Error! Visual Scripting: couldn't find visual scripting package
  at Unity.VisualScripting.PackageVersionUtility.get_version () [0x00043] in /home/hmcelik/Desktop/My project/Library/PackageCache/com.unity.visualscripting@1.9.4/Editor/VisualScripting.Core/Utilities/PackageVersionUtility.cs:31 
  at Unity.VisualScripting.BoltCoreManifest.get_version () [0x00000] in /home/hmcelik/Desktop/My project/Library/PackageCache/com.unity.visualscripting@1.9.4/Editor/VisualScripting.Core/Plugin/BoltCoreManifest.cs:11 
  at Unity.VisualScripting.PluginManifest.get_currentVersion () [0x00000] in /home/hmcelik/Desktop/My project/Library/PackageCache/com.unity.visualscripting@1.9.4/Editor/VisualScripting.Core/Plugins/PluginManifest.cs:33 
  at Unity.VisualScripting.PluginManifest.get_versionMismatch () [0x00000] in /home/hmcelik/Desktop/My project/Library/PackageCache/com.unity.visualscripting@1.9.4/Editor/VisualScripting.Core/Plugins/PluginManifest.cs:48 
  at Unity.VisualScripting.PluginContainer.Initialize () [0x00525] in /home/hmcelik/Desktop/My project/Library/PackageCache/com.unity.visualscripting@1.9.4/Editor/VisualScripting.Core/Plugins/PluginContainer.cs:208 
  at Unity.VisualScripting.PluginContainer.InitializeOnLoad () [0x00009] in /home/hmcelik/Desktop/My project/Library/PackageCache/com.unity.visualscripting@1.9.4/Editor/VisualScripting.Core/Plugins/PluginContainer.cs:32 
  at Unity.VisualScripting.VSUsageUtility.DoInitializeOnLoadCalls () [0x00034] in /home/hmcelik/Desktop/My project/Library/PackageCache/com.unity.visualscripting@1.9.4/Editor/VisualScripting.Core/Utilities/VSUsageUtility.cs:76 
  at Unity.VisualScripting.VSUsageUtility.set_isVisualScriptingUsed (System.Boolean value) [0x0002c] in /home/hmcelik/Desktop/My project/Library/PackageCache/com.unity.visualscripting@1.9.4/Editor/VisualScripting.Core/Utilities/VSUsageUtility.cs:114 
  at Unity.VisualScripting.VSUsageUtility.CheckAndSetIsVisualScriptingUsed () [0x0000d] in /home/hmcelik/Desktop/My project/Library/PackageCache/com.unity.visualscripting@1.9.4/Editor/VisualScripting.Core/Utilities/VSUsageUtility.cs:33 
  at Unity.VisualScripting.VSUsageUtility..cctor () [0x00000] in /home/hmcelik/Desktop/My project/Library/PackageCache/com.unity.visualscripting@1.9.4/Editor/VisualScripting.Core/Utilities/VSUsageUtility.cs:22 
UnityEngine.StackTraceUtility:ExtractStackTrace () (at /home/bokken/build/output/unity/unity/Runtime/Export/Scripting/StackTrace.cs:37)
UnityEngine.DebugLogHandler:LogFormat (UnityEngine.LogType,UnityEngine.Object,string,object[])
UnityEngine.Logger:Log (UnityEngine.LogType,object)
UnityEngine.Debug:LogError (object)
UnityEditor.EditorAssemblies:ProcessInitializeOnLoadAttributes (System.Type[]) (at /home/bokken/build/output/unity/unity/Editor/Mono/EditorAssemblies.cs:134)

(Filename: /home/bokken/build/output/unity/unity/Editor/Mono/EditorAssemblies.cs Line: 134)

Mono: successfully reloaded assembly
- Completed reload, in  1,316 seconds
Domain Reload Profiling:
	ReloadAssembly (1317ms)
		BeginReloadAssembly (107ms)
			ExecutionOrderSort (0ms)
			DisableScriptedObjects (4ms)
			BackupInstance (0ms)
			ReleaseScriptingObjects (0ms)
			CreateAndSetChildDomain (38ms)
		EndReloadAssembly (1145ms)
			LoadAssemblies (41ms)
			RebuildTransferFunctionScriptingTraits (0ms)
			SetupTypeCache (200ms)
			ReleaseScriptCaches (1ms)
			RebuildScriptCaches (30ms)
			SetupLoadedEditorAssemblies (689ms)
				LogAssemblyErrors (0ms)
				InitializePlatformSupportModulesInManaged (14ms)
				SetLoadedEditorAssemblies (1ms)
				RefreshPlugins (1ms)
				BeforeProcessingInitializeOnLoad (51ms)
				ProcessInitializeOnLoadAttributes (590ms)
				ProcessInitializeOnLoadMethodAttributes (28ms)
				AfterProcessingInitializeOnLoad (4ms)
				EditorAssembliesLoaded (0ms)
			ExecutionOrderSort2 (0ms)
			AwakeInstancesAfterBackupRestoration (4ms)
Platform modules already initialized, skipping
Refreshing native plugins compatible for Editor in 1,02 ms, found 2 plugins.
Preloading 0 native plugins for Editor in 0,00 ms.
Unloading 3980 Unused Serialized files (Serialized files now loaded: 0)
Unloading 55 unused Assets / (51,4 KB). Loaded Objects now: 4579.
Memory consumption went from 137,9 MB to 137,8 MB.
Total: 13,858954 ms (FindLiveObjects: 0,227178 ms CreateObjectMapping: 0,094575 ms MarkObjects: 13,443517 ms  DeleteObjects: 0,092608 ms)

AssetImportParameters requested are different than current active one (requested -> active):
  custom:video-decoder-ogg-theora: a1e56fd34408186e4bbccfd4996cb3dc -> 
  custom:container-muxer-webm: aa71ff27fc2769a1b78a27578f13a17b -> 
  custom:container-demuxer-webm: 4f35f7cbe854078d1ac9338744f61a02 -> 
  custom:video-encoder-webm-vp8: eb34c28f22e8b96e1ab97ce403110664 -> 
  custom:CustomObjectIndexerAttribute: bc11b3a6c3213fcdd17b65e7da85e133 -> 
  custom:audio-encoder-webm-vorbis: bf7c407c2cedff20999df2af8eb42d56 -> 
  custom:SearchIndexIgnoredProperties: e643bd26f0fe6173181afceb89e7c659 -> 
  custom:container-demuxer-ogg: 62fdf1f143b41e24485cea50d1cbac27 -> 
  custom:video-decoder-webm-vp8: 9c59270c3fd7afecdb556c50c9e8de78 -> 
  custom:audio-decoder-ogg-vorbis: bf7c407c2cedff20999df2af8eb42d56 -> 
========================================================================
Received Prepare
Registering precompiled user dll's ...
Registered in 0,002326 seconds.
Begin MonoManager ReloadAssembly
Native extension for LinuxStandalone target not found
Refreshing native plugins compatible for Editor in 0,65 ms, found 2 plugins.
Preloading 0 native plugins for Editor in 0,00 ms.
[Package Manager] Server::EnsureServerProcessIsRunning -- launch failed, reason: Unity was launched with the -noUpm command-line argument
[Package Manager] Cannot connect to Unity Package Manager local server
System.Exception: Error! Visual Scripting: couldn't find visual scripting package
  at Unity.VisualScripting.PackageVersionUtility.get_version () [0x00043] in /home/hmcelik/Desktop/My project/Library/PackageCache/com.unity.visualscripting@1.9.4/Editor/VisualScripting.Core/Utilities/PackageVersionUtility.cs:31 
  at Unity.VisualScripting.BoltCoreManifest.get_version () [0x00000] in /home/hmcelik/Desktop/My project/Library/PackageCache/com.unity.visualscripting@1.9.4/Editor/VisualScripting.Core/Plugin/BoltCoreManifest.cs:11 
  at Unity.VisualScripting.PluginManifest.get_currentVersion () [0x00000] in /home/hmcelik/Desktop/My project/Library/PackageCache/com.unity.visualscripting@1.9.4/Editor/VisualScripting.Core/Plugins/PluginManifest.cs:33 
  at Unity.VisualScripting.PluginManifest.get_versionMismatch () [0x00000] in /home/hmcelik/Desktop/My project/Library/PackageCache/com.unity.visualscripting@1.9.4/Editor/VisualScripting.Core/Plugins/PluginManifest.cs:48 
  at Unity.VisualScripting.PluginContainer.Initialize () [0x00525] in /home/hmcelik/Desktop/My project/Library/PackageCache/com.unity.visualscripting@1.9.4/Editor/VisualScripting.Core/Plugins/PluginContainer.cs:208 
  at Unity.VisualScripting.PluginContainer.InitializeOnLoad () [0x00009] in /home/hmcelik/Desktop/My project/Library/PackageCache/com.unity.visualscripting@1.9.4/Editor/VisualScripting.Core/Plugins/PluginContainer.cs:32 
  at Unity.VisualScripting.VSUsageUtility.DoInitializeOnLoadCalls () [0x00034] in /home/hmcelik/Desktop/My project/Library/PackageCache/com.unity.visualscripting@1.9.4/Editor/VisualScripting.Core/Utilities/VSUsageUtility.cs:76 
  at Unity.VisualScripting.VSUsageUtility.set_isVisualScriptingUsed (System.Boolean value) [0x0002c] in /home/hmcelik/Desktop/My project/Library/PackageCache/com.unity.visualscripting@1.9.4/Editor/VisualScripting.Core/Utilities/VSUsageUtility.cs:114 
  at Unity.VisualScripting.VSUsageUtility.CheckAndSetIsVisualScriptingUsed () [0x0000d] in /home/hmcelik/Desktop/My project/Library/PackageCache/com.unity.visualscripting@1.9.4/Editor/VisualScripting.Core/Utilities/VSUsageUtility.cs:33 
  at Unity.VisualScripting.VSUsageUtility..cctor () [0x00000] in /home/hmcelik/Desktop/My project/Library/PackageCache/com.unity.visualscripting@1.9.4/Editor/VisualScripting.Core/Utilities/VSUsageUtility.cs:22 
UnityEngine.StackTraceUtility:ExtractStackTrace () (at /home/bokken/build/output/unity/unity/Runtime/Export/Scripting/StackTrace.cs:37)
UnityEngine.DebugLogHandler:LogFormat (UnityEngine.LogType,UnityEngine.Object,string,object[])
UnityEngine.Logger:Log (UnityEngine.LogType,object)
UnityEngine.Debug:LogError (object)
UnityEditor.EditorAssemblies:ProcessInitializeOnLoadAttributes (System.Type[]) (at /home/bokken/build/output/unity/unity/Editor/Mono/EditorAssemblies.cs:134)

(Filename: /home/bokken/build/output/unity/unity/Editor/Mono/EditorAssemblies.cs Line: 134)

Mono: successfully reloaded assembly
- Completed reload, in  1,334 seconds
Domain Reload Profiling:
	ReloadAssembly (1334ms)
		BeginReloadAssembly (108ms)
			ExecutionOrderSort (0ms)
			DisableScriptedObjects (4ms)
			BackupInstance (0ms)
			ReleaseScriptingObjects (0ms)
			CreateAndSetChildDomain (37ms)
		EndReloadAssembly (1161ms)
			LoadAssemblies (42ms)
			RebuildTransferFunctionScriptingTraits (0ms)
			SetupTypeCache (220ms)
			ReleaseScriptCaches (1ms)
			RebuildScriptCaches (35ms)
			SetupLoadedEditorAssemblies (705ms)
				LogAssemblyErrors (0ms)
				InitializePlatformSupportModulesInManaged (8ms)
				SetLoadedEditorAssemblies (0ms)
				RefreshPlugins (1ms)
				BeforeProcessingInitializeOnLoad (43ms)
				ProcessInitializeOnLoadAttributes (622ms)
				ProcessInitializeOnLoadMethodAttributes (27ms)
				AfterProcessingInitializeOnLoad (3ms)
				EditorAssembliesLoaded (0ms)
			ExecutionOrderSort2 (0ms)
			AwakeInstancesAfterBackupRestoration (3ms)
Platform modules already initialized, skipping
Refreshing native plugins compatible for Editor in 0,72 ms, found 2 plugins.
Preloading 0 native plugins for Editor in 0,00 ms.
Unloading 3980 Unused Serialized files (Serialized files now loaded: 0)
Unloading 55 unused Assets / (46,9 KB). Loaded Objects now: 4583.
Memory consumption went from 137,9 MB to 137,8 MB.
Total: 14,023055 ms (FindLiveObjects: 0,320128 ms CreateObjectMapping: 0,121602 ms MarkObjects: 13,498430 ms  DeleteObjects: 0,081616 ms)

AssetImportParameters requested are different than current active one (requested -> active):
  custom:video-decoder-ogg-theora: a1e56fd34408186e4bbccfd4996cb3dc -> 
  custom:container-muxer-webm: aa71ff27fc2769a1b78a27578f13a17b -> 
  custom:container-demuxer-webm: 4f35f7cbe854078d1ac9338744f61a02 -> 
  custom:video-encoder-webm-vp8: eb34c28f22e8b96e1ab97ce403110664 -> 
  custom:CustomObjectIndexerAttribute: bc11b3a6c3213fcdd17b65e7da85e133 -> 
  custom:audio-encoder-webm-vorbis: bf7c407c2cedff20999df2af8eb42d56 -> 
  custom:SearchIndexIgnoredProperties: e643bd26f0fe6173181afceb89e7c659 -> 
  custom:container-demuxer-ogg: 62fdf1f143b41e24485cea50d1cbac27 -> 
  custom:video-decoder-webm-vp8: 9c59270c3fd7afecdb556c50c9e8de78 -> 
  custom:audio-decoder-ogg-vorbis: bf7c407c2cedff20999df2af8eb42d56 -> 
========================================================================
Received Prepare
Registering precompiled user dll's ...
Registered in 0,001988 seconds.
Begin MonoManager ReloadAssembly
Native extension for LinuxStandalone target not found
Refreshing native plugins compatible for Editor in 0,66 ms, found 2 plugins.
Preloading 0 native plugins for Editor in 0,00 ms.
[Package Manager] Server::EnsureServerProcessIsRunning -- launch failed, reason: Unity was launched with the -noUpm command-line argument
[Package Manager] Cannot connect to Unity Package Manager local server
System.Exception: Error! Visual Scripting: couldn't find visual scripting package
  at Unity.VisualScripting.PackageVersionUtility.get_version () [0x00043] in /home/hmcelik/Desktop/My project/Library/PackageCache/com.unity.visualscripting@1.9.4/Editor/VisualScripting.Core/Utilities/PackageVersionUtility.cs:31 
  at Unity.VisualScripting.BoltCoreManifest.get_version () [0x00000] in /home/hmcelik/Desktop/My project/Library/PackageCache/com.unity.visualscripting@1.9.4/Editor/VisualScripting.Core/Plugin/BoltCoreManifest.cs:11 
  at Unity.VisualScripting.PluginManifest.get_currentVersion () [0x00000] in /home/hmcelik/Desktop/My project/Library/PackageCache/com.unity.visualscripting@1.9.4/Editor/VisualScripting.Core/Plugins/PluginManifest.cs:33 
  at Unity.VisualScripting.PluginManifest.get_versionMismatch () [0x00000] in /home/hmcelik/Desktop/My project/Library/PackageCache/com.unity.visualscripting@1.9.4/Editor/VisualScripting.Core/Plugins/PluginManifest.cs:48 
  at Unity.VisualScripting.PluginContainer.Initialize () [0x00525] in /home/hmcelik/Desktop/My project/Library/PackageCache/com.unity.visualscripting@1.9.4/Editor/VisualScripting.Core/Plugins/PluginContainer.cs:208 
  at Unity.VisualScripting.PluginContainer.InitializeOnLoad () [0x00009] in /home/hmcelik/Desktop/My project/Library/PackageCache/com.unity.visualscripting@1.9.4/Editor/VisualScripting.Core/Plugins/PluginContainer.cs:32 
  at Unity.VisualScripting.VSUsageUtility.DoInitializeOnLoadCalls () [0x00034] in /home/hmcelik/Desktop/My project/Library/PackageCache/com.unity.visualscripting@1.9.4/Editor/VisualScripting.Core/Utilities/VSUsageUtility.cs:76 
  at Unity.VisualScripting.VSUsageUtility.set_isVisualScriptingUsed (System.Boolean value) [0x0002c] in /home/hmcelik/Desktop/My project/Library/PackageCache/com.unity.visualscripting@1.9.4/Editor/VisualScripting.Core/Utilities/VSUsageUtility.cs:114 
  at Unity.VisualScripting.VSUsageUtility.CheckAndSetIsVisualScriptingUsed () [0x0000d] in /home/hmcelik/Desktop/My project/Library/PackageCache/com.unity.visualscripting@1.9.4/Editor/VisualScripting.Core/Utilities/VSUsageUtility.cs:33 
  at Unity.VisualScripting.VSUsageUtility..cctor () [0x00000] in /home/hmcelik/Desktop/My project/Library/PackageCache/com.unity.visualscripting@1.9.4/Editor/VisualScripting.Core/Utilities/VSUsageUtility.cs:22 
UnityEngine.StackTraceUtility:ExtractStackTrace () (at /home/bokken/build/output/unity/unity/Runtime/Export/Scripting/StackTrace.cs:37)
UnityEngine.DebugLogHandler:LogFormat (UnityEngine.LogType,UnityEngine.Object,string,object[])
UnityEngine.Logger:Log (UnityEngine.LogType,object)
UnityEngine.Debug:LogError (object)
UnityEditor.EditorAssemblies:ProcessInitializeOnLoadAttributes (System.Type[]) (at /home/bokken/build/output/unity/unity/Editor/Mono/EditorAssemblies.cs:134)

(Filename: /home/bokken/build/output/unity/unity/Editor/Mono/EditorAssemblies.cs Line: 134)

Mono: successfully reloaded assembly
- Completed reload, in  1,325 seconds
Domain Reload Profiling:
	ReloadAssembly (1325ms)
		BeginReloadAssembly (109ms)
			ExecutionOrderSort (0ms)
			DisableScriptedObjects (4ms)
			BackupInstance (0ms)
			ReleaseScriptingObjects (0ms)
			CreateAndSetChildDomain (35ms)
		EndReloadAssembly (1151ms)
			LoadAssemblies (45ms)
			RebuildTransferFunctionScriptingTraits (0ms)
			SetupTypeCache (202ms)
			ReleaseScriptCaches (1ms)
			RebuildScriptCaches (35ms)
			SetupLoadedEditorAssemblies (710ms)
				LogAssemblyErrors (0ms)
				InitializePlatformSupportModulesInManaged (10ms)
				SetLoadedEditorAssemblies (0ms)
				RefreshPlugins (1ms)
				BeforeProcessingInitializeOnLoad (41ms)
				ProcessInitializeOnLoadAttributes (631ms)
				ProcessInitializeOnLoadMethodAttributes (24ms)
				AfterProcessingInitializeOnLoad (3ms)
				EditorAssembliesLoaded (0ms)
			ExecutionOrderSort2 (0ms)
			AwakeInstancesAfterBackupRestoration (3ms)
Platform modules already initialized, skipping
Refreshing native plugins compatible for Editor in 0,67 ms, found 2 plugins.
Preloading 0 native plugins for Editor in 0,00 ms.
Unloading 3980 Unused Serialized files (Serialized files now loaded: 0)
Unloading 55 unused Assets / (46,8 KB). Loaded Objects now: 4587.
Memory consumption went from 137,9 MB to 137,8 MB.
Total: 14,431872 ms (FindLiveObjects: 0,225020 ms CreateObjectMapping: 0,114348 ms MarkObjects: 13,950056 ms  DeleteObjects: 0,141183 ms)

AssetImportParameters requested are different than current active one (requested -> active):
  custom:video-decoder-ogg-theora: a1e56fd34408186e4bbccfd4996cb3dc -> 
  custom:container-muxer-webm: aa71ff27fc2769a1b78a27578f13a17b -> 
  custom:container-demuxer-webm: 4f35f7cbe854078d1ac9338744f61a02 -> 
  custom:video-encoder-webm-vp8: eb34c28f22e8b96e1ab97ce403110664 -> 
  custom:CustomObjectIndexerAttribute: bc11b3a6c3213fcdd17b65e7da85e133 -> 
  custom:audio-encoder-webm-vorbis: bf7c407c2cedff20999df2af8eb42d56 -> 
  custom:SearchIndexIgnoredProperties: e643bd26f0fe6173181afceb89e7c659 -> 
  custom:container-demuxer-ogg: 62fdf1f143b41e24485cea50d1cbac27 -> 
  custom:video-decoder-webm-vp8: 9c59270c3fd7afecdb556c50c9e8de78 -> 
  custom:audio-decoder-ogg-vorbis: bf7c407c2cedff20999df2af8eb42d56 -> 
========================================================================
Received Prepare
Registering precompiled user dll's ...
Registered in 0,001851 seconds.
Begin MonoManager ReloadAssembly
Native extension for LinuxStandalone target not found
Refreshing native plugins compatible for Editor in 0,71 ms, found 2 plugins.
Preloading 0 native plugins for Editor in 0,00 ms.
[Package Manager] Server::EnsureServerProcessIsRunning -- launch failed, reason: Unity was launched with the -noUpm command-line argument
[Package Manager] Cannot connect to Unity Package Manager local server
System.Exception: Error! Visual Scripting: couldn't find visual scripting package
  at Unity.VisualScripting.PackageVersionUtility.get_version () [0x00043] in /home/hmcelik/Desktop/My project/Library/PackageCache/com.unity.visualscripting@1.9.4/Editor/VisualScripting.Core/Utilities/PackageVersionUtility.cs:31 
  at Unity.VisualScripting.BoltCoreManifest.get_version () [0x00000] in /home/hmcelik/Desktop/My project/Library/PackageCache/com.unity.visualscripting@1.9.4/Editor/VisualScripting.Core/Plugin/BoltCoreManifest.cs:11 
  at Unity.VisualScripting.PluginManifest.get_currentVersion () [0x00000] in /home/hmcelik/Desktop/My project/Library/PackageCache/com.unity.visualscripting@1.9.4/Editor/VisualScripting.Core/Plugins/PluginManifest.cs:33 
  at Unity.VisualScripting.PluginManifest.get_versionMismatch () [0x00000] in /home/hmcelik/Desktop/My project/Library/PackageCache/com.unity.visualscripting@1.9.4/Editor/VisualScripting.Core/Plugins/PluginManifest.cs:48 
  at Unity.VisualScripting.PluginContainer.Initialize () [0x00525] in /home/hmcelik/Desktop/My project/Library/PackageCache/com.unity.visualscripting@1.9.4/Editor/VisualScripting.Core/Plugins/PluginContainer.cs:208 
  at Unity.VisualScripting.PluginContainer.InitializeOnLoad () [0x00009] in /home/hmcelik/Desktop/My project/Library/PackageCache/com.unity.visualscripting@1.9.4/Editor/VisualScripting.Core/Plugins/PluginContainer.cs:32 
  at Unity.VisualScripting.VSUsageUtility.DoInitializeOnLoadCalls () [0x00034] in /home/hmcelik/Desktop/My project/Library/PackageCache/com.unity.visualscripting@1.9.4/Editor/VisualScripting.Core/Utilities/VSUsageUtility.cs:76 
  at Unity.VisualScripting.VSUsageUtility.set_isVisualScriptingUsed (System.Boolean value) [0x0002c] in /home/hmcelik/Desktop/My project/Library/PackageCache/com.unity.visualscripting@1.9.4/Editor/VisualScripting.Core/Utilities/VSUsageUtility.cs:114 
  at Unity.VisualScripting.VSUsageUtility.CheckAndSetIsVisualScriptingUsed () [0x0000d] in /home/hmcelik/Desktop/My project/Library/PackageCache/com.unity.visualscripting@1.9.4/Editor/VisualScripting.Core/Utilities/VSUsageUtility.cs:33 
  at Unity.VisualScripting.VSUsageUtility..cctor () [0x00000] in /home/hmcelik/Desktop/My project/Library/PackageCache/com.unity.visualscripting@1.9.4/Editor/VisualScripting.Core/Utilities/VSUsageUtility.cs:22 
UnityEngine.StackTraceUtility:ExtractStackTrace () (at /home/bokken/build/output/unity/unity/Runtime/Export/Scripting/StackTrace.cs:37)
UnityEngine.DebugLogHandler:LogFormat (UnityEngine.LogType,UnityEngine.Object,string,object[])
UnityEngine.Logger:Log (UnityEngine.LogType,object)
UnityEngine.Debug:LogError (object)
UnityEditor.EditorAssemblies:ProcessInitializeOnLoadAttributes (System.Type[]) (at /home/bokken/build/output/unity/unity/Editor/Mono/EditorAssemblies.cs:134)

(Filename: /home/bokken/build/output/unity/unity/Editor/Mono/EditorAssemblies.cs Line: 134)

Mono: successfully reloaded assembly
- Completed reload, in  1,325 seconds
Domain Reload Profiling:
	ReloadAssembly (1326ms)
		BeginReloadAssembly (111ms)
			ExecutionOrderSort (0ms)
			DisableScriptedObjects (4ms)
			BackupInstance (0ms)
			ReleaseScriptingObjects (0ms)
			CreateAndSetChildDomain (38ms)
		EndReloadAssembly (1149ms)
			LoadAssemblies (45ms)
			RebuildTransferFunctionScriptingTraits (0ms)
			SetupTypeCache (229ms)
			ReleaseScriptCaches (1ms)
			RebuildScriptCaches (29ms)
			SetupLoadedEditorAssemblies (688ms)
				LogAssemblyErrors (0ms)
				InitializePlatformSupportModulesInManaged (9ms)
				SetLoadedEditorAssemblies (0ms)
				RefreshPlugins (1ms)
				BeforeProcessingInitializeOnLoad (41ms)
				ProcessInitializeOnLoadAttributes (606ms)
				ProcessInitializeOnLoadMethodAttributes (27ms)
				AfterProcessingInitializeOnLoad (3ms)
				EditorAssembliesLoaded (0ms)
			ExecutionOrderSort2 (0ms)
			AwakeInstancesAfterBackupRestoration (3ms)
Platform modules already initialized, skipping
Refreshing native plugins compatible for Editor in 0,98 ms, found 2 plugins.
Preloading 0 native plugins for Editor in 0,00 ms.
Unloading 3980 Unused Serialized files (Serialized files now loaded: 0)
Unloading 55 unused Assets / (51,3 KB). Loaded Objects now: 4591.
Memory consumption went from 137,9 MB to 137,8 MB.
Total: 12,416352 ms (FindLiveObjects: 0,222872 ms CreateObjectMapping: 0,099329 ms MarkObjects: 11,994114 ms  DeleteObjects: 0,098754 ms)

AssetImportParameters requested are different than current active one (requested -> active):
  custom:video-decoder-ogg-theora: a1e56fd34408186e4bbccfd4996cb3dc -> 
  custom:container-muxer-webm: aa71ff27fc2769a1b78a27578f13a17b -> 
  custom:container-demuxer-webm: 4f35f7cbe854078d1ac9338744f61a02 -> 
  custom:video-encoder-webm-vp8: eb34c28f22e8b96e1ab97ce403110664 -> 
  custom:CustomObjectIndexerAttribute: bc11b3a6c3213fcdd17b65e7da85e133 -> 
  custom:audio-encoder-webm-vorbis: bf7c407c2cedff20999df2af8eb42d56 -> 
  custom:SearchIndexIgnoredProperties: e643bd26f0fe6173181afceb89e7c659 -> 
  custom:container-demuxer-ogg: 62fdf1f143b41e24485cea50d1cbac27 -> 
  custom:video-decoder-webm-vp8: 9c59270c3fd7afecdb556c50c9e8de78 -> 
  custom:audio-decoder-ogg-vorbis: bf7c407c2cedff20999df2af8eb42d56 -> 
========================================================================
Received Prepare
Registering precompiled user dll's ...
Registered in 0,001802 seconds.
Begin MonoManager ReloadAssembly
Native extension for LinuxStandalone target not found
Refreshing native plugins compatible for Editor in 1,05 ms, found 2 plugins.
Preloading 0 native plugins for Editor in 0,00 ms.
[Package Manager] Server::EnsureServerProcessIsRunning -- launch failed, reason: Unity was launched with the -noUpm command-line argument
[Package Manager] Cannot connect to Unity Package Manager local server
System.Exception: Error! Visual Scripting: couldn't find visual scripting package
  at Unity.VisualScripting.PackageVersionUtility.get_version () [0x00043] in /home/hmcelik/Desktop/My project/Library/PackageCache/com.unity.visualscripting@1.9.4/Editor/VisualScripting.Core/Utilities/PackageVersionUtility.cs:31 
  at Unity.VisualScripting.BoltCoreManifest.get_version () [0x00000] in /home/hmcelik/Desktop/My project/Library/PackageCache/com.unity.visualscripting@1.9.4/Editor/VisualScripting.Core/Plugin/BoltCoreManifest.cs:11 
  at Unity.VisualScripting.PluginManifest.get_currentVersion () [0x00000] in /home/hmcelik/Desktop/My project/Library/PackageCache/com.unity.visualscripting@1.9.4/Editor/VisualScripting.Core/Plugins/PluginManifest.cs:33 
  at Unity.VisualScripting.PluginManifest.get_versionMismatch () [0x00000] in /home/hmcelik/Desktop/My project/Library/PackageCache/com.unity.visualscripting@1.9.4/Editor/VisualScripting.Core/Plugins/PluginManifest.cs:48 
  at Unity.VisualScripting.PluginContainer.Initialize () [0x00525] in /home/hmcelik/Desktop/My project/Library/PackageCache/com.unity.visualscripting@1.9.4/Editor/VisualScripting.Core/Plugins/PluginContainer.cs:208 
  at Unity.VisualScripting.PluginContainer.InitializeOnLoad () [0x00009] in /home/hmcelik/Desktop/My project/Library/PackageCache/com.unity.visualscripting@1.9.4/Editor/VisualScripting.Core/Plugins/PluginContainer.cs:32 
  at Unity.VisualScripting.VSUsageUtility.DoInitializeOnLoadCalls () [0x00034] in /home/hmcelik/Desktop/My project/Library/PackageCache/com.unity.visualscripting@1.9.4/Editor/VisualScripting.Core/Utilities/VSUsageUtility.cs:76 
  at Unity.VisualScripting.VSUsageUtility.set_isVisualScriptingUsed (System.Boolean value) [0x0002c] in /home/hmcelik/Desktop/My project/Library/PackageCache/com.unity.visualscripting@1.9.4/Editor/VisualScripting.Core/Utilities/VSUsageUtility.cs:114 
  at Unity.VisualScripting.VSUsageUtility.CheckAndSetIsVisualScriptingUsed () [0x0000d] in /home/hmcelik/Desktop/My project/Library/PackageCache/com.unity.visualscripting@1.9.4/Editor/VisualScripting.Core/Utilities/VSUsageUtility.cs:33 
  at Unity.VisualScripting.VSUsageUtility..cctor () [0x00000] in /home/hmcelik/Desktop/My project/Library/PackageCache/com.unity.visualscripting@1.9.4/Editor/VisualScripting.Core/Utilities/VSUsageUtility.cs:22 
UnityEngine.StackTraceUtility:ExtractStackTrace () (at /home/bokken/build/output/unity/unity/Runtime/Export/Scripting/StackTrace.cs:37)
UnityEngine.DebugLogHandler:LogFormat (UnityEngine.LogType,UnityEngine.Object,string,object[])
UnityEngine.Logger:Log (UnityEngine.LogType,object)
UnityEngine.Debug:LogError (object)
UnityEditor.EditorAssemblies:ProcessInitializeOnLoadAttributes (System.Type[]) (at /home/bokken/build/output/unity/unity/Editor/Mono/EditorAssemblies.cs:134)

(Filename: /home/bokken/build/output/unity/unity/Editor/Mono/EditorAssemblies.cs Line: 134)

Mono: successfully reloaded assembly
- Completed reload, in  1,334 seconds
Domain Reload Profiling:
	ReloadAssembly (1334ms)
		BeginReloadAssembly (120ms)
			ExecutionOrderSort (0ms)
			DisableScriptedObjects (4ms)
			BackupInstance (0ms)
			ReleaseScriptingObjects (0ms)
			CreateAndSetChildDomain (48ms)
		EndReloadAssembly (1148ms)
			LoadAssemblies (46ms)
			RebuildTransferFunctionScriptingTraits (0ms)
			SetupTypeCache (233ms)
			ReleaseScriptCaches (1ms)
			RebuildScriptCaches (29ms)
			SetupLoadedEditorAssemblies (676ms)
				LogAssemblyErrors (0ms)
				InitializePlatformSupportModulesInManaged (9ms)
				SetLoadedEditorAssemblies (0ms)
				RefreshPlugins (1ms)
				BeforeProcessingInitializeOnLoad (43ms)
				ProcessInitializeOnLoadAttributes (592ms)
				ProcessInitializeOnLoadMethodAttributes (28ms)
				AfterProcessingInitializeOnLoad (3ms)
				EditorAssembliesLoaded (0ms)
			ExecutionOrderSort2 (0ms)
			AwakeInstancesAfterBackupRestoration (4ms)
Platform modules already initialized, skipping
Refreshing native plugins compatible for Editor in 0,68 ms, found 2 plugins.
Preloading 0 native plugins for Editor in 0,00 ms.
Unloading 3980 Unused Serialized files (Serialized files now loaded: 0)
Unloading 55 unused Assets / (56,1 KB). Loaded Objects now: 4595.
Memory consumption went from 137,9 MB to 137,9 MB.
Total: 9,774617 ms (FindLiveObjects: 0,188181 ms CreateObjectMapping: 0,087555 ms MarkObjects: 9,426155 ms  DeleteObjects: 0,071753 ms)

AssetImportParameters requested are different than current active one (requested -> active):
  custom:video-decoder-ogg-theora: a1e56fd34408186e4bbccfd4996cb3dc -> 
  custom:container-muxer-webm: aa71ff27fc2769a1b78a27578f13a17b -> 
  custom:container-demuxer-webm: 4f35f7cbe854078d1ac9338744f61a02 -> 
  custom:video-encoder-webm-vp8: eb34c28f22e8b96e1ab97ce403110664 -> 
  custom:CustomObjectIndexerAttribute: bc11b3a6c3213fcdd17b65e7da85e133 -> 
  custom:audio-encoder-webm-vorbis: bf7c407c2cedff20999df2af8eb42d56 -> 
  custom:SearchIndexIgnoredProperties: e643bd26f0fe6173181afceb89e7c659 -> 
  custom:container-demuxer-ogg: 62fdf1f143b41e24485cea50d1cbac27 -> 
  custom:video-decoder-webm-vp8: 9c59270c3fd7afecdb556c50c9e8de78 -> 
  custom:audio-decoder-ogg-vorbis: bf7c407c2cedff20999df2af8eb42d56 -> 
========================================================================
Received Prepare
Registering precompiled user dll's ...
Registered in 0,001935 seconds.
Begin MonoManager ReloadAssembly
Native extension for LinuxStandalone target not found
Refreshing native plugins compatible for Editor in 0,82 ms, found 2 plugins.
Preloading 0 native plugins for Editor in 0,00 ms.
[Package Manager] Server::EnsureServerProcessIsRunning -- launch failed, reason: Unity was launched with the -noUpm command-line argument
[Package Manager] Cannot connect to Unity Package Manager local server
System.Exception: Error! Visual Scripting: couldn't find visual scripting package
  at Unity.VisualScripting.PackageVersionUtility.get_version () [0x00043] in /home/hmcelik/Desktop/My project/Library/PackageCache/com.unity.visualscripting@1.9.4/Editor/VisualScripting.Core/Utilities/PackageVersionUtility.cs:31 
  at Unity.VisualScripting.BoltCoreManifest.get_version () [0x00000] in /home/hmcelik/Desktop/My project/Library/PackageCache/com.unity.visualscripting@1.9.4/Editor/VisualScripting.Core/Plugin/BoltCoreManifest.cs:11 
  at Unity.VisualScripting.PluginManifest.get_currentVersion () [0x00000] in /home/hmcelik/Desktop/My project/Library/PackageCache/com.unity.visualscripting@1.9.4/Editor/VisualScripting.Core/Plugins/PluginManifest.cs:33 
  at Unity.VisualScripting.PluginManifest.get_versionMismatch () [0x00000] in /home/hmcelik/Desktop/My project/Library/PackageCache/com.unity.visualscripting@1.9.4/Editor/VisualScripting.Core/Plugins/PluginManifest.cs:48 
  at Unity.VisualScripting.PluginContainer.Initialize () [0x00525] in /home/hmcelik/Desktop/My project/Library/PackageCache/com.unity.visualscripting@1.9.4/Editor/VisualScripting.Core/Plugins/PluginContainer.cs:208 
  at Unity.VisualScripting.PluginContainer.InitializeOnLoad () [0x00009] in /home/hmcelik/Desktop/My project/Library/PackageCache/com.unity.visualscripting@1.9.4/Editor/VisualScripting.Core/Plugins/PluginContainer.cs:32 
  at Unity.VisualScripting.VSUsageUtility.DoInitializeOnLoadCalls () [0x00034] in /home/hmcelik/Desktop/My project/Library/PackageCache/com.unity.visualscripting@1.9.4/Editor/VisualScripting.Core/Utilities/VSUsageUtility.cs:76 
  at Unity.VisualScripting.VSUsageUtility.set_isVisualScriptingUsed (System.Boolean value) [0x0002c] in /home/hmcelik/Desktop/My project/Library/PackageCache/com.unity.visualscripting@1.9.4/Editor/VisualScripting.Core/Utilities/VSUsageUtility.cs:114 
  at Unity.VisualScripting.VSUsageUtility.CheckAndSetIsVisualScriptingUsed () [0x0000d] in /home/hmcelik/Desktop/My project/Library/PackageCache/com.unity.visualscripting@1.9.4/Editor/VisualScripting.Core/Utilities/VSUsageUtility.cs:33 
  at Unity.VisualScripting.VSUsageUtility..cctor () [0x00000] in /home/hmcelik/Desktop/My project/Library/PackageCache/com.unity.visualscripting@1.9.4/Editor/VisualScripting.Core/Utilities/VSUsageUtility.cs:22 
UnityEngine.StackTraceUtility:ExtractStackTrace () (at /home/bokken/build/output/unity/unity/Runtime/Export/Scripting/StackTrace.cs:37)
UnityEngine.DebugLogHandler:LogFormat (UnityEngine.LogType,UnityEngine.Object,string,object[])
UnityEngine.Logger:Log (UnityEngine.LogType,object)
UnityEngine.Debug:LogError (object)
UnityEditor.EditorAssemblies:ProcessInitializeOnLoadAttributes (System.Type[]) (at /home/bokken/build/output/unity/unity/Editor/Mono/EditorAssemblies.cs:134)

(Filename: /home/bokken/build/output/unity/unity/Editor/Mono/EditorAssemblies.cs Line: 134)

Mono: successfully reloaded assembly
- Completed reload, in  1,356 seconds
Domain Reload Profiling:
	ReloadAssembly (1357ms)
		BeginReloadAssembly (109ms)
			ExecutionOrderSort (0ms)
			DisableScriptedObjects (4ms)
			BackupInstance (0ms)
			ReleaseScriptingObjects (0ms)
			CreateAndSetChildDomain (37ms)
		EndReloadAssembly (1181ms)
			LoadAssemblies (42ms)
			RebuildTransferFunctionScriptingTraits (0ms)
			SetupTypeCache (233ms)
			ReleaseScriptCaches (1ms)
			RebuildScriptCaches (37ms)
			SetupLoadedEditorAssemblies (710ms)
				LogAssemblyErrors (0ms)
				InitializePlatformSupportModulesInManaged (9ms)
				SetLoadedEditorAssemblies (0ms)
				RefreshPlugins (1ms)
				BeforeProcessingInitializeOnLoad (42ms)
				ProcessInitializeOnLoadAttributes (630ms)
				ProcessInitializeOnLoadMethodAttributes (25ms)
				AfterProcessingInitializeOnLoad (3ms)
				EditorAssembliesLoaded (0ms)
			ExecutionOrderSort2 (0ms)
			AwakeInstancesAfterBackupRestoration (3ms)
Platform modules already initialized, skipping
Refreshing native plugins compatible for Editor in 0,81 ms, found 2 plugins.
Preloading 0 native plugins for Editor in 0,00 ms.
Unloading 3980 Unused Serialized files (Serialized files now loaded: 0)
Unloading 55 unused Assets / (56,0 KB). Loaded Objects now: 4599.
Memory consumption went from 137,9 MB to 137,9 MB.
Total: 10,217173 ms (FindLiveObjects: 0,210014 ms CreateObjectMapping: 0,092506 ms MarkObjects: 9,828628 ms  DeleteObjects: 0,085257 ms)

AssetImportParameters requested are different than current active one (requested -> active):
  custom:video-decoder-ogg-theora: a1e56fd34408186e4bbccfd4996cb3dc -> 
  custom:container-muxer-webm: aa71ff27fc2769a1b78a27578f13a17b -> 
  custom:container-demuxer-webm: 4f35f7cbe854078d1ac9338744f61a02 -> 
  custom:video-encoder-webm-vp8: eb34c28f22e8b96e1ab97ce403110664 -> 
  custom:CustomObjectIndexerAttribute: bc11b3a6c3213fcdd17b65e7da85e133 -> 
  custom:audio-encoder-webm-vorbis: bf7c407c2cedff20999df2af8eb42d56 -> 
  custom:SearchIndexIgnoredProperties: e643bd26f0fe6173181afceb89e7c659 -> 
  custom:container-demuxer-ogg: 62fdf1f143b41e24485cea50d1cbac27 -> 
  custom:video-decoder-webm-vp8: 9c59270c3fd7afecdb556c50c9e8de78 -> 
  custom:audio-decoder-ogg-vorbis: bf7c407c2cedff20999df2af8eb42d56 -> 
========================================================================
Received Prepare
Registering precompiled user dll's ...
Registered in 0,001838 seconds.
Begin MonoManager ReloadAssembly
Native extension for LinuxStandalone target not found
Refreshing native plugins compatible for Editor in 0,69 ms, found 2 plugins.
Preloading 0 native plugins for Editor in 0,00 ms.
[Package Manager] Server::EnsureServerProcessIsRunning -- launch failed, reason: Unity was launched with the -noUpm command-line argument
[Package Manager] Cannot connect to Unity Package Manager local server
System.Exception: Error! Visual Scripting: couldn't find visual scripting package
  at Unity.VisualScripting.PackageVersionUtility.get_version () [0x00043] in /home/hmcelik/Desktop/My project/Library/PackageCache/com.unity.visualscripting@1.9.4/Editor/VisualScripting.Core/Utilities/PackageVersionUtility.cs:31 
  at Unity.VisualScripting.BoltCoreManifest.get_version () [0x00000] in /home/hmcelik/Desktop/My project/Library/PackageCache/com.unity.visualscripting@1.9.4/Editor/VisualScripting.Core/Plugin/BoltCoreManifest.cs:11 
  at Unity.VisualScripting.PluginManifest.get_currentVersion () [0x00000] in /home/hmcelik/Desktop/My project/Library/PackageCache/com.unity.visualscripting@1.9.4/Editor/VisualScripting.Core/Plugins/PluginManifest.cs:33 
  at Unity.VisualScripting.PluginManifest.get_versionMismatch () [0x00000] in /home/hmcelik/Desktop/My project/Library/PackageCache/com.unity.visualscripting@1.9.4/Editor/VisualScripting.Core/Plugins/PluginManifest.cs:48 
  at Unity.VisualScripting.PluginContainer.Initialize () [0x00525] in /home/hmcelik/Desktop/My project/Library/PackageCache/com.unity.visualscripting@1.9.4/Editor/VisualScripting.Core/Plugins/PluginContainer.cs:208 
  at Unity.VisualScripting.PluginContainer.InitializeOnLoad () [0x00009] in /home/hmcelik/Desktop/My project/Library/PackageCache/com.unity.visualscripting@1.9.4/Editor/VisualScripting.Core/Plugins/PluginContainer.cs:32 
  at Unity.VisualScripting.VSUsageUtility.DoInitializeOnLoadCalls () [0x00034] in /home/hmcelik/Desktop/My project/Library/PackageCache/com.unity.visualscripting@1.9.4/Editor/VisualScripting.Core/Utilities/VSUsageUtility.cs:76 
  at Unity.VisualScripting.VSUsageUtility.set_isVisualScriptingUsed (System.Boolean value) [0x0002c] in /home/hmcelik/Desktop/My project/Library/PackageCache/com.unity.visualscripting@1.9.4/Editor/VisualScripting.Core/Utilities/VSUsageUtility.cs:114 
  at Unity.VisualScripting.VSUsageUtility.CheckAndSetIsVisualScriptingUsed () [0x0000d] in /home/hmcelik/Desktop/My project/Library/PackageCache/com.unity.visualscripting@1.9.4/Editor/VisualScripting.Core/Utilities/VSUsageUtility.cs:33 
  at Unity.VisualScripting.VSUsageUtility..cctor () [0x00000] in /home/hmcelik/Desktop/My project/Library/PackageCache/com.unity.visualscripting@1.9.4/Editor/VisualScripting.Core/Utilities/VSUsageUtility.cs:22 
UnityEngine.StackTraceUtility:ExtractStackTrace () (at /home/bokken/build/output/unity/unity/Runtime/Export/Scripting/StackTrace.cs:37)
UnityEngine.DebugLogHandler:LogFormat (UnityEngine.LogType,UnityEngine.Object,string,object[])
UnityEngine.Logger:Log (UnityEngine.LogType,object)
UnityEngine.Debug:LogError (object)
UnityEditor.EditorAssemblies:ProcessInitializeOnLoadAttributes (System.Type[]) (at /home/bokken/build/output/unity/unity/Editor/Mono/EditorAssemblies.cs:134)

(Filename: /home/bokken/build/output/unity/unity/Editor/Mono/EditorAssemblies.cs Line: 134)

Mono: successfully reloaded assembly
- Completed reload, in  1,316 seconds
Domain Reload Profiling:
	ReloadAssembly (1316ms)
		BeginReloadAssembly (110ms)
			ExecutionOrderSort (0ms)
			DisableScriptedObjects (4ms)
			BackupInstance (0ms)
			ReleaseScriptingObjects (0ms)
			CreateAndSetChildDomain (36ms)
		EndReloadAssembly (1141ms)
			LoadAssemblies (44ms)
			RebuildTransferFunctionScriptingTraits (0ms)
			SetupTypeCache (200ms)
			ReleaseScriptCaches (1ms)
			RebuildScriptCaches (35ms)
			SetupLoadedEditorAssemblies (706ms)
				LogAssemblyErrors (0ms)
				InitializePlatformSupportModulesInManaged (8ms)
				SetLoadedEditorAssemblies (0ms)
				RefreshPlugins (1ms)
				BeforeProcessingInitializeOnLoad (43ms)
				ProcessInitializeOnLoadAttributes (626ms)
				ProcessInitializeOnLoadMethodAttributes (24ms)
				AfterProcessingInitializeOnLoad (3ms)
				EditorAssembliesLoaded (0ms)
			ExecutionOrderSort2 (0ms)
			AwakeInstancesAfterBackupRestoration (3ms)
Platform modules already initialized, skipping
Refreshing native plugins compatible for Editor in 0,98 ms, found 2 plugins.
Preloading 0 native plugins for Editor in 0,00 ms.
Unloading 3980 Unused Serialized files (Serialized files now loaded: 0)
Unloading 55 unused Assets / (46,9 KB). Loaded Objects now: 4603.
Memory consumption went from 137,9 MB to 137,9 MB.
Total: 17,220248 ms (FindLiveObjects: 0,361063 ms CreateObjectMapping: 0,159162 ms MarkObjects: 16,562784 ms  DeleteObjects: 0,135976 ms)

AssetImportParameters requested are different than current active one (requested -> active):
  custom:video-decoder-ogg-theora: a1e56fd34408186e4bbccfd4996cb3dc -> 
  custom:container-muxer-webm: aa71ff27fc2769a1b78a27578f13a17b -> 
  custom:container-demuxer-webm: 4f35f7cbe854078d1ac9338744f61a02 -> 
  custom:video-encoder-webm-vp8: eb34c28f22e8b96e1ab97ce403110664 -> 
  custom:CustomObjectIndexerAttribute: bc11b3a6c3213fcdd17b65e7da85e133 -> 
  custom:audio-encoder-webm-vorbis: bf7c407c2cedff20999df2af8eb42d56 -> 
  custom:SearchIndexIgnoredProperties: e643bd26f0fe6173181afceb89e7c659 -> 
  custom:container-demuxer-ogg: 62fdf1f143b41e24485cea50d1cbac27 -> 
  custom:video-decoder-webm-vp8: 9c59270c3fd7afecdb556c50c9e8de78 -> 
  custom:audio-decoder-ogg-vorbis: bf7c407c2cedff20999df2af8eb42d56 -> 
========================================================================
Received Prepare
Registering precompiled user dll's ...
Registered in 0,001812 seconds.
Begin MonoManager ReloadAssembly
Native extension for LinuxStandalone target not found
Refreshing native plugins compatible for Editor in 1,16 ms, found 2 plugins.
Preloading 0 native plugins for Editor in 0,00 ms.
[Package Manager] Server::EnsureServerProcessIsRunning -- launch failed, reason: Unity was launched with the -noUpm command-line argument
[Package Manager] Cannot connect to Unity Package Manager local server
System.Exception: Error! Visual Scripting: couldn't find visual scripting package
  at Unity.VisualScripting.PackageVersionUtility.get_version () [0x00043] in /home/hmcelik/Desktop/My project/Library/PackageCache/com.unity.visualscripting@1.9.4/Editor/VisualScripting.Core/Utilities/PackageVersionUtility.cs:31 
  at Unity.VisualScripting.BoltCoreManifest.get_version () [0x00000] in /home/hmcelik/Desktop/My project/Library/PackageCache/com.unity.visualscripting@1.9.4/Editor/VisualScripting.Core/Plugin/BoltCoreManifest.cs:11 
  at Unity.VisualScripting.PluginManifest.get_currentVersion () [0x00000] in /home/hmcelik/Desktop/My project/Library/PackageCache/com.unity.visualscripting@1.9.4/Editor/VisualScripting.Core/Plugins/PluginManifest.cs:33 
  at Unity.VisualScripting.PluginManifest.get_versionMismatch () [0x00000] in /home/hmcelik/Desktop/My project/Library/PackageCache/com.unity.visualscripting@1.9.4/Editor/VisualScripting.Core/Plugins/PluginManifest.cs:48 
  at Unity.VisualScripting.PluginContainer.Initialize () [0x00525] in /home/hmcelik/Desktop/My project/Library/PackageCache/com.unity.visualscripting@1.9.4/Editor/VisualScripting.Core/Plugins/PluginContainer.cs:208 
  at Unity.VisualScripting.PluginContainer.InitializeOnLoad () [0x00009] in /home/hmcelik/Desktop/My project/Library/PackageCache/com.unity.visualscripting@1.9.4/Editor/VisualScripting.Core/Plugins/PluginContainer.cs:32 
  at Unity.VisualScripting.VSUsageUtility.DoInitializeOnLoadCalls () [0x00034] in /home/hmcelik/Desktop/My project/Library/PackageCache/com.unity.visualscripting@1.9.4/Editor/VisualScripting.Core/Utilities/VSUsageUtility.cs:76 
  at Unity.VisualScripting.VSUsageUtility.set_isVisualScriptingUsed (System.Boolean value) [0x0002c] in /home/hmcelik/Desktop/My project/Library/PackageCache/com.unity.visualscripting@1.9.4/Editor/VisualScripting.Core/Utilities/VSUsageUtility.cs:114 
  at Unity.VisualScripting.VSUsageUtility.CheckAndSetIsVisualScriptingUsed () [0x0000d] in /home/hmcelik/Desktop/My project/Library/PackageCache/com.unity.visualscripting@1.9.4/Editor/VisualScripting.Core/Utilities/VSUsageUtility.cs:33 
  at Unity.VisualScripting.VSUsageUtility..cctor () [0x00000] in /home/hmcelik/Desktop/My project/Library/PackageCache/com.unity.visualscripting@1.9.4/Editor/VisualScripting.Core/Utilities/VSUsageUtility.cs:22 
UnityEngine.StackTraceUtility:ExtractStackTrace () (at /home/bokken/build/output/unity/unity/Runtime/Export/Scripting/StackTrace.cs:37)
UnityEngine.DebugLogHandler:LogFormat (UnityEngine.LogType,UnityEngine.Object,string,object[])
UnityEngine.Logger:Log (UnityEngine.LogType,object)
UnityEngine.Debug:LogError (object)
UnityEditor.EditorAssemblies:ProcessInitializeOnLoadAttributes (System.Type[]) (at /home/bokken/build/output/unity/unity/Editor/Mono/EditorAssemblies.cs:134)

(Filename: /home/bokken/build/output/unity/unity/Editor/Mono/EditorAssemblies.cs Line: 134)

Mono: successfully reloaded assembly
- Completed reload, in  1,316 seconds
Domain Reload Profiling:
	ReloadAssembly (1317ms)
		BeginReloadAssembly (113ms)
			ExecutionOrderSort (0ms)
			DisableScriptedObjects (4ms)
			BackupInstance (0ms)
			ReleaseScriptingObjects (0ms)
			CreateAndSetChildDomain (40ms)
		EndReloadAssembly (1139ms)
			LoadAssemblies (43ms)
			RebuildTransferFunctionScriptingTraits (0ms)
			SetupTypeCache (203ms)
			ReleaseScriptCaches (1ms)
			RebuildScriptCaches (34ms)
			SetupLoadedEditorAssemblies (701ms)
				LogAssemblyErrors (0ms)
				InitializePlatformSupportModulesInManaged (9ms)
				SetLoadedEditorAssemblies (0ms)
				RefreshPlugins (1ms)
				BeforeProcessingInitializeOnLoad (42ms)
				ProcessInitializeOnLoadAttributes (620ms)
				ProcessInitializeOnLoadMethodAttributes (24ms)
				AfterProcessingInitializeOnLoad (3ms)
				EditorAssembliesLoaded (0ms)
			ExecutionOrderSort2 (0ms)
			AwakeInstancesAfterBackupRestoration (3ms)
Platform modules already initialized, skipping
Refreshing native plugins compatible for Editor in 0,79 ms, found 2 plugins.
Preloading 0 native plugins for Editor in 0,00 ms.
Unloading 3980 Unused Serialized files (Serialized files now loaded: 0)
Unloading 55 unused Assets / (56,0 KB). Loaded Objects now: 4607.
Memory consumption went from 138,0 MB to 137,9 MB.
Total: 10,193879 ms (FindLiveObjects: 0,211284 ms CreateObjectMapping: 0,080677 ms MarkObjects: 9,814673 ms  DeleteObjects: 0,086405 ms)

AssetImportParameters requested are different than current active one (requested -> active):
  custom:video-decoder-ogg-theora: a1e56fd34408186e4bbccfd4996cb3dc -> 
  custom:container-muxer-webm: aa71ff27fc2769a1b78a27578f13a17b -> 
  custom:container-demuxer-webm: 4f35f7cbe854078d1ac9338744f61a02 -> 
  custom:video-encoder-webm-vp8: eb34c28f22e8b96e1ab97ce403110664 -> 
  custom:CustomObjectIndexerAttribute: bc11b3a6c3213fcdd17b65e7da85e133 -> 
  custom:audio-encoder-webm-vorbis: bf7c407c2cedff20999df2af8eb42d56 -> 
  custom:SearchIndexIgnoredProperties: e643bd26f0fe6173181afceb89e7c659 -> 
  custom:container-demuxer-ogg: 62fdf1f143b41e24485cea50d1cbac27 -> 
  custom:video-decoder-webm-vp8: 9c59270c3fd7afecdb556c50c9e8de78 -> 
  custom:audio-decoder-ogg-vorbis: bf7c407c2cedff20999df2af8eb42d56 -> 
========================================================================
Received Prepare
Registering precompiled user dll's ...
Registered in 0,001837 seconds.
Begin MonoManager ReloadAssembly
Native extension for LinuxStandalone target not found
Refreshing native plugins compatible for Editor in 0,70 ms, found 2 plugins.
Preloading 0 native plugins for Editor in 0,00 ms.
[Package Manager] Server::EnsureServerProcessIsRunning -- launch failed, reason: Unity was launched with the -noUpm command-line argument
[Package Manager] Cannot connect to Unity Package Manager local server
System.Exception: Error! Visual Scripting: couldn't find visual scripting package
  at Unity.VisualScripting.PackageVersionUtility.get_version () [0x00043] in /home/hmcelik/Desktop/My project/Library/PackageCache/com.unity.visualscripting@1.9.4/Editor/VisualScripting.Core/Utilities/PackageVersionUtility.cs:31 
  at Unity.VisualScripting.BoltCoreManifest.get_version () [0x00000] in /home/hmcelik/Desktop/My project/Library/PackageCache/com.unity.visualscripting@1.9.4/Editor/VisualScripting.Core/Plugin/BoltCoreManifest.cs:11 
  at Unity.VisualScripting.PluginManifest.get_currentVersion () [0x00000] in /home/hmcelik/Desktop/My project/Library/PackageCache/com.unity.visualscripting@1.9.4/Editor/VisualScripting.Core/Plugins/PluginManifest.cs:33 
  at Unity.VisualScripting.PluginManifest.get_versionMismatch () [0x00000] in /home/hmcelik/Desktop/My project/Library/PackageCache/com.unity.visualscripting@1.9.4/Editor/VisualScripting.Core/Plugins/PluginManifest.cs:48 
  at Unity.VisualScripting.PluginContainer.Initialize () [0x00525] in /home/hmcelik/Desktop/My project/Library/PackageCache/com.unity.visualscripting@1.9.4/Editor/VisualScripting.Core/Plugins/PluginContainer.cs:208 
  at Unity.VisualScripting.PluginContainer.InitializeOnLoad () [0x00009] in /home/hmcelik/Desktop/My project/Library/PackageCache/com.unity.visualscripting@1.9.4/Editor/VisualScripting.Core/Plugins/PluginContainer.cs:32 
  at Unity.VisualScripting.VSUsageUtility.DoInitializeOnLoadCalls () [0x00034] in /home/hmcelik/Desktop/My project/Library/PackageCache/com.unity.visualscripting@1.9.4/Editor/VisualScripting.Core/Utilities/VSUsageUtility.cs:76 
  at Unity.VisualScripting.VSUsageUtility.set_isVisualScriptingUsed (System.Boolean value) [0x0002c] in /home/hmcelik/Desktop/My project/Library/PackageCache/com.unity.visualscripting@1.9.4/Editor/VisualScripting.Core/Utilities/VSUsageUtility.cs:114 
  at Unity.VisualScripting.VSUsageUtility.CheckAndSetIsVisualScriptingUsed () [0x0000d] in /home/hmcelik/Desktop/My project/Library/PackageCache/com.unity.visualscripting@1.9.4/Editor/VisualScripting.Core/Utilities/VSUsageUtility.cs:33 
  at Unity.VisualScripting.VSUsageUtility..cctor () [0x00000] in /home/hmcelik/Desktop/My project/Library/PackageCache/com.unity.visualscripting@1.9.4/Editor/VisualScripting.Core/Utilities/VSUsageUtility.cs:22 
UnityEngine.StackTraceUtility:ExtractStackTrace () (at /home/bokken/build/output/unity/unity/Runtime/Export/Scripting/StackTrace.cs:37)
UnityEngine.DebugLogHandler:LogFormat (UnityEngine.LogType,UnityEngine.Object,string,object[])
UnityEngine.Logger:Log (UnityEngine.LogType,object)
UnityEngine.Debug:LogError (object)
UnityEditor.EditorAssemblies:ProcessInitializeOnLoadAttributes (System.Type[]) (at /home/bokken/build/output/unity/unity/Editor/Mono/EditorAssemblies.cs:134)

(Filename: /home/bokken/build/output/unity/unity/Editor/Mono/EditorAssemblies.cs Line: 134)

Mono: successfully reloaded assembly
- Completed reload, in  1,334 seconds
Domain Reload Profiling:
	ReloadAssembly (1335ms)
		BeginReloadAssembly (113ms)
			ExecutionOrderSort (0ms)
			DisableScriptedObjects (4ms)
			BackupInstance (0ms)
			ReleaseScriptingObjects (0ms)
			CreateAndSetChildDomain (40ms)
		EndReloadAssembly (1149ms)
			LoadAssemblies (43ms)
			RebuildTransferFunctionScriptingTraits (0ms)
			SetupTypeCache (204ms)
			ReleaseScriptCaches (1ms)
			RebuildScriptCaches (32ms)
			SetupLoadedEditorAssemblies (704ms)
				LogAssemblyErrors (0ms)
				InitializePlatformSupportModulesInManaged (9ms)
				SetLoadedEditorAssemblies (0ms)
				RefreshPlugins (1ms)
				BeforeProcessingInitializeOnLoad (41ms)
				ProcessInitializeOnLoadAttributes (624ms)
				ProcessInitializeOnLoadMethodAttributes (25ms)
				AfterProcessingInitializeOnLoad (3ms)
				EditorAssembliesLoaded (0ms)
			ExecutionOrderSort2 (0ms)
			AwakeInstancesAfterBackupRestoration (3ms)
Platform modules already initialized, skipping
Refreshing native plugins compatible for Editor in 0,71 ms, found 2 plugins.
Preloading 0 native plugins for Editor in 0,00 ms.
Unloading 3980 Unused Serialized files (Serialized files now loaded: 0)
Unloading 55 unused Assets / (56,0 KB). Loaded Objects now: 4611.
Memory consumption went from 138,0 MB to 137,9 MB.
Total: 24,776182 ms (FindLiveObjects: 0,245396 ms CreateObjectMapping: 0,123271 ms MarkObjects: 24,304363 ms  DeleteObjects: 0,101875 ms)

AssetImportParameters requested are different than current active one (requested -> active):
  custom:video-decoder-ogg-theora: a1e56fd34408186e4bbccfd4996cb3dc -> 
  custom:container-muxer-webm: aa71ff27fc2769a1b78a27578f13a17b -> 
  custom:container-demuxer-webm: 4f35f7cbe854078d1ac9338744f61a02 -> 
  custom:video-encoder-webm-vp8: eb34c28f22e8b96e1ab97ce403110664 -> 
  custom:CustomObjectIndexerAttribute: bc11b3a6c3213fcdd17b65e7da85e133 -> 
  custom:audio-encoder-webm-vorbis: bf7c407c2cedff20999df2af8eb42d56 -> 
  custom:SearchIndexIgnoredProperties: e643bd26f0fe6173181afceb89e7c659 -> 
  custom:container-demuxer-ogg: 62fdf1f143b41e24485cea50d1cbac27 -> 
  custom:video-decoder-webm-vp8: 9c59270c3fd7afecdb556c50c9e8de78 -> 
  custom:audio-decoder-ogg-vorbis: bf7c407c2cedff20999df2af8eb42d56 -> 
========================================================================
Received Prepare
Registering precompiled user dll's ...
Registered in 0,002031 seconds.
Begin MonoManager ReloadAssembly
Native extension for LinuxStandalone target not found
Refreshing native plugins compatible for Editor in 0,91 ms, found 2 plugins.
Preloading 0 native plugins for Editor in 0,00 ms.
[Package Manager] Server::EnsureServerProcessIsRunning -- launch failed, reason: Unity was launched with the -noUpm command-line argument
[Package Manager] Cannot connect to Unity Package Manager local server
System.Exception: Error! Visual Scripting: couldn't find visual scripting package
  at Unity.VisualScripting.PackageVersionUtility.get_version () [0x00043] in /home/hmcelik/Desktop/My project/Library/PackageCache/com.unity.visualscripting@1.9.4/Editor/VisualScripting.Core/Utilities/PackageVersionUtility.cs:31 
  at Unity.VisualScripting.BoltCoreManifest.get_version () [0x00000] in /home/hmcelik/Desktop/My project/Library/PackageCache/com.unity.visualscripting@1.9.4/Editor/VisualScripting.Core/Plugin/BoltCoreManifest.cs:11 
  at Unity.VisualScripting.PluginManifest.get_currentVersion () [0x00000] in /home/hmcelik/Desktop/My project/Library/PackageCache/com.unity.visualscripting@1.9.4/Editor/VisualScripting.Core/Plugins/PluginManifest.cs:33 
  at Unity.VisualScripting.PluginManifest.get_versionMismatch () [0x00000] in /home/hmcelik/Desktop/My project/Library/PackageCache/com.unity.visualscripting@1.9.4/Editor/VisualScripting.Core/Plugins/PluginManifest.cs:48 
  at Unity.VisualScripting.PluginContainer.Initialize () [0x00525] in /home/hmcelik/Desktop/My project/Library/PackageCache/com.unity.visualscripting@1.9.4/Editor/VisualScripting.Core/Plugins/PluginContainer.cs:208 
  at Unity.VisualScripting.PluginContainer.InitializeOnLoad () [0x00009] in /home/hmcelik/Desktop/My project/Library/PackageCache/com.unity.visualscripting@1.9.4/Editor/VisualScripting.Core/Plugins/PluginContainer.cs:32 
  at Unity.VisualScripting.VSUsageUtility.DoInitializeOnLoadCalls () [0x00034] in /home/hmcelik/Desktop/My project/Library/PackageCache/com.unity.visualscripting@1.9.4/Editor/VisualScripting.Core/Utilities/VSUsageUtility.cs:76 
  at Unity.VisualScripting.VSUsageUtility.set_isVisualScriptingUsed (System.Boolean value) [0x0002c] in /home/hmcelik/Desktop/My project/Library/PackageCache/com.unity.visualscripting@1.9.4/Editor/VisualScripting.Core/Utilities/VSUsageUtility.cs:114 
  at Unity.VisualScripting.VSUsageUtility.CheckAndSetIsVisualScriptingUsed () [0x0000d] in /home/hmcelik/Desktop/My project/Library/PackageCache/com.unity.visualscripting@1.9.4/Editor/VisualScripting.Core/Utilities/VSUsageUtility.cs:33 
  at Unity.VisualScripting.VSUsageUtility..cctor () [0x00000] in /home/hmcelik/Desktop/My project/Library/PackageCache/com.unity.visualscripting@1.9.4/Editor/VisualScripting.Core/Utilities/VSUsageUtility.cs:22 
UnityEngine.StackTraceUtility:ExtractStackTrace () (at /home/bokken/build/output/unity/unity/Runtime/Export/Scripting/StackTrace.cs:37)
UnityEngine.DebugLogHandler:LogFormat (UnityEngine.LogType,UnityEngine.Object,string,object[])
UnityEngine.Logger:Log (UnityEngine.LogType,object)
UnityEngine.Debug:LogError (object)
UnityEditor.EditorAssemblies:ProcessInitializeOnLoadAttributes (System.Type[]) (at /home/bokken/build/output/unity/unity/Editor/Mono/EditorAssemblies.cs:134)

(Filename: /home/bokken/build/output/unity/unity/Editor/Mono/EditorAssemblies.cs Line: 134)

Mono: successfully reloaded assembly
- Completed reload, in  1,356 seconds
Domain Reload Profiling:
	ReloadAssembly (1357ms)
		BeginReloadAssembly (111ms)
			ExecutionOrderSort (0ms)
			DisableScriptedObjects (4ms)
			BackupInstance (0ms)
			ReleaseScriptingObjects (0ms)
			CreateAndSetChildDomain (39ms)
		EndReloadAssembly (1179ms)
			LoadAssemblies (41ms)
			RebuildTransferFunctionScriptingTraits (0ms)
			SetupTypeCache (203ms)
			ReleaseScriptCaches (1ms)
			RebuildScriptCaches (33ms)
			SetupLoadedEditorAssemblies (714ms)
				LogAssemblyErrors (0ms)
				InitializePlatformSupportModulesInManaged (11ms)
				SetLoadedEditorAssemblies (0ms)
				RefreshPlugins (1ms)
				BeforeProcessingInitializeOnLoad (46ms)
				ProcessInitializeOnLoadAttributes (626ms)
				ProcessInitializeOnLoadMethodAttributes (25ms)
				AfterProcessingInitializeOnLoad (3ms)
				EditorAssembliesLoaded (0ms)
			ExecutionOrderSort2 (0ms)
			AwakeInstancesAfterBackupRestoration (3ms)
Platform modules already initialized, skipping
Refreshing native plugins compatible for Editor in 0,77 ms, found 2 plugins.
Preloading 0 native plugins for Editor in 0,00 ms.
Unloading 3980 Unused Serialized files (Serialized files now loaded: 0)
Unloading 55 unused Assets / (51,3 KB). Loaded Objects now: 4615.
Memory consumption went from 138,0 MB to 137,9 MB.
Total: 10,157086 ms (FindLiveObjects: 0,225816 ms CreateObjectMapping: 0,110228 ms MarkObjects: 9,725803 ms  DeleteObjects: 0,094133 ms)

AssetImportParameters requested are different than current active one (requested -> active):
  custom:video-decoder-ogg-theora: a1e56fd34408186e4bbccfd4996cb3dc -> 
  custom:container-muxer-webm: aa71ff27fc2769a1b78a27578f13a17b -> 
  custom:container-demuxer-webm: 4f35f7cbe854078d1ac9338744f61a02 -> 
  custom:video-encoder-webm-vp8: eb34c28f22e8b96e1ab97ce403110664 -> 
  custom:CustomObjectIndexerAttribute: bc11b3a6c3213fcdd17b65e7da85e133 -> 
  custom:audio-encoder-webm-vorbis: bf7c407c2cedff20999df2af8eb42d56 -> 
  custom:SearchIndexIgnoredProperties: e643bd26f0fe6173181afceb89e7c659 -> 
  custom:container-demuxer-ogg: 62fdf1f143b41e24485cea50d1cbac27 -> 
  custom:video-decoder-webm-vp8: 9c59270c3fd7afecdb556c50c9e8de78 -> 
  custom:audio-decoder-ogg-vorbis: bf7c407c2cedff20999df2af8eb42d56 -> 
========================================================================
Received Prepare
Registering precompiled user dll's ...
Registered in 0,001840 seconds.
Begin MonoManager ReloadAssembly
Native extension for LinuxStandalone target not found
Refreshing native plugins compatible for Editor in 0,72 ms, found 2 plugins.
Preloading 0 native plugins for Editor in 0,00 ms.
[Package Manager] Server::EnsureServerProcessIsRunning -- launch failed, reason: Unity was launched with the -noUpm command-line argument
[Package Manager] Cannot connect to Unity Package Manager local server
System.Exception: Error! Visual Scripting: couldn't find visual scripting package
  at Unity.VisualScripting.PackageVersionUtility.get_version () [0x00043] in /home/hmcelik/Desktop/My project/Library/PackageCache/com.unity.visualscripting@1.9.4/Editor/VisualScripting.Core/Utilities/PackageVersionUtility.cs:31 
  at Unity.VisualScripting.BoltCoreManifest.get_version () [0x00000] in /home/hmcelik/Desktop/My project/Library/PackageCache/com.unity.visualscripting@1.9.4/Editor/VisualScripting.Core/Plugin/BoltCoreManifest.cs:11 
  at Unity.VisualScripting.PluginManifest.get_currentVersion () [0x00000] in /home/hmcelik/Desktop/My project/Library/PackageCache/com.unity.visualscripting@1.9.4/Editor/VisualScripting.Core/Plugins/PluginManifest.cs:33 
  at Unity.VisualScripting.PluginManifest.get_versionMismatch () [0x00000] in /home/hmcelik/Desktop/My project/Library/PackageCache/com.unity.visualscripting@1.9.4/Editor/VisualScripting.Core/Plugins/PluginManifest.cs:48 
  at Unity.VisualScripting.PluginContainer.Initialize () [0x00525] in /home/hmcelik/Desktop/My project/Library/PackageCache/com.unity.visualscripting@1.9.4/Editor/VisualScripting.Core/Plugins/PluginContainer.cs:208 
  at Unity.VisualScripting.PluginContainer.InitializeOnLoad () [0x00009] in /home/hmcelik/Desktop/My project/Library/PackageCache/com.unity.visualscripting@1.9.4/Editor/VisualScripting.Core/Plugins/PluginContainer.cs:32 
  at Unity.VisualScripting.VSUsageUtility.DoInitializeOnLoadCalls () [0x00034] in /home/hmcelik/Desktop/My project/Library/PackageCache/com.unity.visualscripting@1.9.4/Editor/VisualScripting.Core/Utilities/VSUsageUtility.cs:76 
  at Unity.VisualScripting.VSUsageUtility.set_isVisualScriptingUsed (System.Boolean value) [0x0002c] in /home/hmcelik/Desktop/My project/Library/PackageCache/com.unity.visualscripting@1.9.4/Editor/VisualScripting.Core/Utilities/VSUsageUtility.cs:114 
  at Unity.VisualScripting.VSUsageUtility.CheckAndSetIsVisualScriptingUsed () [0x0000d] in /home/hmcelik/Desktop/My project/Library/PackageCache/com.unity.visualscripting@1.9.4/Editor/VisualScripting.Core/Utilities/VSUsageUtility.cs:33 
  at Unity.VisualScripting.VSUsageUtility..cctor () [0x00000] in /home/hmcelik/Desktop/My project/Library/PackageCache/com.unity.visualscripting@1.9.4/Editor/VisualScripting.Core/Utilities/VSUsageUtility.cs:22 
UnityEngine.StackTraceUtility:ExtractStackTrace () (at /home/bokken/build/output/unity/unity/Runtime/Export/Scripting/StackTrace.cs:37)
UnityEngine.DebugLogHandler:LogFormat (UnityEngine.LogType,UnityEngine.Object,string,object[])
UnityEngine.Logger:Log (UnityEngine.LogType,object)
UnityEngine.Debug:LogError (object)
UnityEditor.EditorAssemblies:ProcessInitializeOnLoadAttributes (System.Type[]) (at /home/bokken/build/output/unity/unity/Editor/Mono/EditorAssemblies.cs:134)

(Filename: /home/bokken/build/output/unity/unity/Editor/Mono/EditorAssemblies.cs Line: 134)

Mono: successfully reloaded assembly
- Completed reload, in  1,342 seconds
Domain Reload Profiling:
	ReloadAssembly (1342ms)
		BeginReloadAssembly (119ms)
			ExecutionOrderSort (0ms)
			DisableScriptedObjects (4ms)
			BackupInstance (0ms)
			ReleaseScriptingObjects (0ms)
			CreateAndSetChildDomain (43ms)
		EndReloadAssembly (1158ms)
			LoadAssemblies (42ms)
			RebuildTransferFunctionScriptingTraits (0ms)
			SetupTypeCache (207ms)
			ReleaseScriptCaches (1ms)
			RebuildScriptCaches (30ms)
			SetupLoadedEditorAssemblies (718ms)
				LogAssemblyErrors (0ms)
				InitializePlatformSupportModulesInManaged (9ms)
				SetLoadedEditorAssemblies (0ms)
				RefreshPlugins (1ms)
				BeforeProcessingInitializeOnLoad (42ms)
				ProcessInitializeOnLoadAttributes (639ms)
				ProcessInitializeOnLoadMethodAttributes (24ms)
				AfterProcessingInitializeOnLoad (3ms)
				EditorAssembliesLoaded (0ms)
			ExecutionOrderSort2 (0ms)
			AwakeInstancesAfterBackupRestoration (3ms)
Platform modules already initialized, skipping
Refreshing native plugins compatible for Editor in 0,93 ms, found 2 plugins.
Preloading 0 native plugins for Editor in 0,00 ms.
Unloading 3980 Unused Serialized files (Serialized files now loaded: 0)
Unloading 55 unused Assets / (56,1 KB). Loaded Objects now: 4619.
Memory consumption went from 138,0 MB to 137,9 MB.
Total: 19,104179 ms (FindLiveObjects: 0,238528 ms CreateObjectMapping: 0,107057 ms MarkObjects: 18,639601 ms  DeleteObjects: 0,117762 ms)

AssetImportParameters requested are different than current active one (requested -> active):
  custom:video-decoder-ogg-theora: a1e56fd34408186e4bbccfd4996cb3dc -> 
  custom:container-muxer-webm: aa71ff27fc2769a1b78a27578f13a17b -> 
  custom:container-demuxer-webm: 4f35f7cbe854078d1ac9338744f61a02 -> 
  custom:video-encoder-webm-vp8: eb34c28f22e8b96e1ab97ce403110664 -> 
  custom:CustomObjectIndexerAttribute: bc11b3a6c3213fcdd17b65e7da85e133 -> 
  custom:audio-encoder-webm-vorbis: bf7c407c2cedff20999df2af8eb42d56 -> 
  custom:SearchIndexIgnoredProperties: e643bd26f0fe6173181afceb89e7c659 -> 
  custom:container-demuxer-ogg: 62fdf1f143b41e24485cea50d1cbac27 -> 
  custom:video-decoder-webm-vp8: 9c59270c3fd7afecdb556c50c9e8de78 -> 
  custom:audio-decoder-ogg-vorbis: bf7c407c2cedff20999df2af8eb42d56 -> 
========================================================================
Received Prepare
Registering precompiled user dll's ...
Registered in 0,001922 seconds.
Begin MonoManager ReloadAssembly
Native extension for LinuxStandalone target not found
Refreshing native plugins compatible for Editor in 0,66 ms, found 2 plugins.
Preloading 0 native plugins for Editor in 0,00 ms.
[Package Manager] Server::EnsureServerProcessIsRunning -- launch failed, reason: Unity was launched with the -noUpm command-line argument
[Package Manager] Cannot connect to Unity Package Manager local server
System.Exception: Error! Visual Scripting: couldn't find visual scripting package
  at Unity.VisualScripting.PackageVersionUtility.get_version () [0x00043] in /home/hmcelik/Desktop/My project/Library/PackageCache/com.unity.visualscripting@1.9.4/Editor/VisualScripting.Core/Utilities/PackageVersionUtility.cs:31 
  at Unity.VisualScripting.BoltCoreManifest.get_version () [0x00000] in /home/hmcelik/Desktop/My project/Library/PackageCache/com.unity.visualscripting@1.9.4/Editor/VisualScripting.Core/Plugin/BoltCoreManifest.cs:11 
  at Unity.VisualScripting.PluginManifest.get_currentVersion () [0x00000] in /home/hmcelik/Desktop/My project/Library/PackageCache/com.unity.visualscripting@1.9.4/Editor/VisualScripting.Core/Plugins/PluginManifest.cs:33 
  at Unity.VisualScripting.PluginManifest.get_versionMismatch () [0x00000] in /home/hmcelik/Desktop/My project/Library/PackageCache/com.unity.visualscripting@1.9.4/Editor/VisualScripting.Core/Plugins/PluginManifest.cs:48 
  at Unity.VisualScripting.PluginContainer.Initialize () [0x00525] in /home/hmcelik/Desktop/My project/Library/PackageCache/com.unity.visualscripting@1.9.4/Editor/VisualScripting.Core/Plugins/PluginContainer.cs:208 
  at Unity.VisualScripting.PluginContainer.InitializeOnLoad () [0x00009] in /home/hmcelik/Desktop/My project/Library/PackageCache/com.unity.visualscripting@1.9.4/Editor/VisualScripting.Core/Plugins/PluginContainer.cs:32 
  at Unity.VisualScripting.VSUsageUtility.DoInitializeOnLoadCalls () [0x00034] in /home/hmcelik/Desktop/My project/Library/PackageCache/com.unity.visualscripting@1.9.4/Editor/VisualScripting.Core/Utilities/VSUsageUtility.cs:76 
  at Unity.VisualScripting.VSUsageUtility.set_isVisualScriptingUsed (System.Boolean value) [0x0002c] in /home/hmcelik/Desktop/My project/Library/PackageCache/com.unity.visualscripting@1.9.4/Editor/VisualScripting.Core/Utilities/VSUsageUtility.cs:114 
  at Unity.VisualScripting.VSUsageUtility.CheckAndSetIsVisualScriptingUsed () [0x0000d] in /home/hmcelik/Desktop/My project/Library/PackageCache/com.unity.visualscripting@1.9.4/Editor/VisualScripting.Core/Utilities/VSUsageUtility.cs:33 
  at Unity.VisualScripting.VSUsageUtility..cctor () [0x00000] in /home/hmcelik/Desktop/My project/Library/PackageCache/com.unity.visualscripting@1.9.4/Editor/VisualScripting.Core/Utilities/VSUsageUtility.cs:22 
UnityEngine.StackTraceUtility:ExtractStackTrace () (at /home/bokken/build/output/unity/unity/Runtime/Export/Scripting/StackTrace.cs:37)
UnityEngine.DebugLogHandler:LogFormat (UnityEngine.LogType,UnityEngine.Object,string,object[])
UnityEngine.Logger:Log (UnityEngine.LogType,object)
UnityEngine.Debug:LogError (object)
UnityEditor.EditorAssemblies:ProcessInitializeOnLoadAttributes (System.Type[]) (at /home/bokken/build/output/unity/unity/Editor/Mono/EditorAssemblies.cs:134)

(Filename: /home/bokken/build/output/unity/unity/Editor/Mono/EditorAssemblies.cs Line: 134)

Mono: successfully reloaded assembly
- Completed reload, in  1,353 seconds
Domain Reload Profiling:
	ReloadAssembly (1353ms)
		BeginReloadAssembly (112ms)
			ExecutionOrderSort (0ms)
			DisableScriptedObjects (4ms)
			BackupInstance (0ms)
			ReleaseScriptingObjects (0ms)
			CreateAndSetChildDomain (41ms)
		EndReloadAssembly (1174ms)
			LoadAssemblies (42ms)
			RebuildTransferFunctionScriptingTraits (0ms)
			SetupTypeCache (210ms)
			ReleaseScriptCaches (1ms)
			RebuildScriptCaches (31ms)
			SetupLoadedEditorAssemblies (724ms)
				LogAssemblyErrors (0ms)
				InitializePlatformSupportModulesInManaged (9ms)
				SetLoadedEditorAssemblies (0ms)
				RefreshPlugins (1ms)
				BeforeProcessingInitializeOnLoad (42ms)
				ProcessInitializeOnLoadAttributes (646ms)
				ProcessInitializeOnLoadMethodAttributes (25ms)
				AfterProcessingInitializeOnLoad (3ms)
				EditorAssembliesLoaded (0ms)
			ExecutionOrderSort2 (0ms)
			AwakeInstancesAfterBackupRestoration (4ms)
Platform modules already initialized, skipping
Refreshing native plugins compatible for Editor in 0,74 ms, found 2 plugins.
Preloading 0 native plugins for Editor in 0,00 ms.
Unloading 3980 Unused Serialized files (Serialized files now loaded: 0)
Unloading 55 unused Assets / (56,0 KB). Loaded Objects now: 4623.
Memory consumption went from 138,0 MB to 138,0 MB.
Total: 12,427542 ms (FindLiveObjects: 0,249672 ms CreateObjectMapping: 0,144673 ms MarkObjects: 11,938020 ms  DeleteObjects: 0,093917 ms)

AssetImportParameters requested are different than current active one (requested -> active):
  custom:video-decoder-ogg-theora: a1e56fd34408186e4bbccfd4996cb3dc -> 
  custom:container-muxer-webm: aa71ff27fc2769a1b78a27578f13a17b -> 
  custom:container-demuxer-webm: 4f35f7cbe854078d1ac9338744f61a02 -> 
  custom:video-encoder-webm-vp8: eb34c28f22e8b96e1ab97ce403110664 -> 
  custom:CustomObjectIndexerAttribute: bc11b3a6c3213fcdd17b65e7da85e133 -> 
  custom:audio-encoder-webm-vorbis: bf7c407c2cedff20999df2af8eb42d56 -> 
  custom:SearchIndexIgnoredProperties: e643bd26f0fe6173181afceb89e7c659 -> 
  custom:container-demuxer-ogg: 62fdf1f143b41e24485cea50d1cbac27 -> 
  custom:video-decoder-webm-vp8: 9c59270c3fd7afecdb556c50c9e8de78 -> 
  custom:audio-decoder-ogg-vorbis: bf7c407c2cedff20999df2af8eb42d56 -> 
========================================================================
Received Prepare
Registering precompiled user dll's ...
Registered in 0,002070 seconds.
Begin MonoManager ReloadAssembly
Native extension for LinuxStandalone target not found
Refreshing native plugins compatible for Editor in 0,69 ms, found 2 plugins.
Preloading 0 native plugins for Editor in 0,00 ms.
[Package Manager] Server::EnsureServerProcessIsRunning -- launch failed, reason: Unity was launched with the -noUpm command-line argument
[Package Manager] Cannot connect to Unity Package Manager local server
System.Exception: Error! Visual Scripting: couldn't find visual scripting package
  at Unity.VisualScripting.PackageVersionUtility.get_version () [0x00043] in /home/hmcelik/Desktop/My project/Library/PackageCache/com.unity.visualscripting@1.9.4/Editor/VisualScripting.Core/Utilities/PackageVersionUtility.cs:31 
  at Unity.VisualScripting.BoltCoreManifest.get_version () [0x00000] in /home/hmcelik/Desktop/My project/Library/PackageCache/com.unity.visualscripting@1.9.4/Editor/VisualScripting.Core/Plugin/BoltCoreManifest.cs:11 
  at Unity.VisualScripting.PluginManifest.get_currentVersion () [0x00000] in /home/hmcelik/Desktop/My project/Library/PackageCache/com.unity.visualscripting@1.9.4/Editor/VisualScripting.Core/Plugins/PluginManifest.cs:33 
  at Unity.VisualScripting.PluginManifest.get_versionMismatch () [0x00000] in /home/hmcelik/Desktop/My project/Library/PackageCache/com.unity.visualscripting@1.9.4/Editor/VisualScripting.Core/Plugins/PluginManifest.cs:48 
  at Unity.VisualScripting.PluginContainer.Initialize () [0x00525] in /home/hmcelik/Desktop/My project/Library/PackageCache/com.unity.visualscripting@1.9.4/Editor/VisualScripting.Core/Plugins/PluginContainer.cs:208 
  at Unity.VisualScripting.PluginContainer.InitializeOnLoad () [0x00009] in /home/hmcelik/Desktop/My project/Library/PackageCache/com.unity.visualscripting@1.9.4/Editor/VisualScripting.Core/Plugins/PluginContainer.cs:32 
  at Unity.VisualScripting.VSUsageUtility.DoInitializeOnLoadCalls () [0x00034] in /home/hmcelik/Desktop/My project/Library/PackageCache/com.unity.visualscripting@1.9.4/Editor/VisualScripting.Core/Utilities/VSUsageUtility.cs:76 
  at Unity.VisualScripting.VSUsageUtility.set_isVisualScriptingUsed (System.Boolean value) [0x0002c] in /home/hmcelik/Desktop/My project/Library/PackageCache/com.unity.visualscripting@1.9.4/Editor/VisualScripting.Core/Utilities/VSUsageUtility.cs:114 
  at Unity.VisualScripting.VSUsageUtility.CheckAndSetIsVisualScriptingUsed () [0x0000d] in /home/hmcelik/Desktop/My project/Library/PackageCache/com.unity.visualscripting@1.9.4/Editor/VisualScripting.Core/Utilities/VSUsageUtility.cs:33 
  at Unity.VisualScripting.VSUsageUtility..cctor () [0x00000] in /home/hmcelik/Desktop/My project/Library/PackageCache/com.unity.visualscripting@1.9.4/Editor/VisualScripting.Core/Utilities/VSUsageUtility.cs:22 
UnityEngine.StackTraceUtility:ExtractStackTrace () (at /home/bokken/build/output/unity/unity/Runtime/Export/Scripting/StackTrace.cs:37)
UnityEngine.DebugLogHandler:LogFormat (UnityEngine.LogType,UnityEngine.Object,string,object[])
UnityEngine.Logger:Log (UnityEngine.LogType,object)
UnityEngine.Debug:LogError (object)
UnityEditor.EditorAssemblies:ProcessInitializeOnLoadAttributes (System.Type[]) (at /home/bokken/build/output/unity/unity/Editor/Mono/EditorAssemblies.cs:134)

(Filename: /home/bokken/build/output/unity/unity/Editor/Mono/EditorAssemblies.cs Line: 134)

Mono: successfully reloaded assembly
- Completed reload, in  1,362 seconds
Domain Reload Profiling:
	ReloadAssembly (1362ms)
		BeginReloadAssembly (115ms)
			ExecutionOrderSort (0ms)
			DisableScriptedObjects (4ms)
			BackupInstance (0ms)
			ReleaseScriptingObjects (0ms)
			CreateAndSetChildDomain (42ms)
		EndReloadAssembly (1182ms)
			LoadAssemblies (44ms)
			RebuildTransferFunctionScriptingTraits (0ms)
			SetupTypeCache (230ms)
			ReleaseScriptCaches (1ms)
			RebuildScriptCaches (30ms)
			SetupLoadedEditorAssemblies (711ms)
				LogAssemblyErrors (0ms)
				InitializePlatformSupportModulesInManaged (9ms)
				SetLoadedEditorAssemblies (0ms)
				RefreshPlugins (1ms)
				BeforeProcessingInitializeOnLoad (57ms)
				ProcessInitializeOnLoadAttributes (616ms)
				ProcessInitializeOnLoadMethodAttributes (25ms)
				AfterProcessingInitializeOnLoad (3ms)
				EditorAssembliesLoaded (0ms)
			ExecutionOrderSort2 (0ms)
			AwakeInstancesAfterBackupRestoration (3ms)
Platform modules already initialized, skipping
Refreshing native plugins compatible for Editor in 0,81 ms, found 2 plugins.
Preloading 0 native plugins for Editor in 0,00 ms.
Unloading 3980 Unused Serialized files (Serialized files now loaded: 0)
Unloading 55 unused Assets / (46,7 KB). Loaded Objects now: 4627.
Memory consumption went from 138,0 MB to 138,0 MB.
Total: 18,027474 ms (FindLiveObjects: 0,250992 ms CreateObjectMapping: 0,119153 ms MarkObjects: 17,546737 ms  DeleteObjects: 0,109284 ms)

AssetImportParameters requested are different than current active one (requested -> active):
  custom:video-decoder-ogg-theora: a1e56fd34408186e4bbccfd4996cb3dc -> 
  custom:container-muxer-webm: aa71ff27fc2769a1b78a27578f13a17b -> 
  custom:container-demuxer-webm: 4f35f7cbe854078d1ac9338744f61a02 -> 
  custom:video-encoder-webm-vp8: eb34c28f22e8b96e1ab97ce403110664 -> 
  custom:CustomObjectIndexerAttribute: bc11b3a6c3213fcdd17b65e7da85e133 -> 
  custom:audio-encoder-webm-vorbis: bf7c407c2cedff20999df2af8eb42d56 -> 
  custom:SearchIndexIgnoredProperties: e643bd26f0fe6173181afceb89e7c659 -> 
  custom:container-demuxer-ogg: 62fdf1f143b41e24485cea50d1cbac27 -> 
  custom:video-decoder-webm-vp8: 9c59270c3fd7afecdb556c50c9e8de78 -> 
  custom:audio-decoder-ogg-vorbis: bf7c407c2cedff20999df2af8eb42d56 -> 
========================================================================
Received Prepare
Registering precompiled user dll's ...
Registered in 0,002309 seconds.
Begin MonoManager ReloadAssembly
Native extension for LinuxStandalone target not found
Refreshing native plugins compatible for Editor in 0,68 ms, found 2 plugins.
Preloading 0 native plugins for Editor in 0,00 ms.
[Package Manager] Server::EnsureServerProcessIsRunning -- launch failed, reason: Unity was launched with the -noUpm command-line argument
[Package Manager] Cannot connect to Unity Package Manager local server
System.Exception: Error! Visual Scripting: couldn't find visual scripting package
  at Unity.VisualScripting.PackageVersionUtility.get_version () [0x00043] in /home/hmcelik/Desktop/My project/Library/PackageCache/com.unity.visualscripting@1.9.4/Editor/VisualScripting.Core/Utilities/PackageVersionUtility.cs:31 
  at Unity.VisualScripting.BoltCoreManifest.get_version () [0x00000] in /home/hmcelik/Desktop/My project/Library/PackageCache/com.unity.visualscripting@1.9.4/Editor/VisualScripting.Core/Plugin/BoltCoreManifest.cs:11 
  at Unity.VisualScripting.PluginManifest.get_currentVersion () [0x00000] in /home/hmcelik/Desktop/My project/Library/PackageCache/com.unity.visualscripting@1.9.4/Editor/VisualScripting.Core/Plugins/PluginManifest.cs:33 
  at Unity.VisualScripting.PluginManifest.get_versionMismatch () [0x00000] in /home/hmcelik/Desktop/My project/Library/PackageCache/com.unity.visualscripting@1.9.4/Editor/VisualScripting.Core/Plugins/PluginManifest.cs:48 
  at Unity.VisualScripting.PluginContainer.Initialize () [0x00525] in /home/hmcelik/Desktop/My project/Library/PackageCache/com.unity.visualscripting@1.9.4/Editor/VisualScripting.Core/Plugins/PluginContainer.cs:208 
  at Unity.VisualScripting.PluginContainer.InitializeOnLoad () [0x00009] in /home/hmcelik/Desktop/My project/Library/PackageCache/com.unity.visualscripting@1.9.4/Editor/VisualScripting.Core/Plugins/PluginContainer.cs:32 
  at Unity.VisualScripting.VSUsageUtility.DoInitializeOnLoadCalls () [0x00034] in /home/hmcelik/Desktop/My project/Library/PackageCache/com.unity.visualscripting@1.9.4/Editor/VisualScripting.Core/Utilities/VSUsageUtility.cs:76 
  at Unity.VisualScripting.VSUsageUtility.set_isVisualScriptingUsed (System.Boolean value) [0x0002c] in /home/hmcelik/Desktop/My project/Library/PackageCache/com.unity.visualscripting@1.9.4/Editor/VisualScripting.Core/Utilities/VSUsageUtility.cs:114 
  at Unity.VisualScripting.VSUsageUtility.CheckAndSetIsVisualScriptingUsed () [0x0000d] in /home/hmcelik/Desktop/My project/Library/PackageCache/com.unity.visualscripting@1.9.4/Editor/VisualScripting.Core/Utilities/VSUsageUtility.cs:33 
  at Unity.VisualScripting.VSUsageUtility..cctor () [0x00000] in /home/hmcelik/Desktop/My project/Library/PackageCache/com.unity.visualscripting@1.9.4/Editor/VisualScripting.Core/Utilities/VSUsageUtility.cs:22 
UnityEngine.StackTraceUtility:ExtractStackTrace () (at /home/bokken/build/output/unity/unity/Runtime/Export/Scripting/StackTrace.cs:37)
UnityEngine.DebugLogHandler:LogFormat (UnityEngine.LogType,UnityEngine.Object,string,object[])
UnityEngine.Logger:Log (UnityEngine.LogType,object)
UnityEngine.Debug:LogError (object)
UnityEditor.EditorAssemblies:ProcessInitializeOnLoadAttributes (System.Type[]) (at /home/bokken/build/output/unity/unity/Editor/Mono/EditorAssemblies.cs:134)

(Filename: /home/bokken/build/output/unity/unity/Editor/Mono/EditorAssemblies.cs Line: 134)

Mono: successfully reloaded assembly
- Completed reload, in  1,354 seconds
Domain Reload Profiling:
	ReloadAssembly (1355ms)
		BeginReloadAssembly (114ms)
			ExecutionOrderSort (0ms)
			DisableScriptedObjects (4ms)
			BackupInstance (0ms)
			ReleaseScriptingObjects (0ms)
			CreateAndSetChildDomain (42ms)
		EndReloadAssembly (1176ms)
			LoadAssemblies (43ms)
			RebuildTransferFunctionScriptingTraits (0ms)
			SetupTypeCache (236ms)
			ReleaseScriptCaches (1ms)
			RebuildScriptCaches (30ms)
			SetupLoadedEditorAssemblies (690ms)
				LogAssemblyErrors (0ms)
				InitializePlatformSupportModulesInManaged (10ms)
				SetLoadedEditorAssemblies (0ms)
				RefreshPlugins (1ms)
				BeforeProcessingInitializeOnLoad (43ms)
				ProcessInitializeOnLoadAttributes (599ms)
				ProcessInitializeOnLoadMethodAttributes (32ms)
				AfterProcessingInitializeOnLoad (4ms)
				EditorAssembliesLoaded (0ms)
			ExecutionOrderSort2 (0ms)
			AwakeInstancesAfterBackupRestoration (4ms)
Platform modules already initialized, skipping
Refreshing native plugins compatible for Editor in 0,96 ms, found 2 plugins.
Preloading 0 native plugins for Editor in 0,00 ms.
Unloading 3980 Unused Serialized files (Serialized files now loaded: 0)
Unloading 55 unused Assets / (46,8 KB). Loaded Objects now: 4631.
Memory consumption went from 138,0 MB to 138,0 MB.
Total: 15,553153 ms (FindLiveObjects: 0,252595 ms CreateObjectMapping: 0,109964 ms MarkObjects: 15,082541 ms  DeleteObjects: 0,106456 ms)

AssetImportParameters requested are different than current active one (requested -> active):
  custom:video-decoder-ogg-theora: a1e56fd34408186e4bbccfd4996cb3dc -> 
  custom:container-muxer-webm: aa71ff27fc2769a1b78a27578f13a17b -> 
  custom:container-demuxer-webm: 4f35f7cbe854078d1ac9338744f61a02 -> 
  custom:video-encoder-webm-vp8: eb34c28f22e8b96e1ab97ce403110664 -> 
  custom:CustomObjectIndexerAttribute: bc11b3a6c3213fcdd17b65e7da85e133 -> 
  custom:audio-encoder-webm-vorbis: bf7c407c2cedff20999df2af8eb42d56 -> 
  custom:SearchIndexIgnoredProperties: e643bd26f0fe6173181afceb89e7c659 -> 
  custom:container-demuxer-ogg: 62fdf1f143b41e24485cea50d1cbac27 -> 
  custom:video-decoder-webm-vp8: 9c59270c3fd7afecdb556c50c9e8de78 -> 
  custom:audio-decoder-ogg-vorbis: bf7c407c2cedff20999df2af8eb42d56 -> 
========================================================================
Received Import Request.
  Time since last request: 8143,759024 seconds.
  path: Assets/LidarScanner.cs
  artifactKey: Guid(42157d2ee78e4e0c8848565d75fd68ba) Importer(815301076,1909f56bfc062723c751e8b465ee728b)
Number of updated assets reloaded before import = 0
Start importing Assets/LidarScanner.cs using Guid(42157d2ee78e4e0c8848565d75fd68ba) Importer(815301076,1909f56bfc062723c751e8b465ee728b)  -> (artifact id: '290a190c89d073148fb57ef2602fb888') in 0,003257 seconds 
Number of asset objects unloaded after import = 0
========================================================================
Received Prepare
Registering precompiled user dll's ...
Registered in 0,001847 seconds.
Begin MonoManager ReloadAssembly
Native extension for LinuxStandalone target not found
Refreshing native plugins compatible for Editor in 0,95 ms, found 2 plugins.
Preloading 0 native plugins for Editor in 0,00 ms.
[Package Manager] Server::EnsureServerProcessIsRunning -- launch failed, reason: Unity was launched with the -noUpm command-line argument
[Package Manager] Cannot connect to Unity Package Manager local server
System.Exception: Error! Visual Scripting: couldn't find visual scripting package
  at Unity.VisualScripting.PackageVersionUtility.get_version () [0x00043] in /home/hmcelik/Desktop/My project/Library/PackageCache/com.unity.visualscripting@1.9.4/Editor/VisualScripting.Core/Utilities/PackageVersionUtility.cs:31 
  at Unity.VisualScripting.BoltCoreManifest.get_version () [0x00000] in /home/hmcelik/Desktop/My project/Library/PackageCache/com.unity.visualscripting@1.9.4/Editor/VisualScripting.Core/Plugin/BoltCoreManifest.cs:11 
  at Unity.VisualScripting.PluginManifest.get_currentVersion () [0x00000] in /home/hmcelik/Desktop/My project/Library/PackageCache/com.unity.visualscripting@1.9.4/Editor/VisualScripting.Core/Plugins/PluginManifest.cs:33 
  at Unity.VisualScripting.PluginManifest.get_versionMismatch () [0x00000] in /home/hmcelik/Desktop/My project/Library/PackageCache/com.unity.visualscripting@1.9.4/Editor/VisualScripting.Core/Plugins/PluginManifest.cs:48 
  at Unity.VisualScripting.PluginContainer.Initialize () [0x00525] in /home/hmcelik/Desktop/My project/Library/PackageCache/com.unity.visualscripting@1.9.4/Editor/VisualScripting.Core/Plugins/PluginContainer.cs:208 
  at Unity.VisualScripting.PluginContainer.InitializeOnLoad () [0x00009] in /home/hmcelik/Desktop/My project/Library/PackageCache/com.unity.visualscripting@1.9.4/Editor/VisualScripting.Core/Plugins/PluginContainer.cs:32 
  at Unity.VisualScripting.VSUsageUtility.DoInitializeOnLoadCalls () [0x00034] in /home/hmcelik/Desktop/My project/Library/PackageCache/com.unity.visualscripting@1.9.4/Editor/VisualScripting.Core/Utilities/VSUsageUtility.cs:76 
  at Unity.VisualScripting.VSUsageUtility.set_isVisualScriptingUsed (System.Boolean value) [0x0002c] in /home/hmcelik/Desktop/My project/Library/PackageCache/com.unity.visualscripting@1.9.4/Editor/VisualScripting.Core/Utilities/VSUsageUtility.cs:114 
  at Unity.VisualScripting.VSUsageUtility.CheckAndSetIsVisualScriptingUsed () [0x0000d] in /home/hmcelik/Desktop/My project/Library/PackageCache/com.unity.visualscripting@1.9.4/Editor/VisualScripting.Core/Utilities/VSUsageUtility.cs:33 
  at Unity.VisualScripting.VSUsageUtility..cctor () [0x00000] in /home/hmcelik/Desktop/My project/Library/PackageCache/com.unity.visualscripting@1.9.4/Editor/VisualScripting.Core/Utilities/VSUsageUtility.cs:22 
UnityEngine.StackTraceUtility:ExtractStackTrace () (at /home/bokken/build/output/unity/unity/Runtime/Export/Scripting/StackTrace.cs:37)
UnityEngine.DebugLogHandler:LogFormat (UnityEngine.LogType,UnityEngine.Object,string,object[])
UnityEngine.Logger:Log (UnityEngine.LogType,object)
UnityEngine.Debug:LogError (object)
UnityEditor.EditorAssemblies:ProcessInitializeOnLoadAttributes (System.Type[]) (at /home/bokken/build/output/unity/unity/Editor/Mono/EditorAssemblies.cs:134)

(Filename: /home/bokken/build/output/unity/unity/Editor/Mono/EditorAssemblies.cs Line: 134)

Mono: successfully reloaded assembly
- Completed reload, in  1,385 seconds
Domain Reload Profiling:
	ReloadAssembly (1386ms)
		BeginReloadAssembly (112ms)
			ExecutionOrderSort (0ms)
			DisableScriptedObjects (4ms)
			BackupInstance (0ms)
			ReleaseScriptingObjects (0ms)
			CreateAndSetChildDomain (40ms)
		EndReloadAssembly (1207ms)
			LoadAssemblies (40ms)
			RebuildTransferFunctionScriptingTraits (0ms)
			SetupTypeCache (201ms)
			ReleaseScriptCaches (1ms)
			RebuildScriptCaches (30ms)
			SetupLoadedEditorAssemblies (757ms)
				LogAssemblyErrors (0ms)
				InitializePlatformSupportModulesInManaged (12ms)
				SetLoadedEditorAssemblies (0ms)
				RefreshPlugins (1ms)
				BeforeProcessingInitializeOnLoad (64ms)
				ProcessInitializeOnLoadAttributes (645ms)
				ProcessInitializeOnLoadMethodAttributes (32ms)
				AfterProcessingInitializeOnLoad (3ms)
				EditorAssembliesLoaded (0ms)
			ExecutionOrderSort2 (0ms)
			AwakeInstancesAfterBackupRestoration (4ms)
Platform modules already initialized, skipping
Refreshing native plugins compatible for Editor in 0,75 ms, found 2 plugins.
Preloading 0 native plugins for Editor in 0,00 ms.
Unloading 3980 Unused Serialized files (Serialized files now loaded: 0)
Unloading 55 unused Assets / (56,0 KB). Loaded Objects now: 4635.
Memory consumption went from 138,0 MB to 138,0 MB.
Total: 9,825544 ms (FindLiveObjects: 0,254231 ms CreateObjectMapping: 0,097339 ms MarkObjects: 9,389059 ms  DeleteObjects: 0,083541 ms)

AssetImportParameters requested are different than current active one (requested -> active):
  custom:video-decoder-ogg-theora: a1e56fd34408186e4bbccfd4996cb3dc -> 
  custom:container-muxer-webm: aa71ff27fc2769a1b78a27578f13a17b -> 
  custom:container-demuxer-webm: 4f35f7cbe854078d1ac9338744f61a02 -> 
  custom:video-encoder-webm-vp8: eb34c28f22e8b96e1ab97ce403110664 -> 
  custom:CustomObjectIndexerAttribute: bc11b3a6c3213fcdd17b65e7da85e133 -> 
  custom:audio-encoder-webm-vorbis: bf7c407c2cedff20999df2af8eb42d56 -> 
  custom:SearchIndexIgnoredProperties: e643bd26f0fe6173181afceb89e7c659 -> 
  custom:container-demuxer-ogg: 62fdf1f143b41e24485cea50d1cbac27 -> 
  custom:video-decoder-webm-vp8: 9c59270c3fd7afecdb556c50c9e8de78 -> 
  custom:audio-decoder-ogg-vorbis: bf7c407c2cedff20999df2af8eb42d56 -> 
========================================================================
Received Prepare
Registering precompiled user dll's ...
Registered in 0,001878 seconds.
Begin MonoManager ReloadAssembly
Native extension for LinuxStandalone target not found
Refreshing native plugins compatible for Editor in 0,69 ms, found 2 plugins.
Preloading 0 native plugins for Editor in 0,00 ms.
[Package Manager] Server::EnsureServerProcessIsRunning -- launch failed, reason: Unity was launched with the -noUpm command-line argument
[Package Manager] Cannot connect to Unity Package Manager local server
System.Exception: Error! Visual Scripting: couldn't find visual scripting package
  at Unity.VisualScripting.PackageVersionUtility.get_version () [0x00043] in /home/hmcelik/Desktop/My project/Library/PackageCache/com.unity.visualscripting@1.9.4/Editor/VisualScripting.Core/Utilities/PackageVersionUtility.cs:31 
  at Unity.VisualScripting.BoltCoreManifest.get_version () [0x00000] in /home/hmcelik/Desktop/My project/Library/PackageCache/com.unity.visualscripting@1.9.4/Editor/VisualScripting.Core/Plugin/BoltCoreManifest.cs:11 
  at Unity.VisualScripting.PluginManifest.get_currentVersion () [0x00000] in /home/hmcelik/Desktop/My project/Library/PackageCache/com.unity.visualscripting@1.9.4/Editor/VisualScripting.Core/Plugins/PluginManifest.cs:33 
  at Unity.VisualScripting.PluginManifest.get_versionMismatch () [0x00000] in /home/hmcelik/Desktop/My project/Library/PackageCache/com.unity.visualscripting@1.9.4/Editor/VisualScripting.Core/Plugins/PluginManifest.cs:48 
  at Unity.VisualScripting.PluginContainer.Initialize () [0x00525] in /home/hmcelik/Desktop/My project/Library/PackageCache/com.unity.visualscripting@1.9.4/Editor/VisualScripting.Core/Plugins/PluginContainer.cs:208 
  at Unity.VisualScripting.PluginContainer.InitializeOnLoad () [0x00009] in /home/hmcelik/Desktop/My project/Library/PackageCache/com.unity.visualscripting@1.9.4/Editor/VisualScripting.Core/Plugins/PluginContainer.cs:32 
  at Unity.VisualScripting.VSUsageUtility.DoInitializeOnLoadCalls () [0x00034] in /home/hmcelik/Desktop/My project/Library/PackageCache/com.unity.visualscripting@1.9.4/Editor/VisualScripting.Core/Utilities/VSUsageUtility.cs:76 
  at Unity.VisualScripting.VSUsageUtility.set_isVisualScriptingUsed (System.Boolean value) [0x0002c] in /home/hmcelik/Desktop/My project/Library/PackageCache/com.unity.visualscripting@1.9.4/Editor/VisualScripting.Core/Utilities/VSUsageUtility.cs:114 
  at Unity.VisualScripting.VSUsageUtility.CheckAndSetIsVisualScriptingUsed () [0x0000d] in /home/hmcelik/Desktop/My project/Library/PackageCache/com.unity.visualscripting@1.9.4/Editor/VisualScripting.Core/Utilities/VSUsageUtility.cs:33 
  at Unity.VisualScripting.VSUsageUtility..cctor () [0x00000] in /home/hmcelik/Desktop/My project/Library/PackageCache/com.unity.visualscripting@1.9.4/Editor/VisualScripting.Core/Utilities/VSUsageUtility.cs:22 
UnityEngine.StackTraceUtility:ExtractStackTrace () (at /home/bokken/build/output/unity/unity/Runtime/Export/Scripting/StackTrace.cs:37)
UnityEngine.DebugLogHandler:LogFormat (UnityEngine.LogType,UnityEngine.Object,string,object[])
UnityEngine.Logger:Log (UnityEngine.LogType,object)
UnityEngine.Debug:LogError (object)
UnityEditor.EditorAssemblies:ProcessInitializeOnLoadAttributes (System.Type[]) (at /home/bokken/build/output/unity/unity/Editor/Mono/EditorAssemblies.cs:134)

(Filename: /home/bokken/build/output/unity/unity/Editor/Mono/EditorAssemblies.cs Line: 134)

Mono: successfully reloaded assembly
- Completed reload, in  1,368 seconds
Domain Reload Profiling:
	ReloadAssembly (1369ms)
		BeginReloadAssembly (116ms)
			ExecutionOrderSort (0ms)
			DisableScriptedObjects (4ms)
			BackupInstance (0ms)
			ReleaseScriptingObjects (0ms)
			CreateAndSetChildDomain (42ms)
		EndReloadAssembly (1187ms)
			LoadAssemblies (44ms)
			RebuildTransferFunctionScriptingTraits (0ms)
			SetupTypeCache (232ms)
			ReleaseScriptCaches (1ms)
			RebuildScriptCaches (29ms)
			SetupLoadedEditorAssemblies (712ms)
				LogAssemblyErrors (0ms)
				InitializePlatformSupportModulesInManaged (9ms)
				SetLoadedEditorAssemblies (0ms)
				RefreshPlugins (1ms)
				BeforeProcessingInitializeOnLoad (45ms)
				ProcessInitializeOnLoadAttributes (629ms)
				ProcessInitializeOnLoadMethodAttributes (25ms)
				AfterProcessingInitializeOnLoad (3ms)
				EditorAssembliesLoaded (0ms)
			ExecutionOrderSort2 (0ms)
			AwakeInstancesAfterBackupRestoration (3ms)
Platform modules already initialized, skipping
Refreshing native plugins compatible for Editor in 1,10 ms, found 2 plugins.
Preloading 0 native plugins for Editor in 0,00 ms.
Unloading 3980 Unused Serialized files (Serialized files now loaded: 0)
Unloading 55 unused Assets / (46,8 KB). Loaded Objects now: 4639.
Memory consumption went from 138,1 MB to 138,0 MB.
Total: 14,857957 ms (FindLiveObjects: 0,242594 ms CreateObjectMapping: 0,117253 ms MarkObjects: 14,395523 ms  DeleteObjects: 0,101561 ms)

AssetImportParameters requested are different than current active one (requested -> active):
  custom:video-decoder-ogg-theora: a1e56fd34408186e4bbccfd4996cb3dc -> 
  custom:container-muxer-webm: aa71ff27fc2769a1b78a27578f13a17b -> 
  custom:container-demuxer-webm: 4f35f7cbe854078d1ac9338744f61a02 -> 
  custom:video-encoder-webm-vp8: eb34c28f22e8b96e1ab97ce403110664 -> 
  custom:CustomObjectIndexerAttribute: bc11b3a6c3213fcdd17b65e7da85e133 -> 
  custom:audio-encoder-webm-vorbis: bf7c407c2cedff20999df2af8eb42d56 -> 
  custom:SearchIndexIgnoredProperties: e643bd26f0fe6173181afceb89e7c659 -> 
  custom:container-demuxer-ogg: 62fdf1f143b41e24485cea50d1cbac27 -> 
  custom:video-decoder-webm-vp8: 9c59270c3fd7afecdb556c50c9e8de78 -> 
  custom:audio-decoder-ogg-vorbis: bf7c407c2cedff20999df2af8eb42d56 -> 
========================================================================
Received Prepare
Registering precompiled user dll's ...
Registered in 0,001932 seconds.
Begin MonoManager ReloadAssembly
Native extension for LinuxStandalone target not found
Refreshing native plugins compatible for Editor in 0,68 ms, found 2 plugins.
Preloading 0 native plugins for Editor in 0,00 ms.
[Package Manager] Server::EnsureServerProcessIsRunning -- launch failed, reason: Unity was launched with the -noUpm command-line argument
[Package Manager] Cannot connect to Unity Package Manager local server
System.Exception: Error! Visual Scripting: couldn't find visual scripting package
  at Unity.VisualScripting.PackageVersionUtility.get_version () [0x00043] in /home/hmcelik/Desktop/My project/Library/PackageCache/com.unity.visualscripting@1.9.4/Editor/VisualScripting.Core/Utilities/PackageVersionUtility.cs:31 
  at Unity.VisualScripting.BoltCoreManifest.get_version () [0x00000] in /home/hmcelik/Desktop/My project/Library/PackageCache/com.unity.visualscripting@1.9.4/Editor/VisualScripting.Core/Plugin/BoltCoreManifest.cs:11 
  at Unity.VisualScripting.PluginManifest.get_currentVersion () [0x00000] in /home/hmcelik/Desktop/My project/Library/PackageCache/com.unity.visualscripting@1.9.4/Editor/VisualScripting.Core/Plugins/PluginManifest.cs:33 
  at Unity.VisualScripting.PluginManifest.get_versionMismatch () [0x00000] in /home/hmcelik/Desktop/My project/Library/PackageCache/com.unity.visualscripting@1.9.4/Editor/VisualScripting.Core/Plugins/PluginManifest.cs:48 
  at Unity.VisualScripting.PluginContainer.Initialize () [0x00525] in /home/hmcelik/Desktop/My project/Library/PackageCache/com.unity.visualscripting@1.9.4/Editor/VisualScripting.Core/Plugins/PluginContainer.cs:208 
  at Unity.VisualScripting.PluginContainer.InitializeOnLoad () [0x00009] in /home/hmcelik/Desktop/My project/Library/PackageCache/com.unity.visualscripting@1.9.4/Editor/VisualScripting.Core/Plugins/PluginContainer.cs:32 
  at Unity.VisualScripting.VSUsageUtility.DoInitializeOnLoadCalls () [0x00034] in /home/hmcelik/Desktop/My project/Library/PackageCache/com.unity.visualscripting@1.9.4/Editor/VisualScripting.Core/Utilities/VSUsageUtility.cs:76 
  at Unity.VisualScripting.VSUsageUtility.set_isVisualScriptingUsed (System.Boolean value) [0x0002c] in /home/hmcelik/Desktop/My project/Library/PackageCache/com.unity.visualscripting@1.9.4/Editor/VisualScripting.Core/Utilities/VSUsageUtility.cs:114 
  at Unity.VisualScripting.VSUsageUtility.CheckAndSetIsVisualScriptingUsed () [0x0000d] in /home/hmcelik/Desktop/My project/Library/PackageCache/com.unity.visualscripting@1.9.4/Editor/VisualScripting.Core/Utilities/VSUsageUtility.cs:33 
  at Unity.VisualScripting.VSUsageUtility..cctor () [0x00000] in /home/hmcelik/Desktop/My project/Library/PackageCache/com.unity.visualscripting@1.9.4/Editor/VisualScripting.Core/Utilities/VSUsageUtility.cs:22 
UnityEngine.StackTraceUtility:ExtractStackTrace () (at /home/bokken/build/output/unity/unity/Runtime/Export/Scripting/StackTrace.cs:37)
UnityEngine.DebugLogHandler:LogFormat (UnityEngine.LogType,UnityEngine.Object,string,object[])
UnityEngine.Logger:Log (UnityEngine.LogType,object)
UnityEngine.Debug:LogError (object)
UnityEditor.EditorAssemblies:ProcessInitializeOnLoadAttributes (System.Type[]) (at /home/bokken/build/output/unity/unity/Editor/Mono/EditorAssemblies.cs:134)

(Filename: /home/bokken/build/output/unity/unity/Editor/Mono/EditorAssemblies.cs Line: 134)

Mono: successfully reloaded assembly
- Completed reload, in  1,337 seconds
Domain Reload Profiling:
	ReloadAssembly (1337ms)
		BeginReloadAssembly (118ms)
			ExecutionOrderSort (0ms)
			DisableScriptedObjects (4ms)
			BackupInstance (0ms)
			ReleaseScriptingObjects (0ms)
			CreateAndSetChildDomain (42ms)
		EndReloadAssembly (1152ms)
			LoadAssemblies (44ms)
			RebuildTransferFunctionScriptingTraits (0ms)
			SetupTypeCache (206ms)
			ReleaseScriptCaches (1ms)
			RebuildScriptCaches (30ms)
			SetupLoadedEditorAssemblies (698ms)
				LogAssemblyErrors (0ms)
				InitializePlatformSupportModulesInManaged (9ms)
				SetLoadedEditorAssemblies (0ms)
				RefreshPlugins (1ms)
				BeforeProcessingInitializeOnLoad (47ms)
				ProcessInitializeOnLoadAttributes (610ms)
				ProcessInitializeOnLoadMethodAttributes (27ms)
				AfterProcessingInitializeOnLoad (4ms)
				EditorAssembliesLoaded (0ms)
			ExecutionOrderSort2 (0ms)
			AwakeInstancesAfterBackupRestoration (3ms)
Platform modules already initialized, skipping
Refreshing native plugins compatible for Editor in 1,09 ms, found 2 plugins.
Preloading 0 native plugins for Editor in 0,00 ms.
Unloading 3980 Unused Serialized files (Serialized files now loaded: 0)
Unloading 55 unused Assets / (46,8 KB). Loaded Objects now: 4643.
Memory consumption went from 138,1 MB to 138,0 MB.
Total: 11,897456 ms (FindLiveObjects: 0,385065 ms CreateObjectMapping: 0,190557 ms MarkObjects: 11,228098 ms  DeleteObjects: 0,092341 ms)

AssetImportParameters requested are different than current active one (requested -> active):
  custom:video-decoder-ogg-theora: a1e56fd34408186e4bbccfd4996cb3dc -> 
  custom:container-muxer-webm: aa71ff27fc2769a1b78a27578f13a17b -> 
  custom:container-demuxer-webm: 4f35f7cbe854078d1ac9338744f61a02 -> 
  custom:video-encoder-webm-vp8: eb34c28f22e8b96e1ab97ce403110664 -> 
  custom:CustomObjectIndexerAttribute: bc11b3a6c3213fcdd17b65e7da85e133 -> 
  custom:audio-encoder-webm-vorbis: bf7c407c2cedff20999df2af8eb42d56 -> 
  custom:SearchIndexIgnoredProperties: e643bd26f0fe6173181afceb89e7c659 -> 
  custom:container-demuxer-ogg: 62fdf1f143b41e24485cea50d1cbac27 -> 
  custom:video-decoder-webm-vp8: 9c59270c3fd7afecdb556c50c9e8de78 -> 
  custom:audio-decoder-ogg-vorbis: bf7c407c2cedff20999df2af8eb42d56 -> 
========================================================================
Received Prepare
Registering precompiled user dll's ...
Registered in 0,001827 seconds.
Begin MonoManager ReloadAssembly
Native extension for LinuxStandalone target not found
Refreshing native plugins compatible for Editor in 0,68 ms, found 2 plugins.
Preloading 0 native plugins for Editor in 0,00 ms.
[Package Manager] Server::EnsureServerProcessIsRunning -- launch failed, reason: Unity was launched with the -noUpm command-line argument
[Package Manager] Cannot connect to Unity Package Manager local server
System.Exception: Error! Visual Scripting: couldn't find visual scripting package
  at Unity.VisualScripting.PackageVersionUtility.get_version () [0x00043] in /home/hmcelik/Desktop/My project/Library/PackageCache/com.unity.visualscripting@1.9.4/Editor/VisualScripting.Core/Utilities/PackageVersionUtility.cs:31 
  at Unity.VisualScripting.BoltCoreManifest.get_version () [0x00000] in /home/hmcelik/Desktop/My project/Library/PackageCache/com.unity.visualscripting@1.9.4/Editor/VisualScripting.Core/Plugin/BoltCoreManifest.cs:11 
  at Unity.VisualScripting.PluginManifest.get_currentVersion () [0x00000] in /home/hmcelik/Desktop/My project/Library/PackageCache/com.unity.visualscripting@1.9.4/Editor/VisualScripting.Core/Plugins/PluginManifest.cs:33 
  at Unity.VisualScripting.PluginManifest.get_versionMismatch () [0x00000] in /home/hmcelik/Desktop/My project/Library/PackageCache/com.unity.visualscripting@1.9.4/Editor/VisualScripting.Core/Plugins/PluginManifest.cs:48 
  at Unity.VisualScripting.PluginContainer.Initialize () [0x00525] in /home/hmcelik/Desktop/My project/Library/PackageCache/com.unity.visualscripting@1.9.4/Editor/VisualScripting.Core/Plugins/PluginContainer.cs:208 
  at Unity.VisualScripting.PluginContainer.InitializeOnLoad () [0x00009] in /home/hmcelik/Desktop/My project/Library/PackageCache/com.unity.visualscripting@1.9.4/Editor/VisualScripting.Core/Plugins/PluginContainer.cs:32 
  at Unity.VisualScripting.VSUsageUtility.DoInitializeOnLoadCalls () [0x00034] in /home/hmcelik/Desktop/My project/Library/PackageCache/com.unity.visualscripting@1.9.4/Editor/VisualScripting.Core/Utilities/VSUsageUtility.cs:76 
  at Unity.VisualScripting.VSUsageUtility.set_isVisualScriptingUsed (System.Boolean value) [0x0002c] in /home/hmcelik/Desktop/My project/Library/PackageCache/com.unity.visualscripting@1.9.4/Editor/VisualScripting.Core/Utilities/VSUsageUtility.cs:114 
  at Unity.VisualScripting.VSUsageUtility.CheckAndSetIsVisualScriptingUsed () [0x0000d] in /home/hmcelik/Desktop/My project/Library/PackageCache/com.unity.visualscripting@1.9.4/Editor/VisualScripting.Core/Utilities/VSUsageUtility.cs:33 
  at Unity.VisualScripting.VSUsageUtility..cctor () [0x00000] in /home/hmcelik/Desktop/My project/Library/PackageCache/com.unity.visualscripting@1.9.4/Editor/VisualScripting.Core/Utilities/VSUsageUtility.cs:22 
UnityEngine.StackTraceUtility:ExtractStackTrace () (at /home/bokken/build/output/unity/unity/Runtime/Export/Scripting/StackTrace.cs:37)
UnityEngine.DebugLogHandler:LogFormat (UnityEngine.LogType,UnityEngine.Object,string,object[])
UnityEngine.Logger:Log (UnityEngine.LogType,object)
UnityEngine.Debug:LogError (object)
UnityEditor.EditorAssemblies:ProcessInitializeOnLoadAttributes (System.Type[]) (at /home/bokken/build/output/unity/unity/Editor/Mono/EditorAssemblies.cs:134)

(Filename: /home/bokken/build/output/unity/unity/Editor/Mono/EditorAssemblies.cs Line: 134)

Mono: successfully reloaded assembly
- Completed reload, in  1,391 seconds
Domain Reload Profiling:
	ReloadAssembly (1392ms)
		BeginReloadAssembly (116ms)
			ExecutionOrderSort (0ms)
			DisableScriptedObjects (4ms)
			BackupInstance (0ms)
			ReleaseScriptingObjects (0ms)
			CreateAndSetChildDomain (41ms)
		EndReloadAssembly (1211ms)
			LoadAssemblies (49ms)
			RebuildTransferFunctionScriptingTraits (0ms)
			SetupTypeCache (236ms)
			ReleaseScriptCaches (1ms)
			RebuildScriptCaches (29ms)
			SetupLoadedEditorAssemblies (721ms)
				LogAssemblyErrors (0ms)
				InitializePlatformSupportModulesInManaged (10ms)
				SetLoadedEditorAssemblies (0ms)
				RefreshPlugins (1ms)
				BeforeProcessingInitializeOnLoad (49ms)
				ProcessInitializeOnLoadAttributes (630ms)
				ProcessInitializeOnLoadMethodAttributes (28ms)
				AfterProcessingInitializeOnLoad (3ms)
				EditorAssembliesLoaded (0ms)
			ExecutionOrderSort2 (0ms)
			AwakeInstancesAfterBackupRestoration (4ms)
Platform modules already initialized, skipping
Refreshing native plugins compatible for Editor in 0,87 ms, found 2 plugins.
Preloading 0 native plugins for Editor in 0,00 ms.
Unloading 3980 Unused Serialized files (Serialized files now loaded: 0)
Unloading 55 unused Assets / (56,0 KB). Loaded Objects now: 4647.
Memory consumption went from 138,1 MB to 138,0 MB.
Total: 12,573699 ms (FindLiveObjects: 0,395785 ms CreateObjectMapping: 0,230719 ms MarkObjects: 11,849571 ms  DeleteObjects: 0,096515 ms)

AssetImportParameters requested are different than current active one (requested -> active):
  custom:video-decoder-ogg-theora: a1e56fd34408186e4bbccfd4996cb3dc -> 
  custom:container-muxer-webm: aa71ff27fc2769a1b78a27578f13a17b -> 
  custom:container-demuxer-webm: 4f35f7cbe854078d1ac9338744f61a02 -> 
  custom:video-encoder-webm-vp8: eb34c28f22e8b96e1ab97ce403110664 -> 
  custom:CustomObjectIndexerAttribute: bc11b3a6c3213fcdd17b65e7da85e133 -> 
  custom:audio-encoder-webm-vorbis: bf7c407c2cedff20999df2af8eb42d56 -> 
  custom:SearchIndexIgnoredProperties: e643bd26f0fe6173181afceb89e7c659 -> 
  custom:container-demuxer-ogg: 62fdf1f143b41e24485cea50d1cbac27 -> 
  custom:video-decoder-webm-vp8: 9c59270c3fd7afecdb556c50c9e8de78 -> 
  custom:audio-decoder-ogg-vorbis: bf7c407c2cedff20999df2af8eb42d56 -> 
========================================================================
Received Import Request.
  Time since last request: 651,205111 seconds.
  path: Assets/TextMesh Pro/Resources/Fonts & Materials/LiberationSans SDF.asset
  artifactKey: Guid(8f586378b4e144a9851e7b34d9b748ee) Importer(815301076,1909f56bfc062723c751e8b465ee728b)
Number of updated assets reloaded before import = 0
Start importing Assets/TextMesh Pro/Resources/Fonts & Materials/LiberationSans SDF.asset using Guid(8f586378b4e144a9851e7b34d9b748ee) Importer(815301076,1909f56bfc062723c751e8b465ee728b)  -> (artifact id: 'f55e9603d5b5e94752c0334bdd63f112') in 0,133007 seconds 
Number of asset objects unloaded after import = 9
========================================================================
Received Import Request.
  Time since last request: 0,000029 seconds.
  path: Assets/Simple Garage/Models/Locker.fbx
  artifactKey: Guid(1d5d7e0445e52774e839fe045a67c136) Importer(815301076,1909f56bfc062723c751e8b465ee728b)
Number of updated assets reloaded before import = 0
Start importing Assets/Simple Garage/Models/Locker.fbx using Guid(1d5d7e0445e52774e839fe045a67c136) Importer(815301076,1909f56bfc062723c751e8b465ee728b)  -> (artifact id: '94fe9afd8aabfcf523dff876976523ae') in 0,617081 seconds 
Number of asset objects unloaded after import = 11
========================================================================
Received Import Request.
  Time since last request: 0,000039 seconds.
  path: Assets/LowPolyLight/Materials/light.mat
  artifactKey: Guid(9a2ee00db5bc1c6478d911a453f0f8d2) Importer(815301076,1909f56bfc062723c751e8b465ee728b)
Number of updated assets reloaded before import = 0
Start importing Assets/LowPolyLight/Materials/light.mat using Guid(9a2ee00db5bc1c6478d911a453f0f8d2) Importer(815301076,1909f56bfc062723c751e8b465ee728b)  -> (artifact id: 'b407418c1ef52242e26856f578860c3a') in 0,062324 seconds 
Number of asset objects unloaded after import = 1
========================================================================
Received Import Request.
  Time since last request: 0,002424 seconds.
  path: Assets/Simple Garage/Models/Socket.fbx
  artifactKey: Guid(b91c351aa9cc29d4bb872aff2555bec6) Importer(815301076,1909f56bfc062723c751e8b465ee728b)
Number of updated assets reloaded before import = 0
Start importing Assets/Simple Garage/Models/Socket.fbx using Guid(b91c351aa9cc29d4bb872aff2555bec6) Importer(815301076,1909f56bfc062723c751e8b465ee728b)  -> (artifact id: '01bc89d051efba682048469928f53139') in 0,076555 seconds 
Number of asset objects unloaded after import = 9
========================================================================
Received Import Request.
  Time since last request: 0,000015 seconds.
  path: Assets/Simple Garage/Materials/Longboard albedo.mat
  artifactKey: Guid(dc1d5ab937e4b0b46833f454d7f1ec28) Importer(815301076,1909f56bfc062723c751e8b465ee728b)
Number of updated assets reloaded before import = 0
Start importing Assets/Simple Garage/Materials/Longboard albedo.mat using Guid(dc1d5ab937e4b0b46833f454d7f1ec28) Importer(815301076,1909f56bfc062723c751e8b465ee728b)  -> (artifact id: '62824f008e55df5fa635dd912c4ac69d') in 0,260244 seconds 
Number of asset objects unloaded after import = 3
========================================================================
Received Import Request.
  Time since last request: 0,000020 seconds.
  path: Assets/Simple Garage/Materials/Longboard.suspension.mat
  artifactKey: Guid(48bb87800b8ade9448d5a29d4cc5b84b) Importer(815301076,1909f56bfc062723c751e8b465ee728b)
Number of updated assets reloaded before import = 0
Start importing Assets/Simple Garage/Materials/Longboard.suspension.mat using Guid(48bb87800b8ade9448d5a29d4cc5b84b) Importer(815301076,1909f56bfc062723c751e8b465ee728b)  -> (artifact id: '18b68ddf308526a63825a831effed45d') in 0,012904 seconds 
Number of asset objects unloaded after import = 1
========================================================================
Received Import Request.
  Time since last request: 0,000021 seconds.
  path: Assets/Simple Garage/Materials/Locker.black.mat
  artifactKey: Guid(e14c8162cb2585a499d1ec313c5a8a31) Importer(815301076,1909f56bfc062723c751e8b465ee728b)
Number of updated assets reloaded before import = 0
Start importing Assets/Simple Garage/Materials/Locker.black.mat using Guid(e14c8162cb2585a499d1ec313c5a8a31) Importer(815301076,1909f56bfc062723c751e8b465ee728b)  -> (artifact id: 'c35b99f77dde481ef9c09a7c4ba17272') in 0,022158 seconds 
Number of asset objects unloaded after import = 2
========================================================================
Received Import Request.
  Time since last request: 0,000019 seconds.
  path: Assets/Materials/map.mat
  artifactKey: Guid(d490545e55f506b45bdfee0d270cdce6) Importer(815301076,1909f56bfc062723c751e8b465ee728b)
Number of updated assets reloaded before import = 0
Start importing Assets/Materials/map.mat using Guid(d490545e55f506b45bdfee0d270cdce6) Importer(815301076,1909f56bfc062723c751e8b465ee728b)  -> (artifact id: 'c93af9f5e184e80fc6dc27c7399d59ca') in 0,213035 seconds 
Number of asset objects unloaded after import = 2
========================================================================
Received Import Request.
  Time since last request: 0,000038 seconds.
  path: Assets/Simple Garage/Materials/Locker.metal.mat
  artifactKey: Guid(ea68a7f6198c41840b4110b5c4b0411f) Importer(815301076,1909f56bfc062723c751e8b465ee728b)
Number of updated assets reloaded before import = 0
Start importing Assets/Simple Garage/Materials/Locker.metal.mat using Guid(ea68a7f6198c41840b4110b5c4b0411f) Importer(815301076,1909f56bfc062723c751e8b465ee728b)  -> (artifact id: '788768dd3f42b7208a702f81e004d4e9') in 0,012154 seconds 
Number of asset objects unloaded after import = 1
========================================================================
Received Import Request.
  Time since last request: 0,000028 seconds.
  path: Assets/Brick Project Studio/Apartment Kit/Common/Models/Lamp 02.fbx
  artifactKey: Guid(e501afb3ed5c60243ac1515b7ca1e2be) Importer(815301076,1909f56bfc062723c751e8b465ee728b)
Number of updated assets reloaded before import = 0
Start importing Assets/Brick Project Studio/Apartment Kit/Common/Models/Lamp 02.fbx using Guid(e501afb3ed5c60243ac1515b7ca1e2be) Importer(815301076,1909f56bfc062723c751e8b465ee728b)  -> (artifact id: '13cdcc7c5f7cfafc0c64870d69d92f4b') in 0,393686 seconds 
Number of asset objects unloaded after import = 81
========================================================================
Received Import Request.
  Time since last request: 0,000025 seconds.
  path: Assets/Simple Garage/Models/Big shelf.fbx
  artifactKey: Guid(d7d3fa1e450020e42b694021662529cc) Importer(815301076,1909f56bfc062723c751e8b465ee728b)
Number of updated assets reloaded before import = 0
Start importing Assets/Simple Garage/Models/Big shelf.fbx using Guid(d7d3fa1e450020e42b694021662529cc) Importer(815301076,1909f56bfc062723c751e8b465ee728b)  -> (artifact id: 'c6fb499bce1f515cedf75aafed3b117b') in 0,175869 seconds 
Number of asset objects unloaded after import = 11
========================================================================
Received Import Request.
  Time since last request: 0,000026 seconds.
  path: Assets/turtlebot3-foxy-devel/Materials/light_black.mat
  artifactKey: Guid(5f295363f9ad8d186b26873e63fae8eb) Importer(815301076,1909f56bfc062723c751e8b465ee728b)
Number of updated assets reloaded before import = 0
Start importing Assets/turtlebot3-foxy-devel/Materials/light_black.mat using Guid(5f295363f9ad8d186b26873e63fae8eb) Importer(815301076,1909f56bfc062723c751e8b465ee728b)  -> (artifact id: '0d8905b584279add5835d6184b145d63') in 0,021007 seconds 
Number of asset objects unloaded after import = 1
========================================================================
Received Import Request.
  Time since last request: 0,000021 seconds.
  path: Assets/Simple Garage/Materials/Longboard.wheels.mat
  artifactKey: Guid(3038a907f8152d646a6777016ad52194) Importer(815301076,1909f56bfc062723c751e8b465ee728b)
Number of updated assets reloaded before import = 0
Start importing Assets/Simple Garage/Materials/Longboard.wheels.mat using Guid(3038a907f8152d646a6777016ad52194) Importer(815301076,1909f56bfc062723c751e8b465ee728b)  -> (artifact id: 'a0995eacf97b73d5e16bea9e79528797') in 0,024273 seconds 
Number of asset objects unloaded after import = 1
========================================================================
Received Import Request.
  Time since last request: 0,000046 seconds.
  path: Assets/Brick Project Studio/Apartment Kit/Common/Models/Bathroom_Apt_01.fbx
  artifactKey: Guid(651d77a525480c84e9327ec0894c0da1) Importer(815301076,1909f56bfc062723c751e8b465ee728b)
Number of updated assets reloaded before import = 0
Start importing Assets/Brick Project Studio/Apartment Kit/Common/Models/Bathroom_Apt_01.fbx using Guid(651d77a525480c84e9327ec0894c0da1) Importer(815301076,1909f56bfc062723c751e8b465ee728b)  -> (artifact id: 'f5e9fc48f737b9bb21220b7857d29151') in 2,167249 seconds 
Number of asset objects unloaded after import = 290
========================================================================
Received Import Request.
  Time since last request: 0,000025 seconds.
  path: Assets/Brick Project Studio/_BPS Basic Assets/Common/Models/Build Kits/Build Kit Interior Updated_01.fbx
  artifactKey: Guid(013043932069e224e90b516d38cdab48) Importer(815301076,1909f56bfc062723c751e8b465ee728b)
Number of updated assets reloaded before import = 0
Start importing Assets/Brick Project Studio/_BPS Basic Assets/Common/Models/Build Kits/Build Kit Interior Updated_01.fbx using Guid(013043932069e224e90b516d38cdab48) Importer(815301076,1909f56bfc062723c751e8b465ee728b)  -> (artifact id: 'b0c9e253aa122c238951c6c931009f7e') in 0,410311 seconds 
Number of asset objects unloaded after import = 50
========================================================================
Received Import Request.
  Time since last request: 0,000043 seconds.
  path: Assets/Brick Project Studio/_BPS Basic Assets/Common/Models/Build Kits/Build Kit Interior Updated_03.fbx
  artifactKey: Guid(debe1ddd75be8634d866f9de231a0581) Importer(815301076,1909f56bfc062723c751e8b465ee728b)
Number of updated assets reloaded before import = 0
Start importing Assets/Brick Project Studio/_BPS Basic Assets/Common/Models/Build Kits/Build Kit Interior Updated_03.fbx using Guid(debe1ddd75be8634d866f9de231a0581) Importer(815301076,1909f56bfc062723c751e8b465ee728b)  -> (artifact id: 'c35a8a8979550c1ad6ffa861003dc4ce') in 0,051117 seconds 
Number of asset objects unloaded after import = 8
========================================================================
Received Import Request.
  Time since last request: 0,000020 seconds.
  path: Assets/Brick Project Studio/_BPS Basic Assets/Common/Models/Build Kits/Build Kit Interior Updated_02.fbx
  artifactKey: Guid(7308b87287964d64b9769b7e0d6d7314) Importer(815301076,1909f56bfc062723c751e8b465ee728b)
Number of updated assets reloaded before import = 0
Start importing Assets/Brick Project Studio/_BPS Basic Assets/Common/Models/Build Kits/Build Kit Interior Updated_02.fbx using Guid(7308b87287964d64b9769b7e0d6d7314) Importer(815301076,1909f56bfc062723c751e8b465ee728b)  -> (artifact id: 'aa38b0bc4d6a1283d15fb8109b34ceaa') in 0,083789 seconds 
Number of asset objects unloaded after import = 8
========================================================================
Received Import Request.
  Time since last request: 0,000027 seconds.
  path: Assets/ADI/Voxel Office Props/Materials/modelLitBlue.mat
  artifactKey: Guid(16f5361cfe0f78545a1406a69f6b58dc) Importer(815301076,1909f56bfc062723c751e8b465ee728b)
Number of updated assets reloaded before import = 0
Start importing Assets/ADI/Voxel Office Props/Materials/modelLitBlue.mat using Guid(16f5361cfe0f78545a1406a69f6b58dc) Importer(815301076,1909f56bfc062723c751e8b465ee728b)  -> (artifact id: 'c4ee942eb8e09acaa2132da82779c3ec') in 0,377102 seconds 
Number of asset objects unloaded after import = 3
========================================================================
Received Import Request.
  Time since last request: 0,000037 seconds.
  path: Assets/ADI/Voxel Office Props/Models/Materials/printer2Mat.mat
  artifactKey: Guid(a6aee0725fef4964aa4a44eec952cbef) Importer(815301076,1909f56bfc062723c751e8b465ee728b)
Number of updated assets reloaded before import = 0
Start importing Assets/ADI/Voxel Office Props/Models/Materials/printer2Mat.mat using Guid(a6aee0725fef4964aa4a44eec952cbef) Importer(815301076,1909f56bfc062723c751e8b465ee728b)  -> (artifact id: 'f0dac3efa400ccfd8c0de9a652ea4f59') in 0,021765 seconds 
Number of asset objects unloaded after import = 1
========================================================================
Received Import Request.
  Time since last request: 0,000045 seconds.
  path: Assets/Tree.prefab
  artifactKey: Guid(4d74af2730abc9d8091d26ba51564b8a) Importer(815301076,1909f56bfc062723c751e8b465ee728b)
Number of updated assets reloaded before import = 0
Start importing Assets/Tree.prefab using Guid(4d74af2730abc9d8091d26ba51564b8a) Importer(815301076,1909f56bfc062723c751e8b465ee728b)  -> (artifact id: 'bac31342462b7bb60be37959e76aacb8') in 0,716146 seconds 
Number of asset objects unloaded after import = 11
========================================================================
Received Import Request.
  Time since last request: 0,000029 seconds.
  path: Assets/Simple Garage/Materials/Old conditioner.mat
  artifactKey: Guid(5abe15de1cb80d14d8c263db80d7100b) Importer(815301076,1909f56bfc062723c751e8b465ee728b)
Number of updated assets reloaded before import = 0
Start importing Assets/Simple Garage/Materials/Old conditioner.mat using Guid(5abe15de1cb80d14d8c263db80d7100b) Importer(815301076,1909f56bfc062723c751e8b465ee728b)  -> (artifact id: '4eb27c402e7d894e0ee14cd37c7300be') in 0,030518 seconds 
Number of asset objects unloaded after import = 1
========================================================================
Received Import Request.
  Time since last request: 0,000033 seconds.
  path: Assets/Brick Project Studio/Apartment Kit/Common/Materials/Surface/Red Wine.mat
  artifactKey: Guid(4395ee91f3c8a8245ac3acea11839b80) Importer(815301076,1909f56bfc062723c751e8b465ee728b)
Number of updated assets reloaded before import = 0
Start importing Assets/Brick Project Studio/Apartment Kit/Common/Materials/Surface/Red Wine.mat using Guid(4395ee91f3c8a8245ac3acea11839b80) Importer(815301076,1909f56bfc062723c751e8b465ee728b)  -> (artifact id: 'f30d3a3e9022cbbb9807d617ca71a056') in 0,372877 seconds 
Number of asset objects unloaded after import = 1
========================================================================
Received Import Request.
  Time since last request: 0,000025 seconds.
  path: Assets/Brick Project Studio/Apartment Kit/Common/Materials/Surface/Porcelain_01.mat
  artifactKey: Guid(460d4e0c91ed8c5439e09b9b3b47c398) Importer(815301076,1909f56bfc062723c751e8b465ee728b)
Number of updated assets reloaded before import = 0
Start importing Assets/Brick Project Studio/Apartment Kit/Common/Materials/Surface/Porcelain_01.mat using Guid(460d4e0c91ed8c5439e09b9b3b47c398) Importer(815301076,1909f56bfc062723c751e8b465ee728b)  -> (artifact id: '81281cdacada8fe5d10ea8c951a5733b') in 0,058637 seconds 
Number of asset objects unloaded after import = 1
========================================================================
Received Import Request.
  Time since last request: 0,000034 seconds.
  path: Assets/Brick Project Studio/Apartment Kit/Common/Materials/Misc/Painting.mat
  artifactKey: Guid(450760a940231c348ab7f9bfdc460276) Importer(815301076,1909f56bfc062723c751e8b465ee728b)
Number of updated assets reloaded before import = 0
Start importing Assets/Brick Project Studio/Apartment Kit/Common/Materials/Misc/Painting.mat using Guid(450760a940231c348ab7f9bfdc460276) Importer(815301076,1909f56bfc062723c751e8b465ee728b)  -> (artifact id: 'e65d17f7bf1ffa79e7585771e794db64') in 0,061544 seconds 
Number of asset objects unloaded after import = 2
========================================================================
Received Import Request.
  Time since last request: 0,000056 seconds.
  path: Assets/Brick Project Studio/Apartment Kit/Common/Models/Vase.fbx
  artifactKey: Guid(2b4a2d31e35c5ce4cacda7ea46d6d187) Importer(815301076,1909f56bfc062723c751e8b465ee728b)
Number of updated assets reloaded before import = 0
Start importing Assets/Brick Project Studio/Apartment Kit/Common/Models/Vase.fbx using Guid(2b4a2d31e35c5ce4cacda7ea46d6d187) Importer(815301076,1909f56bfc062723c751e8b465ee728b)  -> (artifact id: 'e3a0a62e5923e63ef718232697399c86') in 0,083207 seconds 
Number of asset objects unloaded after import = 8
========================================================================
Received Import Request.
  Time since last request: 0,000027 seconds.
  path: Assets/Brick Project Studio/_BPS Basic Assets/Common/Materials/Restroom/RR_SoapLabel.mat
  artifactKey: Guid(66fe060a1655b474b9ce1641bbf19f9d) Importer(815301076,1909f56bfc062723c751e8b465ee728b)
Number of updated assets reloaded before import = 0
Start importing Assets/Brick Project Studio/_BPS Basic Assets/Common/Materials/Restroom/RR_SoapLabel.mat using Guid(66fe060a1655b474b9ce1641bbf19f9d) Importer(815301076,1909f56bfc062723c751e8b465ee728b)  -> (artifact id: '969b6a3fc91429b5e0332b41d6384674') in 0,743738 seconds 
Number of asset objects unloaded after import = 2
========================================================================
Received Import Request.
  Time since last request: 0,000032 seconds.
  path: Assets/Brick Project Studio/Apartment Kit/Common/Materials/Misc/ScreenMonitor_01.mat
  artifactKey: Guid(be58df235057e3040b40406a31bcbf58) Importer(815301076,1909f56bfc062723c751e8b465ee728b)
Number of updated assets reloaded before import = 0
Start importing Assets/Brick Project Studio/Apartment Kit/Common/Materials/Misc/ScreenMonitor_01.mat using Guid(be58df235057e3040b40406a31bcbf58) Importer(815301076,1909f56bfc062723c751e8b465ee728b)  -> (artifact id: 'bcddf57bf02a970a042dd33294aad457') in 0,463241 seconds 
Number of asset objects unloaded after import = 2
========================================================================
Received Import Request.
  Time since last request: 0,000036 seconds.
  path: Assets/Brick Project Studio/_BPS Basic Assets/Common/Materials/Restroom/RR_Soap.mat
  artifactKey: Guid(c822a288072f2c7478063b318d9f9534) Importer(815301076,1909f56bfc062723c751e8b465ee728b)
Number of updated assets reloaded before import = 0
Start importing Assets/Brick Project Studio/_BPS Basic Assets/Common/Materials/Restroom/RR_Soap.mat using Guid(c822a288072f2c7478063b318d9f9534) Importer(815301076,1909f56bfc062723c751e8b465ee728b)  -> (artifact id: 'aa5477156a008e0f88f24b829018131c') in 0,432939 seconds 
Number of asset objects unloaded after import = 2
========================================================================
Received Import Request.
  Time since last request: 0,000032 seconds.
  path: Assets/Simple Garage/Materials/Small stool albedo.mat
  artifactKey: Guid(df3619f9104793a45a4388dddf4291ed) Importer(815301076,1909f56bfc062723c751e8b465ee728b)
Number of updated assets reloaded before import = 0
Start importing Assets/Simple Garage/Materials/Small stool albedo.mat using Guid(df3619f9104793a45a4388dddf4291ed) Importer(815301076,1909f56bfc062723c751e8b465ee728b)  -> (artifact id: 'c90691197782bd8754a246fdcf520881') in 0,027567 seconds 
Number of asset objects unloaded after import = 3
========================================================================
Received Import Request.
  Time since last request: 0,000046 seconds.
  path: Assets/Brick Project Studio/Apartment Kit/Common/Materials/Surface/RedLight_01.mat
  artifactKey: Guid(4bb7c435fb1657c42a9ec5ad46b7100a) Importer(815301076,1909f56bfc062723c751e8b465ee728b)
Number of updated assets reloaded before import = 0
Start importing Assets/Brick Project Studio/Apartment Kit/Common/Materials/Surface/RedLight_01.mat using Guid(4bb7c435fb1657c42a9ec5ad46b7100a) Importer(815301076,1909f56bfc062723c751e8b465ee728b)  -> (artifact id: 'e73e071b38bf88402138983ee5f769e9') in 0,051745 seconds 
Number of asset objects unloaded after import = 1
========================================================================
Received Import Request.
  Time since last request: 0,000022 seconds.
  path: Assets/ADI/Voxel Office Props/Models/Materials/smartPhoneMat.mat
  artifactKey: Guid(e31acf7af37f9cb4a9c2ed15b1cd423f) Importer(815301076,1909f56bfc062723c751e8b465ee728b)
Number of updated assets reloaded before import = 0
Start importing Assets/ADI/Voxel Office Props/Models/Materials/smartPhoneMat.mat using Guid(e31acf7af37f9cb4a9c2ed15b1cd423f) Importer(815301076,1909f56bfc062723c751e8b465ee728b)  -> (artifact id: 'c7f0f8275858a645301443c92ffec52c') in 0,029156 seconds 
Number of asset objects unloaded after import = 1
========================================================================
Received Import Request.
  Time since last request: 0,000020 seconds.
  path: Packages/com.unity.probuilder/Content/Resources/Materials/StandardVertexColorLWRP.mat
  artifactKey: Guid(077a003b1de1e4c35923be7a21b5d948) Importer(815301076,1909f56bfc062723c751e8b465ee728b)
Number of updated assets reloaded before import = 0
Start importing Packages/com.unity.probuilder/Content/Resources/Materials/StandardVertexColorLWRP.mat using Guid(077a003b1de1e4c35923be7a21b5d948) Importer(815301076,1909f56bfc062723c751e8b465ee728b)  -> (artifact id: 'ef7061d4880a5061bdd12eb505a20272') in 0,018600 seconds 
Number of asset objects unloaded after import = 2
========================================================================
Received Import Request.
  Time since last request: 0,000023 seconds.
  path: Assets/Brick Project Studio/Apartment Kit/Common/Materials/Surface/Shiny Metal_04.mat
  artifactKey: Guid(48852ed51db63954399f7facee033ea4) Importer(815301076,1909f56bfc062723c751e8b465ee728b)
Number of updated assets reloaded before import = 0
Start importing Assets/Brick Project Studio/Apartment Kit/Common/Materials/Surface/Shiny Metal_04.mat using Guid(48852ed51db63954399f7facee033ea4) Importer(815301076,1909f56bfc062723c751e8b465ee728b)  -> (artifact id: '31a28b4dd23545d5c9521a2662a5bd8f') in 0,028851 seconds 
Number of asset objects unloaded after import = 1
========================================================================
Received Import Request.
  Time since last request: 0,000020 seconds.
  path: Assets/Brick Project Studio/Apartment Kit/Common/Models/wine thin glass.fbx
  artifactKey: Guid(09cb81f6ddeeb3046979371d041373b5) Importer(815301076,1909f56bfc062723c751e8b465ee728b)
Number of updated assets reloaded before import = 0
Start importing Assets/Brick Project Studio/Apartment Kit/Common/Models/wine thin glass.fbx using Guid(09cb81f6ddeeb3046979371d041373b5) Importer(815301076,1909f56bfc062723c751e8b465ee728b)  -> (artifact id: '60b853cb33464e50dafb36386c307c09') in 0,086073 seconds 
Number of asset objects unloaded after import = 8
========================================================================
Received Import Request.
  Time since last request: 0,000027 seconds.
  path: Assets/Brick Project Studio/_BPS Basic Assets/Common/Models/Legacy/office chair.fbx
  artifactKey: Guid(0156872a951ba6e44a3a8596040789c9) Importer(815301076,1909f56bfc062723c751e8b465ee728b)
Number of updated assets reloaded before import = 0
Start importing Assets/Brick Project Studio/_BPS Basic Assets/Common/Models/Legacy/office chair.fbx using Guid(0156872a951ba6e44a3a8596040789c9) Importer(815301076,1909f56bfc062723c751e8b465ee728b)  -> (artifact id: '3f2d0fb438505b67a43b98e0c9b4d36d') in 0,584727 seconds 
Number of asset objects unloaded after import = 48
========================================================================
Received Import Request.
  Time since last request: 0,000038 seconds.
  path: Packages/com.unity.probuilder/Content/Resources/Materials/StandardVertexColorHDRP.mat
  artifactKey: Guid(c35693c079f3840f7938a4a323096e84) Importer(815301076,1909f56bfc062723c751e8b465ee728b)
Number of updated assets reloaded before import = 0
Start importing Packages/com.unity.probuilder/Content/Resources/Materials/StandardVertexColorHDRP.mat using Guid(c35693c079f3840f7938a4a323096e84) Importer(815301076,1909f56bfc062723c751e8b465ee728b)  -> (artifact id: '436a4e1ea35f39adb6e6c1aff58a898b') in 0,008798 seconds 
Number of asset objects unloaded after import = 2
========================================================================
Received Import Request.
  Time since last request: 0,000028 seconds.
  path: Assets/turtlebot3-foxy-devel/Materials/red.mat
  artifactKey: Guid(8a13b6509ebd66c35aa103f515891da8) Importer(815301076,1909f56bfc062723c751e8b465ee728b)
Number of updated assets reloaded before import = 0
Start importing Assets/turtlebot3-foxy-devel/Materials/red.mat using Guid(8a13b6509ebd66c35aa103f515891da8) Importer(815301076,1909f56bfc062723c751e8b465ee728b)  -> (artifact id: '2017450c8bafed530a8f4e42fd201a32') in 0,101945 seconds 
Number of asset objects unloaded after import = 1
========================================================================
Received Import Request.
  Time since last request: 0,000021 seconds.
  path: Assets/Brick Project Studio/Apartment Kit/Common/Materials/Surface/Red_01.mat
  artifactKey: Guid(fc572b7f1f43b3a42810a51f8c8ee969) Importer(815301076,1909f56bfc062723c751e8b465ee728b)
Number of updated assets reloaded before import = 0
Start importing Assets/Brick Project Studio/Apartment Kit/Common/Materials/Surface/Red_01.mat using Guid(fc572b7f1f43b3a42810a51f8c8ee969) Importer(815301076,1909f56bfc062723c751e8b465ee728b)  -> (artifact id: '3f06a5888d3a05ffd4b32f2f6c2506eb') in 0,043549 seconds 
Number of asset objects unloaded after import = 1
========================================================================
Received Import Request.
  Time since last request: 0,000025 seconds.
  path: Assets/ADI/Voxel Office Props/Models/Materials/projectorMat.mat
  artifactKey: Guid(64ed7d7c2fce4c944a701ecdab867bd1) Importer(815301076,1909f56bfc062723c751e8b465ee728b)
Number of updated assets reloaded before import = 0
Start importing Assets/ADI/Voxel Office Props/Models/Materials/projectorMat.mat using Guid(64ed7d7c2fce4c944a701ecdab867bd1) Importer(815301076,1909f56bfc062723c751e8b465ee728b)  -> (artifact id: 'a09a0af4db848021cf51a006acf71b08') in 0,023516 seconds 
Number of asset objects unloaded after import = 1
========================================================================
Received Import Request.
  Time since last request: 0,000033 seconds.
  path: Assets/Simple Garage/Materials/Metal_Corrogated_Shiny.mat
  artifactKey: Guid(3101f5fcaa024284ba283f278804f7a3) Importer(815301076,1909f56bfc062723c751e8b465ee728b)
Number of updated assets reloaded before import = 0
Start importing Assets/Simple Garage/Materials/Metal_Corrogated_Shiny.mat using Guid(3101f5fcaa024284ba283f278804f7a3) Importer(815301076,1909f56bfc062723c751e8b465ee728b)  -> (artifact id: 'c74842eb042962c211b97e716030cdb6') in 0,030840 seconds 
Number of asset objects unloaded after import = 2
========================================================================
Received Import Request.
  Time since last request: 0,045485 seconds.
  path: Packages/com.unity.robotics.visualizations/Runtime/Drawing3d/Materials/UnlitPointCloudAdditive.mat
  artifactKey: Guid(88a5198f9a6e057478116eb7e1e4c2f1) Importer(815301076,1909f56bfc062723c751e8b465ee728b)
Number of updated assets reloaded before import = 0
Start importing Packages/com.unity.robotics.visualizations/Runtime/Drawing3d/Materials/UnlitPointCloudAdditive.mat using Guid(88a5198f9a6e057478116eb7e1e4c2f1) Importer(815301076,1909f56bfc062723c751e8b465ee728b)  -> (artifact id: '76aec3d99ee3547024a38de1bd349ef9') in 0,128202 seconds 
Number of asset objects unloaded after import = 2
========================================================================
Received Import Request.
  Time since last request: 0,000023 seconds.
  path: Packages/com.unity.robotics.visualizations/Runtime/Drawing3d/Materials/UnlitVertexColor.mat
  artifactKey: Guid(8acbae034b3d2ca42bbca7e21e3f964f) Importer(815301076,1909f56bfc062723c751e8b465ee728b)
Number of updated assets reloaded before import = 0
Start importing Packages/com.unity.robotics.visualizations/Runtime/Drawing3d/Materials/UnlitVertexColor.mat using Guid(8acbae034b3d2ca42bbca7e21e3f964f) Importer(815301076,1909f56bfc062723c751e8b465ee728b)  -> (artifact id: 'fd8532351909560701c6f3f3d53ea792') in 0,007844 seconds 
Number of asset objects unloaded after import = 1
========================================================================
Received Import Request.
  Time since last request: 0,000022 seconds.
  path: Assets/Brick Project Studio/Apartment Kit/Common/Materials/Misc/WallArt_Apt_02.mat
  artifactKey: Guid(9fe643e01fee71e4e8eb0fdd60b24118) Importer(815301076,1909f56bfc062723c751e8b465ee728b)
Number of updated assets reloaded before import = 0
Start importing Assets/Brick Project Studio/Apartment Kit/Common/Materials/Misc/WallArt_Apt_02.mat using Guid(9fe643e01fee71e4e8eb0fdd60b24118) Importer(815301076,1909f56bfc062723c751e8b465ee728b)  -> (artifact id: '740a8bf51a05e8296f5b8306d396c693') in 0,391977 seconds 
Number of asset objects unloaded after import = 2
========================================================================
Received Import Request.
  Time since last request: 0,000034 seconds.
  path: Assets/Brick Project Studio/Apartment Kit/Common/Materials/Misc/WallArt_Apt_03.mat
  artifactKey: Guid(a79b9dfdb7c8f754f8d5fd1924ac5fdf) Importer(815301076,1909f56bfc062723c751e8b465ee728b)
Number of updated assets reloaded before import = 0
Start importing Assets/Brick Project Studio/Apartment Kit/Common/Materials/Misc/WallArt_Apt_03.mat using Guid(a79b9dfdb7c8f754f8d5fd1924ac5fdf) Importer(815301076,1909f56bfc062723c751e8b465ee728b)  -> (artifact id: 'dcab21e58069007864c5c2947e3cc6ca') in 0,039626 seconds 
Number of asset objects unloaded after import = 2
========================================================================
Received Import Request.
  Time since last request: 0,000034 seconds.
  path: Assets/Brick Project Studio/Apartment Kit/Common/Materials/Misc/WallArt_Apt_01.mat
  artifactKey: Guid(2078401f2a19e7e4aa88ce0df5064d71) Importer(815301076,1909f56bfc062723c751e8b465ee728b)
Number of updated assets reloaded before import = 0
Start importing Assets/Brick Project Studio/Apartment Kit/Common/Materials/Misc/WallArt_Apt_01.mat using Guid(2078401f2a19e7e4aa88ce0df5064d71) Importer(815301076,1909f56bfc062723c751e8b465ee728b)  -> (artifact id: 'b9a90f1415e312199c911badb042a098') in 0,064575 seconds 
Number of asset objects unloaded after import = 2
========================================================================
Received Import Request.
  Time since last request: 1,964429 seconds.
  path: Assets/Brick Project Studio/Apartment Kit/Common/Materials/Surface/White Wood.mat
  artifactKey: Guid(fb7d7a07b2942ca4cb6a6c38d807c8ea) Importer(815301076,1909f56bfc062723c751e8b465ee728b)
Number of updated assets reloaded before import = 0
Start importing Assets/Brick Project Studio/Apartment Kit/Common/Materials/Surface/White Wood.mat using Guid(fb7d7a07b2942ca4cb6a6c38d807c8ea) Importer(815301076,1909f56bfc062723c751e8b465ee728b)  -> (artifact id: 'fc6e369ba7851d1bdb5206f70313b284') in 0,080608 seconds 
Number of asset objects unloaded after import = 3
========================================================================
Received Import Request.
  Time since last request: 0,000016 seconds.
  path: Assets/Brick Project Studio/Apartment Kit/Common/Materials/Surface/WhiteDull.mat
  artifactKey: Guid(ac3fc719b726a894c8420c2dfeb24547) Importer(815301076,1909f56bfc062723c751e8b465ee728b)
Number of updated assets reloaded before import = 0
Start importing Assets/Brick Project Studio/Apartment Kit/Common/Materials/Surface/WhiteDull.mat using Guid(ac3fc719b726a894c8420c2dfeb24547) Importer(815301076,1909f56bfc062723c751e8b465ee728b)  -> (artifact id: 'b53eb635a3f07de14f568ec9d71d7072') in 0,028751 seconds 
Number of asset objects unloaded after import = 1
========================================================================
Received Import Request.
  Time since last request: 0,000021 seconds.
  path: Assets/Simple Garage/Materials/Wood059_2K_Color_bake.mat
  artifactKey: Guid(a7e59ec9ef1286f45b5300599fb0f18e) Importer(815301076,1909f56bfc062723c751e8b465ee728b)
Number of updated assets reloaded before import = 0
Start importing Assets/Simple Garage/Materials/Wood059_2K_Color_bake.mat using Guid(a7e59ec9ef1286f45b5300599fb0f18e) Importer(815301076,1909f56bfc062723c751e8b465ee728b)  -> (artifact id: 'b32b73e15e4584dacc4e3054cb5d2590') in 0,026619 seconds 
Number of asset objects unloaded after import = 3
========================================================================
Received Import Request.
  Time since last request: 0,000017 seconds.
  path: Assets/Simple Garage/Materials/Wood.003 albedo.mat
  artifactKey: Guid(a95576eaba45913448e2a05b86198535) Importer(815301076,1909f56bfc062723c751e8b465ee728b)
Number of updated assets reloaded before import = 0
Start importing Assets/Simple Garage/Materials/Wood.003 albedo.mat using Guid(a95576eaba45913448e2a05b86198535) Importer(815301076,1909f56bfc062723c751e8b465ee728b)  -> (artifact id: '71a29b56369ca7f961b7f56de09fb17d') in 0,031976 seconds 
Number of asset objects unloaded after import = 3
========================================================================
Received Import Request.
  Time since last request: 0,000027 seconds.
  path: Assets/Brick Project Studio/_BPS Basic Assets/Common/Textures/Legacy/Materials/Wood Floor 01.mat
  artifactKey: Guid(98eeb4a7ab68a9e269ebd2b19965fc1a) Importer(815301076,1909f56bfc062723c751e8b465ee728b)
Number of updated assets reloaded before import = 0
Start importing Assets/Brick Project Studio/_BPS Basic Assets/Common/Textures/Legacy/Materials/Wood Floor 01.mat using Guid(98eeb4a7ab68a9e269ebd2b19965fc1a) Importer(815301076,1909f56bfc062723c751e8b465ee728b)  -> (artifact id: 'c5e275ae0b17c83f35e33a3a6fc5a721') in 0,026915 seconds 
Number of asset objects unloaded after import = 2
========================================================================
Received Import Request.
  Time since last request: 0,425701 seconds.
  path: Assets/Simple Garage/Materials/worn_metal4_albedo.mat
  artifactKey: Guid(115ea869919384c4b8d1450d85ef1a7e) Importer(815301076,1909f56bfc062723c751e8b465ee728b)
Number of updated assets reloaded before import = 0
Start importing Assets/Simple Garage/Materials/worn_metal4_albedo.mat using Guid(115ea869919384c4b8d1450d85ef1a7e) Importer(815301076,1909f56bfc062723c751e8b465ee728b)  -> (artifact id: '2a81b6e0da68dd242476a9f224dd7799') in 0,024758 seconds 
Number of asset objects unloaded after import = 3
========================================================================
Received Prepare
Registering precompiled user dll's ...
Registered in 0,002142 seconds.
Begin MonoManager ReloadAssembly
Native extension for LinuxStandalone target not found
Refreshing native plugins compatible for Editor in 0,73 ms, found 2 plugins.
Preloading 0 native plugins for Editor in 0,00 ms.
[Package Manager] Server::EnsureServerProcessIsRunning -- launch failed, reason: Unity was launched with the -noUpm command-line argument
[Package Manager] Cannot connect to Unity Package Manager local server
System.Exception: Error! Visual Scripting: couldn't find visual scripting package
  at Unity.VisualScripting.PackageVersionUtility.get_version () [0x00043] in /home/hmcelik/Desktop/My project/Library/PackageCache/com.unity.visualscripting@1.9.4/Editor/VisualScripting.Core/Utilities/PackageVersionUtility.cs:31 
  at Unity.VisualScripting.BoltCoreManifest.get_version () [0x00000] in /home/hmcelik/Desktop/My project/Library/PackageCache/com.unity.visualscripting@1.9.4/Editor/VisualScripting.Core/Plugin/BoltCoreManifest.cs:11 
  at Unity.VisualScripting.PluginManifest.get_currentVersion () [0x00000] in /home/hmcelik/Desktop/My project/Library/PackageCache/com.unity.visualscripting@1.9.4/Editor/VisualScripting.Core/Plugins/PluginManifest.cs:33 
  at Unity.VisualScripting.PluginManifest.get_versionMismatch () [0x00000] in /home/hmcelik/Desktop/My project/Library/PackageCache/com.unity.visualscripting@1.9.4/Editor/VisualScripting.Core/Plugins/PluginManifest.cs:48 
  at Unity.VisualScripting.PluginContainer.Initialize () [0x00525] in /home/hmcelik/Desktop/My project/Library/PackageCache/com.unity.visualscripting@1.9.4/Editor/VisualScripting.Core/Plugins/PluginContainer.cs:208 
  at Unity.VisualScripting.PluginContainer.InitializeOnLoad () [0x00009] in /home/hmcelik/Desktop/My project/Library/PackageCache/com.unity.visualscripting@1.9.4/Editor/VisualScripting.Core/Plugins/PluginContainer.cs:32 
  at Unity.VisualScripting.VSUsageUtility.DoInitializeOnLoadCalls () [0x00034] in /home/hmcelik/Desktop/My project/Library/PackageCache/com.unity.visualscripting@1.9.4/Editor/VisualScripting.Core/Utilities/VSUsageUtility.cs:76 
  at Unity.VisualScripting.VSUsageUtility.set_isVisualScriptingUsed (System.Boolean value) [0x0002c] in /home/hmcelik/Desktop/My project/Library/PackageCache/com.unity.visualscripting@1.9.4/Editor/VisualScripting.Core/Utilities/VSUsageUtility.cs:114 
  at Unity.VisualScripting.VSUsageUtility.CheckAndSetIsVisualScriptingUsed () [0x0000d] in /home/hmcelik/Desktop/My project/Library/PackageCache/com.unity.visualscripting@1.9.4/Editor/VisualScripting.Core/Utilities/VSUsageUtility.cs:33 
  at Unity.VisualScripting.VSUsageUtility..cctor () [0x00000] in /home/hmcelik/Desktop/My project/Library/PackageCache/com.unity.visualscripting@1.9.4/Editor/VisualScripting.Core/Utilities/VSUsageUtility.cs:22 
UnityEngine.StackTraceUtility:ExtractStackTrace () (at /home/bokken/build/output/unity/unity/Runtime/Export/Scripting/StackTrace.cs:37)
UnityEngine.DebugLogHandler:LogFormat (UnityEngine.LogType,UnityEngine.Object,string,object[])
UnityEngine.Logger:Log (UnityEngine.LogType,object)
UnityEngine.Debug:LogError (object)
UnityEditor.EditorAssemblies:ProcessInitializeOnLoadAttributes (System.Type[]) (at /home/bokken/build/output/unity/unity/Editor/Mono/EditorAssemblies.cs:134)

(Filename: /home/bokken/build/output/unity/unity/Editor/Mono/EditorAssemblies.cs Line: 134)

Mono: successfully reloaded assembly
- Completed reload, in  1,516 seconds
Domain Reload Profiling:
	ReloadAssembly (1516ms)
		BeginReloadAssembly (116ms)
			ExecutionOrderSort (0ms)
			DisableScriptedObjects (3ms)
			BackupInstance (0ms)
			ReleaseScriptingObjects (0ms)
			CreateAndSetChildDomain (40ms)
		EndReloadAssembly (1334ms)
			LoadAssemblies (44ms)
			RebuildTransferFunctionScriptingTraits (0ms)
			SetupTypeCache (222ms)
			ReleaseScriptCaches (1ms)
			RebuildScriptCaches (51ms)
			SetupLoadedEditorAssemblies (816ms)
				LogAssemblyErrors (0ms)
				InitializePlatformSupportModulesInManaged (10ms)
				SetLoadedEditorAssemblies (0ms)
				RefreshPlugins (1ms)
				BeforeProcessingInitializeOnLoad (44ms)
				ProcessInitializeOnLoadAttributes (720ms)
				ProcessInitializeOnLoadMethodAttributes (36ms)
				AfterProcessingInitializeOnLoad (5ms)
				EditorAssembliesLoaded (0ms)
			ExecutionOrderSort2 (0ms)
			AwakeInstancesAfterBackupRestoration (5ms)
Platform modules already initialized, skipping
Refreshing native plugins compatible for Editor in 1,10 ms, found 2 plugins.
Preloading 0 native plugins for Editor in 0,00 ms.
Unloading 3980 Unused Serialized files (Serialized files now loaded: 0)
Unloading 55 unused Assets / (46,9 KB). Loaded Objects now: 4654.
Memory consumption went from 138,3 MB to 138,3 MB.
Total: 23,083497 ms (FindLiveObjects: 0,247408 ms CreateObjectMapping: 0,108540 ms MarkObjects: 22,591591 ms  DeleteObjects: 0,134807 ms)

AssetImportParameters requested are different than current active one (requested -> active):
  custom:video-decoder-ogg-theora: a1e56fd34408186e4bbccfd4996cb3dc -> 
  custom:container-muxer-webm: aa71ff27fc2769a1b78a27578f13a17b -> 
  custom:container-demuxer-webm: 4f35f7cbe854078d1ac9338744f61a02 -> 
  custom:video-encoder-webm-vp8: eb34c28f22e8b96e1ab97ce403110664 -> 
  custom:CustomObjectIndexerAttribute: bc11b3a6c3213fcdd17b65e7da85e133 -> 
  custom:audio-encoder-webm-vorbis: bf7c407c2cedff20999df2af8eb42d56 -> 
  custom:SearchIndexIgnoredProperties: e643bd26f0fe6173181afceb89e7c659 -> 
  custom:container-demuxer-ogg: 62fdf1f143b41e24485cea50d1cbac27 -> 
  custom:video-decoder-webm-vp8: 9c59270c3fd7afecdb556c50c9e8de78 -> 
  custom:audio-decoder-ogg-vorbis: bf7c407c2cedff20999df2af8eb42d56 -> 
========================================================================
Received Prepare
Registering precompiled user dll's ...
Registered in 0,001857 seconds.
Begin MonoManager ReloadAssembly
Native extension for LinuxStandalone target not found
Refreshing native plugins compatible for Editor in 1,11 ms, found 2 plugins.
Preloading 0 native plugins for Editor in 0,00 ms.
[Package Manager] Server::EnsureServerProcessIsRunning -- launch failed, reason: Unity was launched with the -noUpm command-line argument
[Package Manager] Cannot connect to Unity Package Manager local server
System.Exception: Error! Visual Scripting: couldn't find visual scripting package
  at Unity.VisualScripting.PackageVersionUtility.get_version () [0x00043] in /home/hmcelik/Desktop/My project/Library/PackageCache/com.unity.visualscripting@1.9.4/Editor/VisualScripting.Core/Utilities/PackageVersionUtility.cs:31 
  at Unity.VisualScripting.BoltCoreManifest.get_version () [0x00000] in /home/hmcelik/Desktop/My project/Library/PackageCache/com.unity.visualscripting@1.9.4/Editor/VisualScripting.Core/Plugin/BoltCoreManifest.cs:11 
  at Unity.VisualScripting.PluginManifest.get_currentVersion () [0x00000] in /home/hmcelik/Desktop/My project/Library/PackageCache/com.unity.visualscripting@1.9.4/Editor/VisualScripting.Core/Plugins/PluginManifest.cs:33 
  at Unity.VisualScripting.PluginManifest.get_versionMismatch () [0x00000] in /home/hmcelik/Desktop/My project/Library/PackageCache/com.unity.visualscripting@1.9.4/Editor/VisualScripting.Core/Plugins/PluginManifest.cs:48 
  at Unity.VisualScripting.PluginContainer.Initialize () [0x00525] in /home/hmcelik/Desktop/My project/Library/PackageCache/com.unity.visualscripting@1.9.4/Editor/VisualScripting.Core/Plugins/PluginContainer.cs:208 
  at Unity.VisualScripting.PluginContainer.InitializeOnLoad () [0x00009] in /home/hmcelik/Desktop/My project/Library/PackageCache/com.unity.visualscripting@1.9.4/Editor/VisualScripting.Core/Plugins/PluginContainer.cs:32 
  at Unity.VisualScripting.VSUsageUtility.DoInitializeOnLoadCalls () [0x00034] in /home/hmcelik/Desktop/My project/Library/PackageCache/com.unity.visualscripting@1.9.4/Editor/VisualScripting.Core/Utilities/VSUsageUtility.cs:76 
  at Unity.VisualScripting.VSUsageUtility.set_isVisualScriptingUsed (System.Boolean value) [0x0002c] in /home/hmcelik/Desktop/My project/Library/PackageCache/com.unity.visualscripting@1.9.4/Editor/VisualScripting.Core/Utilities/VSUsageUtility.cs:114 
  at Unity.VisualScripting.VSUsageUtility.CheckAndSetIsVisualScriptingUsed () [0x0000d] in /home/hmcelik/Desktop/My project/Library/PackageCache/com.unity.visualscripting@1.9.4/Editor/VisualScripting.Core/Utilities/VSUsageUtility.cs:33 
  at Unity.VisualScripting.VSUsageUtility..cctor () [0x00000] in /home/hmcelik/Desktop/My project/Library/PackageCache/com.unity.visualscripting@1.9.4/Editor/VisualScripting.Core/Utilities/VSUsageUtility.cs:22 
UnityEngine.StackTraceUtility:ExtractStackTrace () (at /home/bokken/build/output/unity/unity/Runtime/Export/Scripting/StackTrace.cs:37)
UnityEngine.DebugLogHandler:LogFormat (UnityEngine.LogType,UnityEngine.Object,string,object[])
UnityEngine.Logger:Log (UnityEngine.LogType,object)
UnityEngine.Debug:LogError (object)
UnityEditor.EditorAssemblies:ProcessInitializeOnLoadAttributes (System.Type[]) (at /home/bokken/build/output/unity/unity/Editor/Mono/EditorAssemblies.cs:134)

(Filename: /home/bokken/build/output/unity/unity/Editor/Mono/EditorAssemblies.cs Line: 134)

Mono: successfully reloaded assembly
- Completed reload, in  1,398 seconds
Domain Reload Profiling:
	ReloadAssembly (1398ms)
		BeginReloadAssembly (120ms)
			ExecutionOrderSort (0ms)
			DisableScriptedObjects (4ms)
			BackupInstance (0ms)
			ReleaseScriptingObjects (0ms)
			CreateAndSetChildDomain (43ms)
		EndReloadAssembly (1212ms)
			LoadAssemblies (44ms)
			RebuildTransferFunctionScriptingTraits (0ms)
			SetupTypeCache (272ms)
			ReleaseScriptCaches (1ms)
			RebuildScriptCaches (29ms)
			SetupLoadedEditorAssemblies (702ms)
				LogAssemblyErrors (0ms)
				InitializePlatformSupportModulesInManaged (10ms)
				SetLoadedEditorAssemblies (0ms)
				RefreshPlugins (1ms)
				BeforeProcessingInitializeOnLoad (44ms)
				ProcessInitializeOnLoadAttributes (619ms)
				ProcessInitializeOnLoadMethodAttributes (25ms)
				AfterProcessingInitializeOnLoad (3ms)
				EditorAssembliesLoaded (0ms)
			ExecutionOrderSort2 (0ms)
			AwakeInstancesAfterBackupRestoration (3ms)
Platform modules already initialized, skipping
Refreshing native plugins compatible for Editor in 0,72 ms, found 2 plugins.
Preloading 0 native plugins for Editor in 0,00 ms.
Unloading 3980 Unused Serialized files (Serialized files now loaded: 0)
Unloading 55 unused Assets / (56,2 KB). Loaded Objects now: 4658.
Memory consumption went from 138,4 MB to 138,3 MB.
Total: 11,020485 ms (FindLiveObjects: 0,349211 ms CreateObjectMapping: 0,200813 ms MarkObjects: 10,383379 ms  DeleteObjects: 0,086008 ms)

AssetImportParameters requested are different than current active one (requested -> active):
  custom:video-decoder-ogg-theora: a1e56fd34408186e4bbccfd4996cb3dc -> 
  custom:container-muxer-webm: aa71ff27fc2769a1b78a27578f13a17b -> 
  custom:container-demuxer-webm: 4f35f7cbe854078d1ac9338744f61a02 -> 
  custom:video-encoder-webm-vp8: eb34c28f22e8b96e1ab97ce403110664 -> 
  custom:CustomObjectIndexerAttribute: bc11b3a6c3213fcdd17b65e7da85e133 -> 
  custom:audio-encoder-webm-vorbis: bf7c407c2cedff20999df2af8eb42d56 -> 
  custom:SearchIndexIgnoredProperties: e643bd26f0fe6173181afceb89e7c659 -> 
  custom:container-demuxer-ogg: 62fdf1f143b41e24485cea50d1cbac27 -> 
  custom:video-decoder-webm-vp8: 9c59270c3fd7afecdb556c50c9e8de78 -> 
  custom:audio-decoder-ogg-vorbis: bf7c407c2cedff20999df2af8eb42d56 -> 
========================================================================
Received Prepare
Registering precompiled user dll's ...
Registered in 0,002234 seconds.
Begin MonoManager ReloadAssembly
Native extension for LinuxStandalone target not found
Refreshing native plugins compatible for Editor in 0,64 ms, found 2 plugins.
Preloading 0 native plugins for Editor in 0,00 ms.
[Package Manager] Server::EnsureServerProcessIsRunning -- launch failed, reason: Unity was launched with the -noUpm command-line argument
[Package Manager] Cannot connect to Unity Package Manager local server
System.Exception: Error! Visual Scripting: couldn't find visual scripting package
  at Unity.VisualScripting.PackageVersionUtility.get_version () [0x00043] in /home/hmcelik/Desktop/My project/Library/PackageCache/com.unity.visualscripting@1.9.4/Editor/VisualScripting.Core/Utilities/PackageVersionUtility.cs:31 
  at Unity.VisualScripting.BoltCoreManifest.get_version () [0x00000] in /home/hmcelik/Desktop/My project/Library/PackageCache/com.unity.visualscripting@1.9.4/Editor/VisualScripting.Core/Plugin/BoltCoreManifest.cs:11 
  at Unity.VisualScripting.PluginManifest.get_currentVersion () [0x00000] in /home/hmcelik/Desktop/My project/Library/PackageCache/com.unity.visualscripting@1.9.4/Editor/VisualScripting.Core/Plugins/PluginManifest.cs:33 
  at Unity.VisualScripting.PluginManifest.get_versionMismatch () [0x00000] in /home/hmcelik/Desktop/My project/Library/PackageCache/com.unity.visualscripting@1.9.4/Editor/VisualScripting.Core/Plugins/PluginManifest.cs:48 
  at Unity.VisualScripting.PluginContainer.Initialize () [0x00525] in /home/hmcelik/Desktop/My project/Library/PackageCache/com.unity.visualscripting@1.9.4/Editor/VisualScripting.Core/Plugins/PluginContainer.cs:208 
  at Unity.VisualScripting.PluginContainer.InitializeOnLoad () [0x00009] in /home/hmcelik/Desktop/My project/Library/PackageCache/com.unity.visualscripting@1.9.4/Editor/VisualScripting.Core/Plugins/PluginContainer.cs:32 
  at Unity.VisualScripting.VSUsageUtility.DoInitializeOnLoadCalls () [0x00034] in /home/hmcelik/Desktop/My project/Library/PackageCache/com.unity.visualscripting@1.9.4/Editor/VisualScripting.Core/Utilities/VSUsageUtility.cs:76 
  at Unity.VisualScripting.VSUsageUtility.set_isVisualScriptingUsed (System.Boolean value) [0x0002c] in /home/hmcelik/Desktop/My project/Library/PackageCache/com.unity.visualscripting@1.9.4/Editor/VisualScripting.Core/Utilities/VSUsageUtility.cs:114 
  at Unity.VisualScripting.VSUsageUtility.CheckAndSetIsVisualScriptingUsed () [0x0000d] in /home/hmcelik/Desktop/My project/Library/PackageCache/com.unity.visualscripting@1.9.4/Editor/VisualScripting.Core/Utilities/VSUsageUtility.cs:33 
  at Unity.VisualScripting.VSUsageUtility..cctor () [0x00000] in /home/hmcelik/Desktop/My project/Library/PackageCache/com.unity.visualscripting@1.9.4/Editor/VisualScripting.Core/Utilities/VSUsageUtility.cs:22 
UnityEngine.StackTraceUtility:ExtractStackTrace () (at /home/bokken/build/output/unity/unity/Runtime/Export/Scripting/StackTrace.cs:37)
UnityEngine.DebugLogHandler:LogFormat (UnityEngine.LogType,UnityEngine.Object,string,object[])
UnityEngine.Logger:Log (UnityEngine.LogType,object)
UnityEngine.Debug:LogError (object)
UnityEditor.EditorAssemblies:ProcessInitializeOnLoadAttributes (System.Type[]) (at /home/bokken/build/output/unity/unity/Editor/Mono/EditorAssemblies.cs:134)

(Filename: /home/bokken/build/output/unity/unity/Editor/Mono/EditorAssemblies.cs Line: 134)

Mono: successfully reloaded assembly
- Completed reload, in  1,357 seconds
Domain Reload Profiling:
	ReloadAssembly (1358ms)
		BeginReloadAssembly (120ms)
			ExecutionOrderSort (0ms)
			DisableScriptedObjects (4ms)
			BackupInstance (0ms)
			ReleaseScriptingObjects (0ms)
			CreateAndSetChildDomain (40ms)
		EndReloadAssembly (1171ms)
			LoadAssemblies (40ms)
			RebuildTransferFunctionScriptingTraits (0ms)
			SetupTypeCache (203ms)
			ReleaseScriptCaches (1ms)
			RebuildScriptCaches (38ms)
			SetupLoadedEditorAssemblies (666ms)
				LogAssemblyErrors (0ms)
				InitializePlatformSupportModulesInManaged (8ms)
				SetLoadedEditorAssemblies (0ms)
				RefreshPlugins (1ms)
				BeforeProcessingInitializeOnLoad (41ms)
				ProcessInitializeOnLoadAttributes (587ms)
				ProcessInitializeOnLoadMethodAttributes (25ms)
				AfterProcessingInitializeOnLoad (3ms)
				EditorAssembliesLoaded (0ms)
			ExecutionOrderSort2 (0ms)
			AwakeInstancesAfterBackupRestoration (4ms)
Platform modules already initialized, skipping
Refreshing native plugins compatible for Editor in 0,70 ms, found 2 plugins.
Preloading 0 native plugins for Editor in 0,00 ms.
Unloading 3980 Unused Serialized files (Serialized files now loaded: 0)
Unloading 55 unused Assets / (56,2 KB). Loaded Objects now: 4662.
Memory consumption went from 138,4 MB to 138,3 MB.
Total: 9,699308 ms (FindLiveObjects: 0,192466 ms CreateObjectMapping: 0,064135 ms MarkObjects: 9,367613 ms  DeleteObjects: 0,074138 ms)

AssetImportParameters requested are different than current active one (requested -> active):
  custom:video-decoder-ogg-theora: a1e56fd34408186e4bbccfd4996cb3dc -> 
  custom:container-muxer-webm: aa71ff27fc2769a1b78a27578f13a17b -> 
  custom:container-demuxer-webm: 4f35f7cbe854078d1ac9338744f61a02 -> 
  custom:video-encoder-webm-vp8: eb34c28f22e8b96e1ab97ce403110664 -> 
  custom:CustomObjectIndexerAttribute: bc11b3a6c3213fcdd17b65e7da85e133 -> 
  custom:audio-encoder-webm-vorbis: bf7c407c2cedff20999df2af8eb42d56 -> 
  custom:SearchIndexIgnoredProperties: e643bd26f0fe6173181afceb89e7c659 -> 
  custom:container-demuxer-ogg: 62fdf1f143b41e24485cea50d1cbac27 -> 
  custom:video-decoder-webm-vp8: 9c59270c3fd7afecdb556c50c9e8de78 -> 
  custom:audio-decoder-ogg-vorbis: bf7c407c2cedff20999df2af8eb42d56 -> 
========================================================================
Received Prepare
Registering precompiled user dll's ...
Registered in 0,002304 seconds.
Begin MonoManager ReloadAssembly
Native extension for LinuxStandalone target not found
Refreshing native plugins compatible for Editor in 0,65 ms, found 2 plugins.
Preloading 0 native plugins for Editor in 0,00 ms.
[Package Manager] Server::EnsureServerProcessIsRunning -- launch failed, reason: Unity was launched with the -noUpm command-line argument
[Package Manager] Cannot connect to Unity Package Manager local server
System.Exception: Error! Visual Scripting: couldn't find visual scripting package
  at Unity.VisualScripting.PackageVersionUtility.get_version () [0x00043] in /home/hmcelik/Desktop/My project/Library/PackageCache/com.unity.visualscripting@1.9.4/Editor/VisualScripting.Core/Utilities/PackageVersionUtility.cs:31 
  at Unity.VisualScripting.BoltCoreManifest.get_version () [0x00000] in /home/hmcelik/Desktop/My project/Library/PackageCache/com.unity.visualscripting@1.9.4/Editor/VisualScripting.Core/Plugin/BoltCoreManifest.cs:11 
  at Unity.VisualScripting.PluginManifest.get_currentVersion () [0x00000] in /home/hmcelik/Desktop/My project/Library/PackageCache/com.unity.visualscripting@1.9.4/Editor/VisualScripting.Core/Plugins/PluginManifest.cs:33 
  at Unity.VisualScripting.PluginManifest.get_versionMismatch () [0x00000] in /home/hmcelik/Desktop/My project/Library/PackageCache/com.unity.visualscripting@1.9.4/Editor/VisualScripting.Core/Plugins/PluginManifest.cs:48 
  at Unity.VisualScripting.PluginContainer.Initialize () [0x00525] in /home/hmcelik/Desktop/My project/Library/PackageCache/com.unity.visualscripting@1.9.4/Editor/VisualScripting.Core/Plugins/PluginContainer.cs:208 
  at Unity.VisualScripting.PluginContainer.InitializeOnLoad () [0x00009] in /home/hmcelik/Desktop/My project/Library/PackageCache/com.unity.visualscripting@1.9.4/Editor/VisualScripting.Core/Plugins/PluginContainer.cs:32 
  at Unity.VisualScripting.VSUsageUtility.DoInitializeOnLoadCalls () [0x00034] in /home/hmcelik/Desktop/My project/Library/PackageCache/com.unity.visualscripting@1.9.4/Editor/VisualScripting.Core/Utilities/VSUsageUtility.cs:76 
  at Unity.VisualScripting.VSUsageUtility.set_isVisualScriptingUsed (System.Boolean value) [0x0002c] in /home/hmcelik/Desktop/My project/Library/PackageCache/com.unity.visualscripting@1.9.4/Editor/VisualScripting.Core/Utilities/VSUsageUtility.cs:114 
  at Unity.VisualScripting.VSUsageUtility.CheckAndSetIsVisualScriptingUsed () [0x0000d] in /home/hmcelik/Desktop/My project/Library/PackageCache/com.unity.visualscripting@1.9.4/Editor/VisualScripting.Core/Utilities/VSUsageUtility.cs:33 
  at Unity.VisualScripting.VSUsageUtility..cctor () [0x00000] in /home/hmcelik/Desktop/My project/Library/PackageCache/com.unity.visualscripting@1.9.4/Editor/VisualScripting.Core/Utilities/VSUsageUtility.cs:22 
UnityEngine.StackTraceUtility:ExtractStackTrace () (at /home/bokken/build/output/unity/unity/Runtime/Export/Scripting/StackTrace.cs:37)
UnityEngine.DebugLogHandler:LogFormat (UnityEngine.LogType,UnityEngine.Object,string,object[])
UnityEngine.Logger:Log (UnityEngine.LogType,object)
UnityEngine.Debug:LogError (object)
UnityEditor.EditorAssemblies:ProcessInitializeOnLoadAttributes (System.Type[]) (at /home/bokken/build/output/unity/unity/Editor/Mono/EditorAssemblies.cs:134)

(Filename: /home/bokken/build/output/unity/unity/Editor/Mono/EditorAssemblies.cs Line: 134)

Mono: successfully reloaded assembly
- Completed reload, in  1,370 seconds
Domain Reload Profiling:
	ReloadAssembly (1370ms)
		BeginReloadAssembly (112ms)
			ExecutionOrderSort (0ms)
			DisableScriptedObjects (4ms)
			BackupInstance (0ms)
			ReleaseScriptingObjects (0ms)
			CreateAndSetChildDomain (38ms)
		EndReloadAssembly (1192ms)
			LoadAssemblies (40ms)
			RebuildTransferFunctionScriptingTraits (0ms)
			SetupTypeCache (204ms)
			ReleaseScriptCaches (1ms)
			RebuildScriptCaches (32ms)
			SetupLoadedEditorAssemblies (702ms)
				LogAssemblyErrors (0ms)
				InitializePlatformSupportModulesInManaged (9ms)
				SetLoadedEditorAssemblies (0ms)
				RefreshPlugins (1ms)
				BeforeProcessingInitializeOnLoad (43ms)
				ProcessInitializeOnLoadAttributes (605ms)
				ProcessInitializeOnLoadMethodAttributes (40ms)
				AfterProcessingInitializeOnLoad (5ms)
				EditorAssembliesLoaded (0ms)
			ExecutionOrderSort2 (0ms)
			AwakeInstancesAfterBackupRestoration (5ms)
Platform modules already initialized, skipping
Refreshing native plugins compatible for Editor in 1,11 ms, found 2 plugins.
Preloading 0 native plugins for Editor in 0,00 ms.
Unloading 3980 Unused Serialized files (Serialized files now loaded: 0)
Unloading 55 unused Assets / (47,0 KB). Loaded Objects now: 4666.
Memory consumption went from 138,4 MB to 138,3 MB.
Total: 10,725174 ms (FindLiveObjects: 0,213317 ms CreateObjectMapping: 0,091483 ms MarkObjects: 10,321523 ms  DeleteObjects: 0,097800 ms)

AssetImportParameters requested are different than current active one (requested -> active):
  custom:video-decoder-ogg-theora: a1e56fd34408186e4bbccfd4996cb3dc -> 
  custom:container-muxer-webm: aa71ff27fc2769a1b78a27578f13a17b -> 
  custom:container-demuxer-webm: 4f35f7cbe854078d1ac9338744f61a02 -> 
  custom:video-encoder-webm-vp8: eb34c28f22e8b96e1ab97ce403110664 -> 
  custom:CustomObjectIndexerAttribute: bc11b3a6c3213fcdd17b65e7da85e133 -> 
  custom:audio-encoder-webm-vorbis: bf7c407c2cedff20999df2af8eb42d56 -> 
  custom:SearchIndexIgnoredProperties: e643bd26f0fe6173181afceb89e7c659 -> 
  custom:container-demuxer-ogg: 62fdf1f143b41e24485cea50d1cbac27 -> 
  custom:video-decoder-webm-vp8: 9c59270c3fd7afecdb556c50c9e8de78 -> 
  custom:audio-decoder-ogg-vorbis: bf7c407c2cedff20999df2af8eb42d56 -> 
========================================================================
Received Prepare
Registering precompiled user dll's ...
Registered in 0,002203 seconds.
Begin MonoManager ReloadAssembly
Native extension for LinuxStandalone target not found
Refreshing native plugins compatible for Editor in 0,67 ms, found 2 plugins.
Preloading 0 native plugins for Editor in 0,00 ms.
[Package Manager] Server::EnsureServerProcessIsRunning -- launch failed, reason: Unity was launched with the -noUpm command-line argument
[Package Manager] Cannot connect to Unity Package Manager local server
System.Exception: Error! Visual Scripting: couldn't find visual scripting package
  at Unity.VisualScripting.PackageVersionUtility.get_version () [0x00043] in /home/hmcelik/Desktop/My project/Library/PackageCache/com.unity.visualscripting@1.9.4/Editor/VisualScripting.Core/Utilities/PackageVersionUtility.cs:31 
  at Unity.VisualScripting.BoltCoreManifest.get_version () [0x00000] in /home/hmcelik/Desktop/My project/Library/PackageCache/com.unity.visualscripting@1.9.4/Editor/VisualScripting.Core/Plugin/BoltCoreManifest.cs:11 
  at Unity.VisualScripting.PluginManifest.get_currentVersion () [0x00000] in /home/hmcelik/Desktop/My project/Library/PackageCache/com.unity.visualscripting@1.9.4/Editor/VisualScripting.Core/Plugins/PluginManifest.cs:33 
  at Unity.VisualScripting.PluginManifest.get_versionMismatch () [0x00000] in /home/hmcelik/Desktop/My project/Library/PackageCache/com.unity.visualscripting@1.9.4/Editor/VisualScripting.Core/Plugins/PluginManifest.cs:48 
  at Unity.VisualScripting.PluginContainer.Initialize () [0x00525] in /home/hmcelik/Desktop/My project/Library/PackageCache/com.unity.visualscripting@1.9.4/Editor/VisualScripting.Core/Plugins/PluginContainer.cs:208 
  at Unity.VisualScripting.PluginContainer.InitializeOnLoad () [0x00009] in /home/hmcelik/Desktop/My project/Library/PackageCache/com.unity.visualscripting@1.9.4/Editor/VisualScripting.Core/Plugins/PluginContainer.cs:32 
  at Unity.VisualScripting.VSUsageUtility.DoInitializeOnLoadCalls () [0x00034] in /home/hmcelik/Desktop/My project/Library/PackageCache/com.unity.visualscripting@1.9.4/Editor/VisualScripting.Core/Utilities/VSUsageUtility.cs:76 
  at Unity.VisualScripting.VSUsageUtility.set_isVisualScriptingUsed (System.Boolean value) [0x0002c] in /home/hmcelik/Desktop/My project/Library/PackageCache/com.unity.visualscripting@1.9.4/Editor/VisualScripting.Core/Utilities/VSUsageUtility.cs:114 
  at Unity.VisualScripting.VSUsageUtility.CheckAndSetIsVisualScriptingUsed () [0x0000d] in /home/hmcelik/Desktop/My project/Library/PackageCache/com.unity.visualscripting@1.9.4/Editor/VisualScripting.Core/Utilities/VSUsageUtility.cs:33 
  at Unity.VisualScripting.VSUsageUtility..cctor () [0x00000] in /home/hmcelik/Desktop/My project/Library/PackageCache/com.unity.visualscripting@1.9.4/Editor/VisualScripting.Core/Utilities/VSUsageUtility.cs:22 
UnityEngine.StackTraceUtility:ExtractStackTrace () (at /home/bokken/build/output/unity/unity/Runtime/Export/Scripting/StackTrace.cs:37)
UnityEngine.DebugLogHandler:LogFormat (UnityEngine.LogType,UnityEngine.Object,string,object[])
UnityEngine.Logger:Log (UnityEngine.LogType,object)
UnityEngine.Debug:LogError (object)
UnityEditor.EditorAssemblies:ProcessInitializeOnLoadAttributes (System.Type[]) (at /home/bokken/build/output/unity/unity/Editor/Mono/EditorAssemblies.cs:134)

(Filename: /home/bokken/build/output/unity/unity/Editor/Mono/EditorAssemblies.cs Line: 134)

Mono: successfully reloaded assembly
- Completed reload, in  1,346 seconds
Domain Reload Profiling:
	ReloadAssembly (1346ms)
		BeginReloadAssembly (112ms)
			ExecutionOrderSort (0ms)
			DisableScriptedObjects (4ms)
			BackupInstance (0ms)
			ReleaseScriptingObjects (0ms)
			CreateAndSetChildDomain (38ms)
		EndReloadAssembly (1167ms)
			LoadAssemblies (40ms)
			RebuildTransferFunctionScriptingTraits (0ms)
			SetupTypeCache (205ms)
			ReleaseScriptCaches (1ms)
			RebuildScriptCaches (36ms)
			SetupLoadedEditorAssemblies (710ms)
				LogAssemblyErrors (0ms)
				InitializePlatformSupportModulesInManaged (8ms)
				SetLoadedEditorAssemblies (0ms)
				RefreshPlugins (1ms)
				BeforeProcessingInitializeOnLoad (43ms)
				ProcessInitializeOnLoadAttributes (628ms)
				ProcessInitializeOnLoadMethodAttributes (26ms)
				AfterProcessingInitializeOnLoad (3ms)
				EditorAssembliesLoaded (0ms)
			ExecutionOrderSort2 (0ms)
			AwakeInstancesAfterBackupRestoration (3ms)
Platform modules already initialized, skipping
Refreshing native plugins compatible for Editor in 1,01 ms, found 2 plugins.
Preloading 0 native plugins for Editor in 0,00 ms.
Unloading 3980 Unused Serialized files (Serialized files now loaded: 0)
Unloading 55 unused Assets / (47,0 KB). Loaded Objects now: 4670.
Memory consumption went from 138,4 MB to 138,3 MB.
Total: 17,288826 ms (FindLiveObjects: 0,344881 ms CreateObjectMapping: 0,176099 ms MarkObjects: 16,644776 ms  DeleteObjects: 0,121734 ms)

AssetImportParameters requested are different than current active one (requested -> active):
  custom:video-decoder-ogg-theora: a1e56fd34408186e4bbccfd4996cb3dc -> 
  custom:container-muxer-webm: aa71ff27fc2769a1b78a27578f13a17b -> 
  custom:container-demuxer-webm: 4f35f7cbe854078d1ac9338744f61a02 -> 
  custom:video-encoder-webm-vp8: eb34c28f22e8b96e1ab97ce403110664 -> 
  custom:CustomObjectIndexerAttribute: bc11b3a6c3213fcdd17b65e7da85e133 -> 
  custom:audio-encoder-webm-vorbis: bf7c407c2cedff20999df2af8eb42d56 -> 
  custom:SearchIndexIgnoredProperties: e643bd26f0fe6173181afceb89e7c659 -> 
  custom:container-demuxer-ogg: 62fdf1f143b41e24485cea50d1cbac27 -> 
  custom:video-decoder-webm-vp8: 9c59270c3fd7afecdb556c50c9e8de78 -> 
  custom:audio-decoder-ogg-vorbis: bf7c407c2cedff20999df2af8eb42d56 -> 
========================================================================
Received Prepare
Registering precompiled user dll's ...
Registered in 0,002329 seconds.
Begin MonoManager ReloadAssembly
Native extension for LinuxStandalone target not found
Refreshing native plugins compatible for Editor in 1,01 ms, found 2 plugins.
Preloading 0 native plugins for Editor in 0,00 ms.
[Package Manager] Server::EnsureServerProcessIsRunning -- launch failed, reason: Unity was launched with the -noUpm command-line argument
[Package Manager] Cannot connect to Unity Package Manager local server
System.Exception: Error! Visual Scripting: couldn't find visual scripting package
  at Unity.VisualScripting.PackageVersionUtility.get_version () [0x00043] in /home/hmcelik/Desktop/My project/Library/PackageCache/com.unity.visualscripting@1.9.4/Editor/VisualScripting.Core/Utilities/PackageVersionUtility.cs:31 
  at Unity.VisualScripting.BoltCoreManifest.get_version () [0x00000] in /home/hmcelik/Desktop/My project/Library/PackageCache/com.unity.visualscripting@1.9.4/Editor/VisualScripting.Core/Plugin/BoltCoreManifest.cs:11 
  at Unity.VisualScripting.PluginManifest.get_currentVersion () [0x00000] in /home/hmcelik/Desktop/My project/Library/PackageCache/com.unity.visualscripting@1.9.4/Editor/VisualScripting.Core/Plugins/PluginManifest.cs:33 
  at Unity.VisualScripting.PluginManifest.get_versionMismatch () [0x00000] in /home/hmcelik/Desktop/My project/Library/PackageCache/com.unity.visualscripting@1.9.4/Editor/VisualScripting.Core/Plugins/PluginManifest.cs:48 
  at Unity.VisualScripting.PluginContainer.Initialize () [0x00525] in /home/hmcelik/Desktop/My project/Library/PackageCache/com.unity.visualscripting@1.9.4/Editor/VisualScripting.Core/Plugins/PluginContainer.cs:208 
  at Unity.VisualScripting.PluginContainer.InitializeOnLoad () [0x00009] in /home/hmcelik/Desktop/My project/Library/PackageCache/com.unity.visualscripting@1.9.4/Editor/VisualScripting.Core/Plugins/PluginContainer.cs:32 
  at Unity.VisualScripting.VSUsageUtility.DoInitializeOnLoadCalls () [0x00034] in /home/hmcelik/Desktop/My project/Library/PackageCache/com.unity.visualscripting@1.9.4/Editor/VisualScripting.Core/Utilities/VSUsageUtility.cs:76 
  at Unity.VisualScripting.VSUsageUtility.set_isVisualScriptingUsed (System.Boolean value) [0x0002c] in /home/hmcelik/Desktop/My project/Library/PackageCache/com.unity.visualscripting@1.9.4/Editor/VisualScripting.Core/Utilities/VSUsageUtility.cs:114 
  at Unity.VisualScripting.VSUsageUtility.CheckAndSetIsVisualScriptingUsed () [0x0000d] in /home/hmcelik/Desktop/My project/Library/PackageCache/com.unity.visualscripting@1.9.4/Editor/VisualScripting.Core/Utilities/VSUsageUtility.cs:33 
  at Unity.VisualScripting.VSUsageUtility..cctor () [0x00000] in /home/hmcelik/Desktop/My project/Library/PackageCache/com.unity.visualscripting@1.9.4/Editor/VisualScripting.Core/Utilities/VSUsageUtility.cs:22 
UnityEngine.StackTraceUtility:ExtractStackTrace () (at /home/bokken/build/output/unity/unity/Runtime/Export/Scripting/StackTrace.cs:37)
UnityEngine.DebugLogHandler:LogFormat (UnityEngine.LogType,UnityEngine.Object,string,object[])
UnityEngine.Logger:Log (UnityEngine.LogType,object)
UnityEngine.Debug:LogError (object)
UnityEditor.EditorAssemblies:ProcessInitializeOnLoadAttributes (System.Type[]) (at /home/bokken/build/output/unity/unity/Editor/Mono/EditorAssemblies.cs:134)

(Filename: /home/bokken/build/output/unity/unity/Editor/Mono/EditorAssemblies.cs Line: 134)

Mono: successfully reloaded assembly
- Completed reload, in  1,401 seconds
Domain Reload Profiling:
	ReloadAssembly (1401ms)
		BeginReloadAssembly (116ms)
			ExecutionOrderSort (0ms)
			DisableScriptedObjects (4ms)
			BackupInstance (0ms)
			ReleaseScriptingObjects (0ms)
			CreateAndSetChildDomain (41ms)
		EndReloadAssembly (1218ms)
			LoadAssemblies (41ms)
			RebuildTransferFunctionScriptingTraits (0ms)
			SetupTypeCache (226ms)
			ReleaseScriptCaches (1ms)
			RebuildScriptCaches (44ms)
			SetupLoadedEditorAssemblies (725ms)
				LogAssemblyErrors (0ms)
				InitializePlatformSupportModulesInManaged (10ms)
				SetLoadedEditorAssemblies (0ms)
				RefreshPlugins (1ms)
				BeforeProcessingInitializeOnLoad (43ms)
				ProcessInitializeOnLoadAttributes (628ms)
				ProcessInitializeOnLoadMethodAttributes (38ms)
				AfterProcessingInitializeOnLoad (4ms)
				EditorAssembliesLoaded (0ms)
			ExecutionOrderSort2 (0ms)
			AwakeInstancesAfterBackupRestoration (4ms)
Platform modules already initialized, skipping
Refreshing native plugins compatible for Editor in 0,96 ms, found 2 plugins.
Preloading 0 native plugins for Editor in 0,00 ms.
Unloading 3980 Unused Serialized files (Serialized files now loaded: 0)
Unloading 55 unused Assets / (56,2 KB). Loaded Objects now: 4674.
Memory consumption went from 138,4 MB to 138,4 MB.
Total: 14,597065 ms (FindLiveObjects: 0,251914 ms CreateObjectMapping: 0,121494 ms MarkObjects: 14,118305 ms  DeleteObjects: 0,103954 ms)

AssetImportParameters requested are different than current active one (requested -> active):
  custom:video-decoder-ogg-theora: a1e56fd34408186e4bbccfd4996cb3dc -> 
  custom:container-muxer-webm: aa71ff27fc2769a1b78a27578f13a17b -> 
  custom:container-demuxer-webm: 4f35f7cbe854078d1ac9338744f61a02 -> 
  custom:video-encoder-webm-vp8: eb34c28f22e8b96e1ab97ce403110664 -> 
  custom:CustomObjectIndexerAttribute: bc11b3a6c3213fcdd17b65e7da85e133 -> 
  custom:audio-encoder-webm-vorbis: bf7c407c2cedff20999df2af8eb42d56 -> 
  custom:SearchIndexIgnoredProperties: e643bd26f0fe6173181afceb89e7c659 -> 
  custom:container-demuxer-ogg: 62fdf1f143b41e24485cea50d1cbac27 -> 
  custom:video-decoder-webm-vp8: 9c59270c3fd7afecdb556c50c9e8de78 -> 
  custom:audio-decoder-ogg-vorbis: bf7c407c2cedff20999df2af8eb42d56 -> 
========================================================================
Received Prepare
Registering precompiled user dll's ...
Registered in 0,002164 seconds.
Begin MonoManager ReloadAssembly
Native extension for LinuxStandalone target not found
Refreshing native plugins compatible for Editor in 0,68 ms, found 2 plugins.
Preloading 0 native plugins for Editor in 0,00 ms.
[Package Manager] Server::EnsureServerProcessIsRunning -- launch failed, reason: Unity was launched with the -noUpm command-line argument
[Package Manager] Cannot connect to Unity Package Manager local server
System.Exception: Error! Visual Scripting: couldn't find visual scripting package
  at Unity.VisualScripting.PackageVersionUtility.get_version () [0x00043] in /home/hmcelik/Desktop/My project/Library/PackageCache/com.unity.visualscripting@1.9.4/Editor/VisualScripting.Core/Utilities/PackageVersionUtility.cs:31 
  at Unity.VisualScripting.BoltCoreManifest.get_version () [0x00000] in /home/hmcelik/Desktop/My project/Library/PackageCache/com.unity.visualscripting@1.9.4/Editor/VisualScripting.Core/Plugin/BoltCoreManifest.cs:11 
  at Unity.VisualScripting.PluginManifest.get_currentVersion () [0x00000] in /home/hmcelik/Desktop/My project/Library/PackageCache/com.unity.visualscripting@1.9.4/Editor/VisualScripting.Core/Plugins/PluginManifest.cs:33 
  at Unity.VisualScripting.PluginManifest.get_versionMismatch () [0x00000] in /home/hmcelik/Desktop/My project/Library/PackageCache/com.unity.visualscripting@1.9.4/Editor/VisualScripting.Core/Plugins/PluginManifest.cs:48 
  at Unity.VisualScripting.PluginContainer.Initialize () [0x00525] in /home/hmcelik/Desktop/My project/Library/PackageCache/com.unity.visualscripting@1.9.4/Editor/VisualScripting.Core/Plugins/PluginContainer.cs:208 
  at Unity.VisualScripting.PluginContainer.InitializeOnLoad () [0x00009] in /home/hmcelik/Desktop/My project/Library/PackageCache/com.unity.visualscripting@1.9.4/Editor/VisualScripting.Core/Plugins/PluginContainer.cs:32 
  at Unity.VisualScripting.VSUsageUtility.DoInitializeOnLoadCalls () [0x00034] in /home/hmcelik/Desktop/My project/Library/PackageCache/com.unity.visualscripting@1.9.4/Editor/VisualScripting.Core/Utilities/VSUsageUtility.cs:76 
  at Unity.VisualScripting.VSUsageUtility.set_isVisualScriptingUsed (System.Boolean value) [0x0002c] in /home/hmcelik/Desktop/My project/Library/PackageCache/com.unity.visualscripting@1.9.4/Editor/VisualScripting.Core/Utilities/VSUsageUtility.cs:114 
  at Unity.VisualScripting.VSUsageUtility.CheckAndSetIsVisualScriptingUsed () [0x0000d] in /home/hmcelik/Desktop/My project/Library/PackageCache/com.unity.visualscripting@1.9.4/Editor/VisualScripting.Core/Utilities/VSUsageUtility.cs:33 
  at Unity.VisualScripting.VSUsageUtility..cctor () [0x00000] in /home/hmcelik/Desktop/My project/Library/PackageCache/com.unity.visualscripting@1.9.4/Editor/VisualScripting.Core/Utilities/VSUsageUtility.cs:22 
UnityEngine.StackTraceUtility:ExtractStackTrace () (at /home/bokken/build/output/unity/unity/Runtime/Export/Scripting/StackTrace.cs:37)
UnityEngine.DebugLogHandler:LogFormat (UnityEngine.LogType,UnityEngine.Object,string,object[])
UnityEngine.Logger:Log (UnityEngine.LogType,object)
UnityEngine.Debug:LogError (object)
UnityEditor.EditorAssemblies:ProcessInitializeOnLoadAttributes (System.Type[]) (at /home/bokken/build/output/unity/unity/Editor/Mono/EditorAssemblies.cs:134)

(Filename: /home/bokken/build/output/unity/unity/Editor/Mono/EditorAssemblies.cs Line: 134)

Mono: successfully reloaded assembly
- Completed reload, in  1,377 seconds
Domain Reload Profiling:
	ReloadAssembly (1378ms)
		BeginReloadAssembly (113ms)
			ExecutionOrderSort (0ms)
			DisableScriptedObjects (4ms)
			BackupInstance (0ms)
			ReleaseScriptingObjects (0ms)
			CreateAndSetChildDomain (38ms)
		EndReloadAssembly (1196ms)
			LoadAssemblies (41ms)
			RebuildTransferFunctionScriptingTraits (0ms)
			SetupTypeCache (229ms)
			ReleaseScriptCaches (1ms)
			RebuildScriptCaches (39ms)
			SetupLoadedEditorAssemblies (712ms)
				LogAssemblyErrors (0ms)
				InitializePlatformSupportModulesInManaged (9ms)
				SetLoadedEditorAssemblies (0ms)
				RefreshPlugins (1ms)
				BeforeProcessingInitializeOnLoad (42ms)
				ProcessInitializeOnLoadAttributes (630ms)
				ProcessInitializeOnLoadMethodAttributes (27ms)
				AfterProcessingInitializeOnLoad (3ms)
				EditorAssembliesLoaded (0ms)
			ExecutionOrderSort2 (0ms)
			AwakeInstancesAfterBackupRestoration (3ms)
Platform modules already initialized, skipping
Refreshing native plugins compatible for Editor in 0,82 ms, found 2 plugins.
Preloading 0 native plugins for Editor in 0,00 ms.
Unloading 3980 Unused Serialized files (Serialized files now loaded: 0)
Unloading 55 unused Assets / (47,0 KB). Loaded Objects now: 4678.
Memory consumption went from 138,4 MB to 138,4 MB.
Total: 10,928781 ms (FindLiveObjects: 0,236676 ms CreateObjectMapping: 0,117314 ms MarkObjects: 10,495674 ms  DeleteObjects: 0,078080 ms)

AssetImportParameters requested are different than current active one (requested -> active):
  custom:video-decoder-ogg-theora: a1e56fd34408186e4bbccfd4996cb3dc -> 
  custom:container-muxer-webm: aa71ff27fc2769a1b78a27578f13a17b -> 
  custom:container-demuxer-webm: 4f35f7cbe854078d1ac9338744f61a02 -> 
  custom:video-encoder-webm-vp8: eb34c28f22e8b96e1ab97ce403110664 -> 
  custom:CustomObjectIndexerAttribute: bc11b3a6c3213fcdd17b65e7da85e133 -> 
  custom:audio-encoder-webm-vorbis: bf7c407c2cedff20999df2af8eb42d56 -> 
  custom:SearchIndexIgnoredProperties: e643bd26f0fe6173181afceb89e7c659 -> 
  custom:container-demuxer-ogg: 62fdf1f143b41e24485cea50d1cbac27 -> 
  custom:video-decoder-webm-vp8: 9c59270c3fd7afecdb556c50c9e8de78 -> 
  custom:audio-decoder-ogg-vorbis: bf7c407c2cedff20999df2af8eb42d56 -> 
========================================================================
Received Prepare
Registering precompiled user dll's ...
Registered in 0,001906 seconds.
Begin MonoManager ReloadAssembly
Native extension for LinuxStandalone target not found
Refreshing native plugins compatible for Editor in 0,70 ms, found 2 plugins.
Preloading 0 native plugins for Editor in 0,00 ms.
[Package Manager] Server::EnsureServerProcessIsRunning -- launch failed, reason: Unity was launched with the -noUpm command-line argument
[Package Manager] Cannot connect to Unity Package Manager local server
System.Exception: Error! Visual Scripting: couldn't find visual scripting package
  at Unity.VisualScripting.PackageVersionUtility.get_version () [0x00043] in /home/hmcelik/Desktop/My project/Library/PackageCache/com.unity.visualscripting@1.9.4/Editor/VisualScripting.Core/Utilities/PackageVersionUtility.cs:31 
  at Unity.VisualScripting.BoltCoreManifest.get_version () [0x00000] in /home/hmcelik/Desktop/My project/Library/PackageCache/com.unity.visualscripting@1.9.4/Editor/VisualScripting.Core/Plugin/BoltCoreManifest.cs:11 
  at Unity.VisualScripting.PluginManifest.get_currentVersion () [0x00000] in /home/hmcelik/Desktop/My project/Library/PackageCache/com.unity.visualscripting@1.9.4/Editor/VisualScripting.Core/Plugins/PluginManifest.cs:33 
  at Unity.VisualScripting.PluginManifest.get_versionMismatch () [0x00000] in /home/hmcelik/Desktop/My project/Library/PackageCache/com.unity.visualscripting@1.9.4/Editor/VisualScripting.Core/Plugins/PluginManifest.cs:48 
  at Unity.VisualScripting.PluginContainer.Initialize () [0x00525] in /home/hmcelik/Desktop/My project/Library/PackageCache/com.unity.visualscripting@1.9.4/Editor/VisualScripting.Core/Plugins/PluginContainer.cs:208 
  at Unity.VisualScripting.PluginContainer.InitializeOnLoad () [0x00009] in /home/hmcelik/Desktop/My project/Library/PackageCache/com.unity.visualscripting@1.9.4/Editor/VisualScripting.Core/Plugins/PluginContainer.cs:32 
  at Unity.VisualScripting.VSUsageUtility.DoInitializeOnLoadCalls () [0x00034] in /home/hmcelik/Desktop/My project/Library/PackageCache/com.unity.visualscripting@1.9.4/Editor/VisualScripting.Core/Utilities/VSUsageUtility.cs:76 
  at Unity.VisualScripting.VSUsageUtility.set_isVisualScriptingUsed (System.Boolean value) [0x0002c] in /home/hmcelik/Desktop/My project/Library/PackageCache/com.unity.visualscripting@1.9.4/Editor/VisualScripting.Core/Utilities/VSUsageUtility.cs:114 
  at Unity.VisualScripting.VSUsageUtility.CheckAndSetIsVisualScriptingUsed () [0x0000d] in /home/hmcelik/Desktop/My project/Library/PackageCache/com.unity.visualscripting@1.9.4/Editor/VisualScripting.Core/Utilities/VSUsageUtility.cs:33 
  at Unity.VisualScripting.VSUsageUtility..cctor () [0x00000] in /home/hmcelik/Desktop/My project/Library/PackageCache/com.unity.visualscripting@1.9.4/Editor/VisualScripting.Core/Utilities/VSUsageUtility.cs:22 
UnityEngine.StackTraceUtility:ExtractStackTrace () (at /home/bokken/build/output/unity/unity/Runtime/Export/Scripting/StackTrace.cs:37)
UnityEngine.DebugLogHandler:LogFormat (UnityEngine.LogType,UnityEngine.Object,string,object[])
UnityEngine.Logger:Log (UnityEngine.LogType,object)
UnityEngine.Debug:LogError (object)
UnityEditor.EditorAssemblies:ProcessInitializeOnLoadAttributes (System.Type[]) (at /home/bokken/build/output/unity/unity/Editor/Mono/EditorAssemblies.cs:134)

(Filename: /home/bokken/build/output/unity/unity/Editor/Mono/EditorAssemblies.cs Line: 134)

Mono: successfully reloaded assembly
- Completed reload, in  1,378 seconds
Domain Reload Profiling:
	ReloadAssembly (1378ms)
		BeginReloadAssembly (118ms)
			ExecutionOrderSort (0ms)
			DisableScriptedObjects (4ms)
			BackupInstance (0ms)
			ReleaseScriptingObjects (0ms)
			CreateAndSetChildDomain (45ms)
		EndReloadAssembly (1192ms)
			LoadAssemblies (41ms)
			RebuildTransferFunctionScriptingTraits (0ms)
			SetupTypeCache (240ms)
			ReleaseScriptCaches (1ms)
			RebuildScriptCaches (30ms)
			SetupLoadedEditorAssemblies (711ms)
				LogAssemblyErrors (0ms)
				InitializePlatformSupportModulesInManaged (9ms)
				SetLoadedEditorAssemblies (0ms)
				RefreshPlugins (1ms)
				BeforeProcessingInitializeOnLoad (46ms)
				ProcessInitializeOnLoadAttributes (628ms)
				ProcessInitializeOnLoadMethodAttributes (25ms)
				AfterProcessingInitializeOnLoad (3ms)
				EditorAssembliesLoaded (0ms)
			ExecutionOrderSort2 (0ms)
			AwakeInstancesAfterBackupRestoration (3ms)
Platform modules already initialized, skipping
Refreshing native plugins compatible for Editor in 0,77 ms, found 2 plugins.
Preloading 0 native plugins for Editor in 0,00 ms.
Unloading 3980 Unused Serialized files (Serialized files now loaded: 0)
Unloading 55 unused Assets / (56,1 KB). Loaded Objects now: 4682.
Memory consumption went from 138,4 MB to 138,4 MB.
Total: 9,640120 ms (FindLiveObjects: 0,187774 ms CreateObjectMapping: 0,072582 ms MarkObjects: 9,293131 ms  DeleteObjects: 0,085973 ms)

AssetImportParameters requested are different than current active one (requested -> active):
  custom:video-decoder-ogg-theora: a1e56fd34408186e4bbccfd4996cb3dc -> 
  custom:container-muxer-webm: aa71ff27fc2769a1b78a27578f13a17b -> 
  custom:container-demuxer-webm: 4f35f7cbe854078d1ac9338744f61a02 -> 
  custom:video-encoder-webm-vp8: eb34c28f22e8b96e1ab97ce403110664 -> 
  custom:CustomObjectIndexerAttribute: bc11b3a6c3213fcdd17b65e7da85e133 -> 
  custom:audio-encoder-webm-vorbis: bf7c407c2cedff20999df2af8eb42d56 -> 
  custom:SearchIndexIgnoredProperties: e643bd26f0fe6173181afceb89e7c659 -> 
  custom:container-demuxer-ogg: 62fdf1f143b41e24485cea50d1cbac27 -> 
  custom:video-decoder-webm-vp8: 9c59270c3fd7afecdb556c50c9e8de78 -> 
  custom:audio-decoder-ogg-vorbis: bf7c407c2cedff20999df2af8eb42d56 -> 
========================================================================
Received Prepare
Registering precompiled user dll's ...
Registered in 0,001802 seconds.
Begin MonoManager ReloadAssembly
Native extension for LinuxStandalone target not found
Refreshing native plugins compatible for Editor in 0,70 ms, found 2 plugins.
Preloading 0 native plugins for Editor in 0,00 ms.
[Package Manager] Server::EnsureServerProcessIsRunning -- launch failed, reason: Unity was launched with the -noUpm command-line argument
[Package Manager] Cannot connect to Unity Package Manager local server
System.Exception: Error! Visual Scripting: couldn't find visual scripting package
  at Unity.VisualScripting.PackageVersionUtility.get_version () [0x00043] in /home/hmcelik/Desktop/My project/Library/PackageCache/com.unity.visualscripting@1.9.4/Editor/VisualScripting.Core/Utilities/PackageVersionUtility.cs:31 
  at Unity.VisualScripting.BoltCoreManifest.get_version () [0x00000] in /home/hmcelik/Desktop/My project/Library/PackageCache/com.unity.visualscripting@1.9.4/Editor/VisualScripting.Core/Plugin/BoltCoreManifest.cs:11 
  at Unity.VisualScripting.PluginManifest.get_currentVersion () [0x00000] in /home/hmcelik/Desktop/My project/Library/PackageCache/com.unity.visualscripting@1.9.4/Editor/VisualScripting.Core/Plugins/PluginManifest.cs:33 
  at Unity.VisualScripting.PluginManifest.get_versionMismatch () [0x00000] in /home/hmcelik/Desktop/My project/Library/PackageCache/com.unity.visualscripting@1.9.4/Editor/VisualScripting.Core/Plugins/PluginManifest.cs:48 
  at Unity.VisualScripting.PluginContainer.Initialize () [0x00525] in /home/hmcelik/Desktop/My project/Library/PackageCache/com.unity.visualscripting@1.9.4/Editor/VisualScripting.Core/Plugins/PluginContainer.cs:208 
  at Unity.VisualScripting.PluginContainer.InitializeOnLoad () [0x00009] in /home/hmcelik/Desktop/My project/Library/PackageCache/com.unity.visualscripting@1.9.4/Editor/VisualScripting.Core/Plugins/PluginContainer.cs:32 
  at Unity.VisualScripting.VSUsageUtility.DoInitializeOnLoadCalls () [0x00034] in /home/hmcelik/Desktop/My project/Library/PackageCache/com.unity.visualscripting@1.9.4/Editor/VisualScripting.Core/Utilities/VSUsageUtility.cs:76 
  at Unity.VisualScripting.VSUsageUtility.set_isVisualScriptingUsed (System.Boolean value) [0x0002c] in /home/hmcelik/Desktop/My project/Library/PackageCache/com.unity.visualscripting@1.9.4/Editor/VisualScripting.Core/Utilities/VSUsageUtility.cs:114 
  at Unity.VisualScripting.VSUsageUtility.CheckAndSetIsVisualScriptingUsed () [0x0000d] in /home/hmcelik/Desktop/My project/Library/PackageCache/com.unity.visualscripting@1.9.4/Editor/VisualScripting.Core/Utilities/VSUsageUtility.cs:33 
  at Unity.VisualScripting.VSUsageUtility..cctor () [0x00000] in /home/hmcelik/Desktop/My project/Library/PackageCache/com.unity.visualscripting@1.9.4/Editor/VisualScripting.Core/Utilities/VSUsageUtility.cs:22 
UnityEngine.StackTraceUtility:ExtractStackTrace () (at /home/bokken/build/output/unity/unity/Runtime/Export/Scripting/StackTrace.cs:37)
UnityEngine.DebugLogHandler:LogFormat (UnityEngine.LogType,UnityEngine.Object,string,object[])
UnityEngine.Logger:Log (UnityEngine.LogType,object)
UnityEngine.Debug:LogError (object)
UnityEditor.EditorAssemblies:ProcessInitializeOnLoadAttributes (System.Type[]) (at /home/bokken/build/output/unity/unity/Editor/Mono/EditorAssemblies.cs:134)

(Filename: /home/bokken/build/output/unity/unity/Editor/Mono/EditorAssemblies.cs Line: 134)

Mono: successfully reloaded assembly
- Completed reload, in  1,323 seconds
Domain Reload Profiling:
	ReloadAssembly (1324ms)
		BeginReloadAssembly (115ms)
			ExecutionOrderSort (0ms)
			DisableScriptedObjects (4ms)
			BackupInstance (0ms)
			ReleaseScriptingObjects (0ms)
			CreateAndSetChildDomain (41ms)
		EndReloadAssembly (1140ms)
			LoadAssemblies (41ms)
			RebuildTransferFunctionScriptingTraits (0ms)
			SetupTypeCache (215ms)
			ReleaseScriptCaches (1ms)
			RebuildScriptCaches (30ms)
			SetupLoadedEditorAssemblies (678ms)
				LogAssemblyErrors (0ms)
				InitializePlatformSupportModulesInManaged (9ms)
				SetLoadedEditorAssemblies (0ms)
				RefreshPlugins (1ms)
				BeforeProcessingInitializeOnLoad (44ms)
				ProcessInitializeOnLoadAttributes (595ms)
				ProcessInitializeOnLoadMethodAttributes (25ms)
				AfterProcessingInitializeOnLoad (3ms)
				EditorAssembliesLoaded (0ms)
			ExecutionOrderSort2 (0ms)
			AwakeInstancesAfterBackupRestoration (4ms)
Platform modules already initialized, skipping
Refreshing native plugins compatible for Editor in 0,73 ms, found 2 plugins.
Preloading 0 native plugins for Editor in 0,00 ms.
Unloading 3980 Unused Serialized files (Serialized files now loaded: 0)
Unloading 55 unused Assets / (56,1 KB). Loaded Objects now: 4686.
Memory consumption went from 138,5 MB to 138,4 MB.
Total: 10,538111 ms (FindLiveObjects: 0,320738 ms CreateObjectMapping: 0,219363 ms MarkObjects: 9,924710 ms  DeleteObjects: 0,072414 ms)

AssetImportParameters requested are different than current active one (requested -> active):
  custom:video-decoder-ogg-theora: a1e56fd34408186e4bbccfd4996cb3dc -> 
  custom:container-muxer-webm: aa71ff27fc2769a1b78a27578f13a17b -> 
  custom:container-demuxer-webm: 4f35f7cbe854078d1ac9338744f61a02 -> 
  custom:video-encoder-webm-vp8: eb34c28f22e8b96e1ab97ce403110664 -> 
  custom:CustomObjectIndexerAttribute: bc11b3a6c3213fcdd17b65e7da85e133 -> 
  custom:audio-encoder-webm-vorbis: bf7c407c2cedff20999df2af8eb42d56 -> 
  custom:SearchIndexIgnoredProperties: e643bd26f0fe6173181afceb89e7c659 -> 
  custom:container-demuxer-ogg: 62fdf1f143b41e24485cea50d1cbac27 -> 
  custom:video-decoder-webm-vp8: 9c59270c3fd7afecdb556c50c9e8de78 -> 
  custom:audio-decoder-ogg-vorbis: bf7c407c2cedff20999df2af8eb42d56 -> 
========================================================================
Received Prepare
Registering precompiled user dll's ...
Registered in 0,002233 seconds.
Begin MonoManager ReloadAssembly
Native extension for LinuxStandalone target not found
Refreshing native plugins compatible for Editor in 0,69 ms, found 2 plugins.
Preloading 0 native plugins for Editor in 0,00 ms.
[Package Manager] Server::EnsureServerProcessIsRunning -- launch failed, reason: Unity was launched with the -noUpm command-line argument
[Package Manager] Cannot connect to Unity Package Manager local server
System.Exception: Error! Visual Scripting: couldn't find visual scripting package
  at Unity.VisualScripting.PackageVersionUtility.get_version () [0x00043] in /home/hmcelik/Desktop/My project/Library/PackageCache/com.unity.visualscripting@1.9.4/Editor/VisualScripting.Core/Utilities/PackageVersionUtility.cs:31 
  at Unity.VisualScripting.BoltCoreManifest.get_version () [0x00000] in /home/hmcelik/Desktop/My project/Library/PackageCache/com.unity.visualscripting@1.9.4/Editor/VisualScripting.Core/Plugin/BoltCoreManifest.cs:11 
  at Unity.VisualScripting.PluginManifest.get_currentVersion () [0x00000] in /home/hmcelik/Desktop/My project/Library/PackageCache/com.unity.visualscripting@1.9.4/Editor/VisualScripting.Core/Plugins/PluginManifest.cs:33 
  at Unity.VisualScripting.PluginManifest.get_versionMismatch () [0x00000] in /home/hmcelik/Desktop/My project/Library/PackageCache/com.unity.visualscripting@1.9.4/Editor/VisualScripting.Core/Plugins/PluginManifest.cs:48 
  at Unity.VisualScripting.PluginContainer.Initialize () [0x00525] in /home/hmcelik/Desktop/My project/Library/PackageCache/com.unity.visualscripting@1.9.4/Editor/VisualScripting.Core/Plugins/PluginContainer.cs:208 
  at Unity.VisualScripting.PluginContainer.InitializeOnLoad () [0x00009] in /home/hmcelik/Desktop/My project/Library/PackageCache/com.unity.visualscripting@1.9.4/Editor/VisualScripting.Core/Plugins/PluginContainer.cs:32 
  at Unity.VisualScripting.VSUsageUtility.DoInitializeOnLoadCalls () [0x00034] in /home/hmcelik/Desktop/My project/Library/PackageCache/com.unity.visualscripting@1.9.4/Editor/VisualScripting.Core/Utilities/VSUsageUtility.cs:76 
  at Unity.VisualScripting.VSUsageUtility.set_isVisualScriptingUsed (System.Boolean value) [0x0002c] in /home/hmcelik/Desktop/My project/Library/PackageCache/com.unity.visualscripting@1.9.4/Editor/VisualScripting.Core/Utilities/VSUsageUtility.cs:114 
  at Unity.VisualScripting.VSUsageUtility.CheckAndSetIsVisualScriptingUsed () [0x0000d] in /home/hmcelik/Desktop/My project/Library/PackageCache/com.unity.visualscripting@1.9.4/Editor/VisualScripting.Core/Utilities/VSUsageUtility.cs:33 
  at Unity.VisualScripting.VSUsageUtility..cctor () [0x00000] in /home/hmcelik/Desktop/My project/Library/PackageCache/com.unity.visualscripting@1.9.4/Editor/VisualScripting.Core/Utilities/VSUsageUtility.cs:22 
UnityEngine.StackTraceUtility:ExtractStackTrace () (at /home/bokken/build/output/unity/unity/Runtime/Export/Scripting/StackTrace.cs:37)
UnityEngine.DebugLogHandler:LogFormat (UnityEngine.LogType,UnityEngine.Object,string,object[])
UnityEngine.Logger:Log (UnityEngine.LogType,object)
UnityEngine.Debug:LogError (object)
UnityEditor.EditorAssemblies:ProcessInitializeOnLoadAttributes (System.Type[]) (at /home/bokken/build/output/unity/unity/Editor/Mono/EditorAssemblies.cs:134)

(Filename: /home/bokken/build/output/unity/unity/Editor/Mono/EditorAssemblies.cs Line: 134)

Mono: successfully reloaded assembly
- Completed reload, in  1,351 seconds
Domain Reload Profiling:
	ReloadAssembly (1352ms)
		BeginReloadAssembly (126ms)
			ExecutionOrderSort (0ms)
			DisableScriptedObjects (4ms)
			BackupInstance (0ms)
			ReleaseScriptingObjects (0ms)
			CreateAndSetChildDomain (44ms)
		EndReloadAssembly (1158ms)
			LoadAssemblies (41ms)
			RebuildTransferFunctionScriptingTraits (0ms)
			SetupTypeCache (215ms)
			ReleaseScriptCaches (1ms)
			RebuildScriptCaches (30ms)
			SetupLoadedEditorAssemblies (690ms)
				LogAssemblyErrors (0ms)
				InitializePlatformSupportModulesInManaged (9ms)
				SetLoadedEditorAssemblies (0ms)
				RefreshPlugins (1ms)
				BeforeProcessingInitializeOnLoad (46ms)
				ProcessInitializeOnLoadAttributes (600ms)
				ProcessInitializeOnLoadMethodAttributes (31ms)
				AfterProcessingInitializeOnLoad (4ms)
				EditorAssembliesLoaded (0ms)
			ExecutionOrderSort2 (0ms)
			AwakeInstancesAfterBackupRestoration (4ms)
Platform modules already initialized, skipping
Refreshing native plugins compatible for Editor in 0,98 ms, found 2 plugins.
Preloading 0 native plugins for Editor in 0,00 ms.
Unloading 3980 Unused Serialized files (Serialized files now loaded: 0)
Unloading 55 unused Assets / (46,9 KB). Loaded Objects now: 4690.
Memory consumption went from 138,5 MB to 138,4 MB.
Total: 10,559570 ms (FindLiveObjects: 0,217910 ms CreateObjectMapping: 0,093307 ms MarkObjects: 10,169925 ms  DeleteObjects: 0,077284 ms)

AssetImportParameters requested are different than current active one (requested -> active):
  custom:video-decoder-ogg-theora: a1e56fd34408186e4bbccfd4996cb3dc -> 
  custom:container-muxer-webm: aa71ff27fc2769a1b78a27578f13a17b -> 
  custom:container-demuxer-webm: 4f35f7cbe854078d1ac9338744f61a02 -> 
  custom:video-encoder-webm-vp8: eb34c28f22e8b96e1ab97ce403110664 -> 
  custom:CustomObjectIndexerAttribute: bc11b3a6c3213fcdd17b65e7da85e133 -> 
  custom:audio-encoder-webm-vorbis: bf7c407c2cedff20999df2af8eb42d56 -> 
  custom:SearchIndexIgnoredProperties: e643bd26f0fe6173181afceb89e7c659 -> 
  custom:container-demuxer-ogg: 62fdf1f143b41e24485cea50d1cbac27 -> 
  custom:video-decoder-webm-vp8: 9c59270c3fd7afecdb556c50c9e8de78 -> 
  custom:audio-decoder-ogg-vorbis: bf7c407c2cedff20999df2af8eb42d56 -> 
========================================================================
Received Prepare
Registering precompiled user dll's ...
Registered in 0,002279 seconds.
Begin MonoManager ReloadAssembly
Native extension for LinuxStandalone target not found
Refreshing native plugins compatible for Editor in 0,90 ms, found 2 plugins.
Preloading 0 native plugins for Editor in 0,00 ms.
[Package Manager] Server::EnsureServerProcessIsRunning -- launch failed, reason: Unity was launched with the -noUpm command-line argument
[Package Manager] Cannot connect to Unity Package Manager local server
System.Exception: Error! Visual Scripting: couldn't find visual scripting package
  at Unity.VisualScripting.PackageVersionUtility.get_version () [0x00043] in /home/hmcelik/Desktop/My project/Library/PackageCache/com.unity.visualscripting@1.9.4/Editor/VisualScripting.Core/Utilities/PackageVersionUtility.cs:31 
  at Unity.VisualScripting.BoltCoreManifest.get_version () [0x00000] in /home/hmcelik/Desktop/My project/Library/PackageCache/com.unity.visualscripting@1.9.4/Editor/VisualScripting.Core/Plugin/BoltCoreManifest.cs:11 
  at Unity.VisualScripting.PluginManifest.get_currentVersion () [0x00000] in /home/hmcelik/Desktop/My project/Library/PackageCache/com.unity.visualscripting@1.9.4/Editor/VisualScripting.Core/Plugins/PluginManifest.cs:33 
  at Unity.VisualScripting.PluginManifest.get_versionMismatch () [0x00000] in /home/hmcelik/Desktop/My project/Library/PackageCache/com.unity.visualscripting@1.9.4/Editor/VisualScripting.Core/Plugins/PluginManifest.cs:48 
  at Unity.VisualScripting.PluginContainer.Initialize () [0x00525] in /home/hmcelik/Desktop/My project/Library/PackageCache/com.unity.visualscripting@1.9.4/Editor/VisualScripting.Core/Plugins/PluginContainer.cs:208 
  at Unity.VisualScripting.PluginContainer.InitializeOnLoad () [0x00009] in /home/hmcelik/Desktop/My project/Library/PackageCache/com.unity.visualscripting@1.9.4/Editor/VisualScripting.Core/Plugins/PluginContainer.cs:32 
  at Unity.VisualScripting.VSUsageUtility.DoInitializeOnLoadCalls () [0x00034] in /home/hmcelik/Desktop/My project/Library/PackageCache/com.unity.visualscripting@1.9.4/Editor/VisualScripting.Core/Utilities/VSUsageUtility.cs:76 
  at Unity.VisualScripting.VSUsageUtility.set_isVisualScriptingUsed (System.Boolean value) [0x0002c] in /home/hmcelik/Desktop/My project/Library/PackageCache/com.unity.visualscripting@1.9.4/Editor/VisualScripting.Core/Utilities/VSUsageUtility.cs:114 
  at Unity.VisualScripting.VSUsageUtility.CheckAndSetIsVisualScriptingUsed () [0x0000d] in /home/hmcelik/Desktop/My project/Library/PackageCache/com.unity.visualscripting@1.9.4/Editor/VisualScripting.Core/Utilities/VSUsageUtility.cs:33 
  at Unity.VisualScripting.VSUsageUtility..cctor () [0x00000] in /home/hmcelik/Desktop/My project/Library/PackageCache/com.unity.visualscripting@1.9.4/Editor/VisualScripting.Core/Utilities/VSUsageUtility.cs:22 
UnityEngine.StackTraceUtility:ExtractStackTrace () (at /home/bokken/build/output/unity/unity/Runtime/Export/Scripting/StackTrace.cs:37)
UnityEngine.DebugLogHandler:LogFormat (UnityEngine.LogType,UnityEngine.Object,string,object[])
UnityEngine.Logger:Log (UnityEngine.LogType,object)
UnityEngine.Debug:LogError (object)
UnityEditor.EditorAssemblies:ProcessInitializeOnLoadAttributes (System.Type[]) (at /home/bokken/build/output/unity/unity/Editor/Mono/EditorAssemblies.cs:134)

(Filename: /home/bokken/build/output/unity/unity/Editor/Mono/EditorAssemblies.cs Line: 134)

Mono: successfully reloaded assembly
- Completed reload, in  1,361 seconds
Domain Reload Profiling:
	ReloadAssembly (1361ms)
		BeginReloadAssembly (121ms)
			ExecutionOrderSort (0ms)
			DisableScriptedObjects (4ms)
			BackupInstance (0ms)
			ReleaseScriptingObjects (0ms)
			CreateAndSetChildDomain (45ms)
		EndReloadAssembly (1174ms)
			LoadAssemblies (44ms)
			RebuildTransferFunctionScriptingTraits (0ms)
			SetupTypeCache (212ms)
			ReleaseScriptCaches (1ms)
			RebuildScriptCaches (31ms)
			SetupLoadedEditorAssemblies (697ms)
				LogAssemblyErrors (0ms)
				InitializePlatformSupportModulesInManaged (13ms)
				SetLoadedEditorAssemblies (0ms)
				RefreshPlugins (1ms)
				BeforeProcessingInitializeOnLoad (46ms)
				ProcessInitializeOnLoadAttributes (604ms)
				ProcessInitializeOnLoadMethodAttributes (30ms)
				AfterProcessingInitializeOnLoad (3ms)
				EditorAssembliesLoaded (0ms)
			ExecutionOrderSort2 (0ms)
			AwakeInstancesAfterBackupRestoration (3ms)
Platform modules already initialized, skipping
Refreshing native plugins compatible for Editor in 0,88 ms, found 2 plugins.
Preloading 0 native plugins for Editor in 0,00 ms.
Unloading 3980 Unused Serialized files (Serialized files now loaded: 0)
Unloading 55 unused Assets / (47,0 KB). Loaded Objects now: 4694.
Memory consumption went from 138,5 MB to 138,4 MB.
Total: 11,551248 ms (FindLiveObjects: 0,397642 ms CreateObjectMapping: 0,197198 ms MarkObjects: 10,834248 ms  DeleteObjects: 0,121094 ms)

AssetImportParameters requested are different than current active one (requested -> active):
  custom:video-decoder-ogg-theora: a1e56fd34408186e4bbccfd4996cb3dc -> 
  custom:container-muxer-webm: aa71ff27fc2769a1b78a27578f13a17b -> 
  custom:container-demuxer-webm: 4f35f7cbe854078d1ac9338744f61a02 -> 
  custom:video-encoder-webm-vp8: eb34c28f22e8b96e1ab97ce403110664 -> 
  custom:CustomObjectIndexerAttribute: bc11b3a6c3213fcdd17b65e7da85e133 -> 
  custom:audio-encoder-webm-vorbis: bf7c407c2cedff20999df2af8eb42d56 -> 
  custom:SearchIndexIgnoredProperties: e643bd26f0fe6173181afceb89e7c659 -> 
  custom:container-demuxer-ogg: 62fdf1f143b41e24485cea50d1cbac27 -> 
  custom:video-decoder-webm-vp8: 9c59270c3fd7afecdb556c50c9e8de78 -> 
  custom:audio-decoder-ogg-vorbis: bf7c407c2cedff20999df2af8eb42d56 -> 
========================================================================
Received Prepare
Registering precompiled user dll's ...
Registered in 0,002285 seconds.
Begin MonoManager ReloadAssembly
Native extension for LinuxStandalone target not found
Refreshing native plugins compatible for Editor in 0,68 ms, found 2 plugins.
Preloading 0 native plugins for Editor in 0,00 ms.
[Package Manager] Server::EnsureServerProcessIsRunning -- launch failed, reason: Unity was launched with the -noUpm command-line argument
[Package Manager] Cannot connect to Unity Package Manager local server
System.Exception: Error! Visual Scripting: couldn't find visual scripting package
  at Unity.VisualScripting.PackageVersionUtility.get_version () [0x00043] in /home/hmcelik/Desktop/My project/Library/PackageCache/com.unity.visualscripting@1.9.4/Editor/VisualScripting.Core/Utilities/PackageVersionUtility.cs:31 
  at Unity.VisualScripting.BoltCoreManifest.get_version () [0x00000] in /home/hmcelik/Desktop/My project/Library/PackageCache/com.unity.visualscripting@1.9.4/Editor/VisualScripting.Core/Plugin/BoltCoreManifest.cs:11 
  at Unity.VisualScripting.PluginManifest.get_currentVersion () [0x00000] in /home/hmcelik/Desktop/My project/Library/PackageCache/com.unity.visualscripting@1.9.4/Editor/VisualScripting.Core/Plugins/PluginManifest.cs:33 
  at Unity.VisualScripting.PluginManifest.get_versionMismatch () [0x00000] in /home/hmcelik/Desktop/My project/Library/PackageCache/com.unity.visualscripting@1.9.4/Editor/VisualScripting.Core/Plugins/PluginManifest.cs:48 
  at Unity.VisualScripting.PluginContainer.Initialize () [0x00525] in /home/hmcelik/Desktop/My project/Library/PackageCache/com.unity.visualscripting@1.9.4/Editor/VisualScripting.Core/Plugins/PluginContainer.cs:208 
  at Unity.VisualScripting.PluginContainer.InitializeOnLoad () [0x00009] in /home/hmcelik/Desktop/My project/Library/PackageCache/com.unity.visualscripting@1.9.4/Editor/VisualScripting.Core/Plugins/PluginContainer.cs:32 
  at Unity.VisualScripting.VSUsageUtility.DoInitializeOnLoadCalls () [0x00034] in /home/hmcelik/Desktop/My project/Library/PackageCache/com.unity.visualscripting@1.9.4/Editor/VisualScripting.Core/Utilities/VSUsageUtility.cs:76 
  at Unity.VisualScripting.VSUsageUtility.set_isVisualScriptingUsed (System.Boolean value) [0x0002c] in /home/hmcelik/Desktop/My project/Library/PackageCache/com.unity.visualscripting@1.9.4/Editor/VisualScripting.Core/Utilities/VSUsageUtility.cs:114 
  at Unity.VisualScripting.VSUsageUtility.CheckAndSetIsVisualScriptingUsed () [0x0000d] in /home/hmcelik/Desktop/My project/Library/PackageCache/com.unity.visualscripting@1.9.4/Editor/VisualScripting.Core/Utilities/VSUsageUtility.cs:33 
  at Unity.VisualScripting.VSUsageUtility..cctor () [0x00000] in /home/hmcelik/Desktop/My project/Library/PackageCache/com.unity.visualscripting@1.9.4/Editor/VisualScripting.Core/Utilities/VSUsageUtility.cs:22 
UnityEngine.StackTraceUtility:ExtractStackTrace () (at /home/bokken/build/output/unity/unity/Runtime/Export/Scripting/StackTrace.cs:37)
UnityEngine.DebugLogHandler:LogFormat (UnityEngine.LogType,UnityEngine.Object,string,object[])
UnityEngine.Logger:Log (UnityEngine.LogType,object)
UnityEngine.Debug:LogError (object)
UnityEditor.EditorAssemblies:ProcessInitializeOnLoadAttributes (System.Type[]) (at /home/bokken/build/output/unity/unity/Editor/Mono/EditorAssemblies.cs:134)

(Filename: /home/bokken/build/output/unity/unity/Editor/Mono/EditorAssemblies.cs Line: 134)

Mono: successfully reloaded assembly
- Completed reload, in  1,345 seconds
Domain Reload Profiling:
	ReloadAssembly (1345ms)
		BeginReloadAssembly (123ms)
			ExecutionOrderSort (0ms)
			DisableScriptedObjects (4ms)
			BackupInstance (0ms)
			ReleaseScriptingObjects (0ms)
			CreateAndSetChildDomain (48ms)
		EndReloadAssembly (1156ms)
			LoadAssemblies (42ms)
			RebuildTransferFunctionScriptingTraits (0ms)
			SetupTypeCache (212ms)
			ReleaseScriptCaches (1ms)
			RebuildScriptCaches (30ms)
			SetupLoadedEditorAssemblies (694ms)
				LogAssemblyErrors (0ms)
				InitializePlatformSupportModulesInManaged (9ms)
				SetLoadedEditorAssemblies (0ms)
				RefreshPlugins (1ms)
				BeforeProcessingInitializeOnLoad (43ms)
				ProcessInitializeOnLoadAttributes (612ms)
				ProcessInitializeOnLoadMethodAttributes (26ms)
				AfterProcessingInitializeOnLoad (3ms)
				EditorAssembliesLoaded (0ms)
			ExecutionOrderSort2 (0ms)
			AwakeInstancesAfterBackupRestoration (3ms)
Platform modules already initialized, skipping
Refreshing native plugins compatible for Editor in 0,69 ms, found 2 plugins.
Preloading 0 native plugins for Editor in 0,00 ms.
Unloading 3980 Unused Serialized files (Serialized files now loaded: 0)
Unloading 55 unused Assets / (47,0 KB). Loaded Objects now: 4698.
Memory consumption went from 138,5 MB to 138,4 MB.
Total: 10,520206 ms (FindLiveObjects: 0,331730 ms CreateObjectMapping: 0,193311 ms MarkObjects: 9,885482 ms  DeleteObjects: 0,108241 ms)

AssetImportParameters requested are different than current active one (requested -> active):
  custom:video-decoder-ogg-theora: a1e56fd34408186e4bbccfd4996cb3dc -> 
  custom:container-muxer-webm: aa71ff27fc2769a1b78a27578f13a17b -> 
  custom:container-demuxer-webm: 4f35f7cbe854078d1ac9338744f61a02 -> 
  custom:video-encoder-webm-vp8: eb34c28f22e8b96e1ab97ce403110664 -> 
  custom:CustomObjectIndexerAttribute: bc11b3a6c3213fcdd17b65e7da85e133 -> 
  custom:audio-encoder-webm-vorbis: bf7c407c2cedff20999df2af8eb42d56 -> 
  custom:SearchIndexIgnoredProperties: e643bd26f0fe6173181afceb89e7c659 -> 
  custom:container-demuxer-ogg: 62fdf1f143b41e24485cea50d1cbac27 -> 
  custom:video-decoder-webm-vp8: 9c59270c3fd7afecdb556c50c9e8de78 -> 
  custom:audio-decoder-ogg-vorbis: bf7c407c2cedff20999df2af8eb42d56 -> 
========================================================================
Received Prepare
Registering precompiled user dll's ...
Registered in 0,001838 seconds.
Begin MonoManager ReloadAssembly
Native extension for LinuxStandalone target not found
Refreshing native plugins compatible for Editor in 0,67 ms, found 2 plugins.
Preloading 0 native plugins for Editor in 0,00 ms.
[Package Manager] Server::EnsureServerProcessIsRunning -- launch failed, reason: Unity was launched with the -noUpm command-line argument
[Package Manager] Cannot connect to Unity Package Manager local server
System.Exception: Error! Visual Scripting: couldn't find visual scripting package
  at Unity.VisualScripting.PackageVersionUtility.get_version () [0x00043] in /home/hmcelik/Desktop/My project/Library/PackageCache/com.unity.visualscripting@1.9.4/Editor/VisualScripting.Core/Utilities/PackageVersionUtility.cs:31 
  at Unity.VisualScripting.BoltCoreManifest.get_version () [0x00000] in /home/hmcelik/Desktop/My project/Library/PackageCache/com.unity.visualscripting@1.9.4/Editor/VisualScripting.Core/Plugin/BoltCoreManifest.cs:11 
  at Unity.VisualScripting.PluginManifest.get_currentVersion () [0x00000] in /home/hmcelik/Desktop/My project/Library/PackageCache/com.unity.visualscripting@1.9.4/Editor/VisualScripting.Core/Plugins/PluginManifest.cs:33 
  at Unity.VisualScripting.PluginManifest.get_versionMismatch () [0x00000] in /home/hmcelik/Desktop/My project/Library/PackageCache/com.unity.visualscripting@1.9.4/Editor/VisualScripting.Core/Plugins/PluginManifest.cs:48 
  at Unity.VisualScripting.PluginContainer.Initialize () [0x00525] in /home/hmcelik/Desktop/My project/Library/PackageCache/com.unity.visualscripting@1.9.4/Editor/VisualScripting.Core/Plugins/PluginContainer.cs:208 
  at Unity.VisualScripting.PluginContainer.InitializeOnLoad () [0x00009] in /home/hmcelik/Desktop/My project/Library/PackageCache/com.unity.visualscripting@1.9.4/Editor/VisualScripting.Core/Plugins/PluginContainer.cs:32 
  at Unity.VisualScripting.VSUsageUtility.DoInitializeOnLoadCalls () [0x00034] in /home/hmcelik/Desktop/My project/Library/PackageCache/com.unity.visualscripting@1.9.4/Editor/VisualScripting.Core/Utilities/VSUsageUtility.cs:76 
  at Unity.VisualScripting.VSUsageUtility.set_isVisualScriptingUsed (System.Boolean value) [0x0002c] in /home/hmcelik/Desktop/My project/Library/PackageCache/com.unity.visualscripting@1.9.4/Editor/VisualScripting.Core/Utilities/VSUsageUtility.cs:114 
  at Unity.VisualScripting.VSUsageUtility.CheckAndSetIsVisualScriptingUsed () [0x0000d] in /home/hmcelik/Desktop/My project/Library/PackageCache/com.unity.visualscripting@1.9.4/Editor/VisualScripting.Core/Utilities/VSUsageUtility.cs:33 
  at Unity.VisualScripting.VSUsageUtility..cctor () [0x00000] in /home/hmcelik/Desktop/My project/Library/PackageCache/com.unity.visualscripting@1.9.4/Editor/VisualScripting.Core/Utilities/VSUsageUtility.cs:22 
UnityEngine.StackTraceUtility:ExtractStackTrace () (at /home/bokken/build/output/unity/unity/Runtime/Export/Scripting/StackTrace.cs:37)
UnityEngine.DebugLogHandler:LogFormat (UnityEngine.LogType,UnityEngine.Object,string,object[])
UnityEngine.Logger:Log (UnityEngine.LogType,object)
UnityEngine.Debug:LogError (object)
UnityEditor.EditorAssemblies:ProcessInitializeOnLoadAttributes (System.Type[]) (at /home/bokken/build/output/unity/unity/Editor/Mono/EditorAssemblies.cs:134)

(Filename: /home/bokken/build/output/unity/unity/Editor/Mono/EditorAssemblies.cs Line: 134)

Mono: successfully reloaded assembly
- Completed reload, in  1,333 seconds
Domain Reload Profiling:
	ReloadAssembly (1334ms)
		BeginReloadAssembly (126ms)
			ExecutionOrderSort (0ms)
			DisableScriptedObjects (4ms)
			BackupInstance (0ms)
			ReleaseScriptingObjects (0ms)
			CreateAndSetChildDomain (49ms)
		EndReloadAssembly (1141ms)
			LoadAssemblies (44ms)
			RebuildTransferFunctionScriptingTraits (0ms)
			SetupTypeCache (200ms)
			ReleaseScriptCaches (1ms)
			RebuildScriptCaches (30ms)
			SetupLoadedEditorAssemblies (686ms)
				LogAssemblyErrors (0ms)
				InitializePlatformSupportModulesInManaged (9ms)
				SetLoadedEditorAssemblies (0ms)
				RefreshPlugins (1ms)
				BeforeProcessingInitializeOnLoad (43ms)
				ProcessInitializeOnLoadAttributes (602ms)
				ProcessInitializeOnLoadMethodAttributes (29ms)
				AfterProcessingInitializeOnLoad (3ms)
				EditorAssembliesLoaded (0ms)
			ExecutionOrderSort2 (0ms)
			AwakeInstancesAfterBackupRestoration (3ms)
Platform modules already initialized, skipping
Refreshing native plugins compatible for Editor in 0,69 ms, found 2 plugins.
Preloading 0 native plugins for Editor in 0,00 ms.
Unloading 3980 Unused Serialized files (Serialized files now loaded: 0)
Unloading 55 unused Assets / (47,0 KB). Loaded Objects now: 4702.
Memory consumption went from 138,5 MB to 138,5 MB.
Total: 10,184741 ms (FindLiveObjects: 0,197950 ms CreateObjectMapping: 0,093077 ms MarkObjects: 9,794296 ms  DeleteObjects: 0,098427 ms)

AssetImportParameters requested are different than current active one (requested -> active):
  custom:video-decoder-ogg-theora: a1e56fd34408186e4bbccfd4996cb3dc -> 
  custom:container-muxer-webm: aa71ff27fc2769a1b78a27578f13a17b -> 
  custom:container-demuxer-webm: 4f35f7cbe854078d1ac9338744f61a02 -> 
  custom:video-encoder-webm-vp8: eb34c28f22e8b96e1ab97ce403110664 -> 
  custom:CustomObjectIndexerAttribute: bc11b3a6c3213fcdd17b65e7da85e133 -> 
  custom:audio-encoder-webm-vorbis: bf7c407c2cedff20999df2af8eb42d56 -> 
  custom:SearchIndexIgnoredProperties: e643bd26f0fe6173181afceb89e7c659 -> 
  custom:container-demuxer-ogg: 62fdf1f143b41e24485cea50d1cbac27 -> 
  custom:video-decoder-webm-vp8: 9c59270c3fd7afecdb556c50c9e8de78 -> 
  custom:audio-decoder-ogg-vorbis: bf7c407c2cedff20999df2af8eb42d56 -> 
========================================================================
Received Prepare
Registering precompiled user dll's ...
Registered in 0,001884 seconds.
Begin MonoManager ReloadAssembly
Native extension for LinuxStandalone target not found
Refreshing native plugins compatible for Editor in 0,70 ms, found 2 plugins.
Preloading 0 native plugins for Editor in 0,00 ms.
[Package Manager] Server::EnsureServerProcessIsRunning -- launch failed, reason: Unity was launched with the -noUpm command-line argument
[Package Manager] Cannot connect to Unity Package Manager local server
System.Exception: Error! Visual Scripting: couldn't find visual scripting package
  at Unity.VisualScripting.PackageVersionUtility.get_version () [0x00043] in /home/hmcelik/Desktop/My project/Library/PackageCache/com.unity.visualscripting@1.9.4/Editor/VisualScripting.Core/Utilities/PackageVersionUtility.cs:31 
  at Unity.VisualScripting.BoltCoreManifest.get_version () [0x00000] in /home/hmcelik/Desktop/My project/Library/PackageCache/com.unity.visualscripting@1.9.4/Editor/VisualScripting.Core/Plugin/BoltCoreManifest.cs:11 
  at Unity.VisualScripting.PluginManifest.get_currentVersion () [0x00000] in /home/hmcelik/Desktop/My project/Library/PackageCache/com.unity.visualscripting@1.9.4/Editor/VisualScripting.Core/Plugins/PluginManifest.cs:33 
  at Unity.VisualScripting.PluginManifest.get_versionMismatch () [0x00000] in /home/hmcelik/Desktop/My project/Library/PackageCache/com.unity.visualscripting@1.9.4/Editor/VisualScripting.Core/Plugins/PluginManifest.cs:48 
  at Unity.VisualScripting.PluginContainer.Initialize () [0x00525] in /home/hmcelik/Desktop/My project/Library/PackageCache/com.unity.visualscripting@1.9.4/Editor/VisualScripting.Core/Plugins/PluginContainer.cs:208 
  at Unity.VisualScripting.PluginContainer.InitializeOnLoad () [0x00009] in /home/hmcelik/Desktop/My project/Library/PackageCache/com.unity.visualscripting@1.9.4/Editor/VisualScripting.Core/Plugins/PluginContainer.cs:32 
  at Unity.VisualScripting.VSUsageUtility.DoInitializeOnLoadCalls () [0x00034] in /home/hmcelik/Desktop/My project/Library/PackageCache/com.unity.visualscripting@1.9.4/Editor/VisualScripting.Core/Utilities/VSUsageUtility.cs:76 
  at Unity.VisualScripting.VSUsageUtility.set_isVisualScriptingUsed (System.Boolean value) [0x0002c] in /home/hmcelik/Desktop/My project/Library/PackageCache/com.unity.visualscripting@1.9.4/Editor/VisualScripting.Core/Utilities/VSUsageUtility.cs:114 
  at Unity.VisualScripting.VSUsageUtility.CheckAndSetIsVisualScriptingUsed () [0x0000d] in /home/hmcelik/Desktop/My project/Library/PackageCache/com.unity.visualscripting@1.9.4/Editor/VisualScripting.Core/Utilities/VSUsageUtility.cs:33 
  at Unity.VisualScripting.VSUsageUtility..cctor () [0x00000] in /home/hmcelik/Desktop/My project/Library/PackageCache/com.unity.visualscripting@1.9.4/Editor/VisualScripting.Core/Utilities/VSUsageUtility.cs:22 
UnityEngine.StackTraceUtility:ExtractStackTrace () (at /home/bokken/build/output/unity/unity/Runtime/Export/Scripting/StackTrace.cs:37)
UnityEngine.DebugLogHandler:LogFormat (UnityEngine.LogType,UnityEngine.Object,string,object[])
UnityEngine.Logger:Log (UnityEngine.LogType,object)
UnityEngine.Debug:LogError (object)
UnityEditor.EditorAssemblies:ProcessInitializeOnLoadAttributes (System.Type[]) (at /home/bokken/build/output/unity/unity/Editor/Mono/EditorAssemblies.cs:134)

(Filename: /home/bokken/build/output/unity/unity/Editor/Mono/EditorAssemblies.cs Line: 134)

Mono: successfully reloaded assembly
- Completed reload, in  1,339 seconds
Domain Reload Profiling:
	ReloadAssembly (1339ms)
		BeginReloadAssembly (124ms)
			ExecutionOrderSort (0ms)
			DisableScriptedObjects (4ms)
			BackupInstance (0ms)
			ReleaseScriptingObjects (0ms)
			CreateAndSetChildDomain (46ms)
		EndReloadAssembly (1150ms)
			LoadAssemblies (44ms)
			RebuildTransferFunctionScriptingTraits (0ms)
			SetupTypeCache (210ms)
			ReleaseScriptCaches (1ms)
			RebuildScriptCaches (30ms)
			SetupLoadedEditorAssemblies (687ms)
				LogAssemblyErrors (0ms)
				InitializePlatformSupportModulesInManaged (9ms)
				SetLoadedEditorAssemblies (0ms)
				RefreshPlugins (1ms)
				BeforeProcessingInitializeOnLoad (49ms)
				ProcessInitializeOnLoadAttributes (596ms)
				ProcessInitializeOnLoadMethodAttributes (28ms)
				AfterProcessingInitializeOnLoad (4ms)
				EditorAssembliesLoaded (0ms)
			ExecutionOrderSort2 (0ms)
			AwakeInstancesAfterBackupRestoration (3ms)
Platform modules already initialized, skipping
Refreshing native plugins compatible for Editor in 0,75 ms, found 2 plugins.
Preloading 0 native plugins for Editor in 0,00 ms.
Unloading 3980 Unused Serialized files (Serialized files now loaded: 0)
Unloading 55 unused Assets / (51,5 KB). Loaded Objects now: 4706.
Memory consumption went from 138,5 MB to 138,5 MB.
Total: 10,110133 ms (FindLiveObjects: 0,195486 ms CreateObjectMapping: 0,089078 ms MarkObjects: 9,744441 ms  DeleteObjects: 0,080319 ms)

AssetImportParameters requested are different than current active one (requested -> active):
  custom:video-decoder-ogg-theora: a1e56fd34408186e4bbccfd4996cb3dc -> 
  custom:container-muxer-webm: aa71ff27fc2769a1b78a27578f13a17b -> 
  custom:container-demuxer-webm: 4f35f7cbe854078d1ac9338744f61a02 -> 
  custom:video-encoder-webm-vp8: eb34c28f22e8b96e1ab97ce403110664 -> 
  custom:CustomObjectIndexerAttribute: bc11b3a6c3213fcdd17b65e7da85e133 -> 
  custom:audio-encoder-webm-vorbis: bf7c407c2cedff20999df2af8eb42d56 -> 
  custom:SearchIndexIgnoredProperties: e643bd26f0fe6173181afceb89e7c659 -> 
  custom:container-demuxer-ogg: 62fdf1f143b41e24485cea50d1cbac27 -> 
  custom:video-decoder-webm-vp8: 9c59270c3fd7afecdb556c50c9e8de78 -> 
  custom:audio-decoder-ogg-vorbis: bf7c407c2cedff20999df2af8eb42d56 -> 
========================================================================
Received Prepare
Registering precompiled user dll's ...
Registered in 0,002281 seconds.
Begin MonoManager ReloadAssembly
Native extension for LinuxStandalone target not found
Refreshing native plugins compatible for Editor in 0,70 ms, found 2 plugins.
Preloading 0 native plugins for Editor in 0,00 ms.
[Package Manager] Server::EnsureServerProcessIsRunning -- launch failed, reason: Unity was launched with the -noUpm command-line argument
[Package Manager] Cannot connect to Unity Package Manager local server
System.Exception: Error! Visual Scripting: couldn't find visual scripting package
  at Unity.VisualScripting.PackageVersionUtility.get_version () [0x00043] in /home/hmcelik/Desktop/My project/Library/PackageCache/com.unity.visualscripting@1.9.4/Editor/VisualScripting.Core/Utilities/PackageVersionUtility.cs:31 
  at Unity.VisualScripting.BoltCoreManifest.get_version () [0x00000] in /home/hmcelik/Desktop/My project/Library/PackageCache/com.unity.visualscripting@1.9.4/Editor/VisualScripting.Core/Plugin/BoltCoreManifest.cs:11 
  at Unity.VisualScripting.PluginManifest.get_currentVersion () [0x00000] in /home/hmcelik/Desktop/My project/Library/PackageCache/com.unity.visualscripting@1.9.4/Editor/VisualScripting.Core/Plugins/PluginManifest.cs:33 
  at Unity.VisualScripting.PluginManifest.get_versionMismatch () [0x00000] in /home/hmcelik/Desktop/My project/Library/PackageCache/com.unity.visualscripting@1.9.4/Editor/VisualScripting.Core/Plugins/PluginManifest.cs:48 
  at Unity.VisualScripting.PluginContainer.Initialize () [0x00525] in /home/hmcelik/Desktop/My project/Library/PackageCache/com.unity.visualscripting@1.9.4/Editor/VisualScripting.Core/Plugins/PluginContainer.cs:208 
  at Unity.VisualScripting.PluginContainer.InitializeOnLoad () [0x00009] in /home/hmcelik/Desktop/My project/Library/PackageCache/com.unity.visualscripting@1.9.4/Editor/VisualScripting.Core/Plugins/PluginContainer.cs:32 
  at Unity.VisualScripting.VSUsageUtility.DoInitializeOnLoadCalls () [0x00034] in /home/hmcelik/Desktop/My project/Library/PackageCache/com.unity.visualscripting@1.9.4/Editor/VisualScripting.Core/Utilities/VSUsageUtility.cs:76 
  at Unity.VisualScripting.VSUsageUtility.set_isVisualScriptingUsed (System.Boolean value) [0x0002c] in /home/hmcelik/Desktop/My project/Library/PackageCache/com.unity.visualscripting@1.9.4/Editor/VisualScripting.Core/Utilities/VSUsageUtility.cs:114 
  at Unity.VisualScripting.VSUsageUtility.CheckAndSetIsVisualScriptingUsed () [0x0000d] in /home/hmcelik/Desktop/My project/Library/PackageCache/com.unity.visualscripting@1.9.4/Editor/VisualScripting.Core/Utilities/VSUsageUtility.cs:33 
  at Unity.VisualScripting.VSUsageUtility..cctor () [0x00000] in /home/hmcelik/Desktop/My project/Library/PackageCache/com.unity.visualscripting@1.9.4/Editor/VisualScripting.Core/Utilities/VSUsageUtility.cs:22 
UnityEngine.StackTraceUtility:ExtractStackTrace () (at /home/bokken/build/output/unity/unity/Runtime/Export/Scripting/StackTrace.cs:37)
UnityEngine.DebugLogHandler:LogFormat (UnityEngine.LogType,UnityEngine.Object,string,object[])
UnityEngine.Logger:Log (UnityEngine.LogType,object)
UnityEngine.Debug:LogError (object)
UnityEditor.EditorAssemblies:ProcessInitializeOnLoadAttributes (System.Type[]) (at /home/bokken/build/output/unity/unity/Editor/Mono/EditorAssemblies.cs:134)

(Filename: /home/bokken/build/output/unity/unity/Editor/Mono/EditorAssemblies.cs Line: 134)

Mono: successfully reloaded assembly
- Completed reload, in  1,342 seconds
Domain Reload Profiling:
	ReloadAssembly (1343ms)
		BeginReloadAssembly (121ms)
			ExecutionOrderSort (0ms)
			DisableScriptedObjects (4ms)
			BackupInstance (0ms)
			ReleaseScriptingObjects (0ms)
			CreateAndSetChildDomain (46ms)
		EndReloadAssembly (1156ms)
			LoadAssemblies (42ms)
			RebuildTransferFunctionScriptingTraits (0ms)
			SetupTypeCache (210ms)
			ReleaseScriptCaches (1ms)
			RebuildScriptCaches (30ms)
			SetupLoadedEditorAssemblies (696ms)
				LogAssemblyErrors (0ms)
				InitializePlatformSupportModulesInManaged (10ms)
				SetLoadedEditorAssemblies (0ms)
				RefreshPlugins (1ms)
				BeforeProcessingInitializeOnLoad (53ms)
				ProcessInitializeOnLoadAttributes (599ms)
				ProcessInitializeOnLoadMethodAttributes (30ms)
				AfterProcessingInitializeOnLoad (3ms)
				EditorAssembliesLoaded (0ms)
			ExecutionOrderSort2 (0ms)
			AwakeInstancesAfterBackupRestoration (3ms)
Platform modules already initialized, skipping
Refreshing native plugins compatible for Editor in 0,69 ms, found 2 plugins.
Preloading 0 native plugins for Editor in 0,00 ms.
Unloading 3980 Unused Serialized files (Serialized files now loaded: 0)
Unloading 55 unused Assets / (51,6 KB). Loaded Objects now: 4710.
Memory consumption went from 138,5 MB to 138,5 MB.
Total: 10,342287 ms (FindLiveObjects: 0,331836 ms CreateObjectMapping: 0,189791 ms MarkObjects: 9,739162 ms  DeleteObjects: 0,080510 ms)

AssetImportParameters requested are different than current active one (requested -> active):
  custom:video-decoder-ogg-theora: a1e56fd34408186e4bbccfd4996cb3dc -> 
  custom:container-muxer-webm: aa71ff27fc2769a1b78a27578f13a17b -> 
  custom:container-demuxer-webm: 4f35f7cbe854078d1ac9338744f61a02 -> 
  custom:video-encoder-webm-vp8: eb34c28f22e8b96e1ab97ce403110664 -> 
  custom:CustomObjectIndexerAttribute: bc11b3a6c3213fcdd17b65e7da85e133 -> 
  custom:audio-encoder-webm-vorbis: bf7c407c2cedff20999df2af8eb42d56 -> 
  custom:SearchIndexIgnoredProperties: e643bd26f0fe6173181afceb89e7c659 -> 
  custom:container-demuxer-ogg: 62fdf1f143b41e24485cea50d1cbac27 -> 
  custom:video-decoder-webm-vp8: 9c59270c3fd7afecdb556c50c9e8de78 -> 
  custom:audio-decoder-ogg-vorbis: bf7c407c2cedff20999df2af8eb42d56 -> 
========================================================================
Received Prepare
Registering precompiled user dll's ...
Registered in 0,001949 seconds.
Begin MonoManager ReloadAssembly
Native extension for LinuxStandalone target not found
Refreshing native plugins compatible for Editor in 0,66 ms, found 2 plugins.
Preloading 0 native plugins for Editor in 0,00 ms.
[Package Manager] Server::EnsureServerProcessIsRunning -- launch failed, reason: Unity was launched with the -noUpm command-line argument
[Package Manager] Cannot connect to Unity Package Manager local server
System.Exception: Error! Visual Scripting: couldn't find visual scripting package
  at Unity.VisualScripting.PackageVersionUtility.get_version () [0x00043] in /home/hmcelik/Desktop/My project/Library/PackageCache/com.unity.visualscripting@1.9.4/Editor/VisualScripting.Core/Utilities/PackageVersionUtility.cs:31 
  at Unity.VisualScripting.BoltCoreManifest.get_version () [0x00000] in /home/hmcelik/Desktop/My project/Library/PackageCache/com.unity.visualscripting@1.9.4/Editor/VisualScripting.Core/Plugin/BoltCoreManifest.cs:11 
  at Unity.VisualScripting.PluginManifest.get_currentVersion () [0x00000] in /home/hmcelik/Desktop/My project/Library/PackageCache/com.unity.visualscripting@1.9.4/Editor/VisualScripting.Core/Plugins/PluginManifest.cs:33 
  at Unity.VisualScripting.PluginManifest.get_versionMismatch () [0x00000] in /home/hmcelik/Desktop/My project/Library/PackageCache/com.unity.visualscripting@1.9.4/Editor/VisualScripting.Core/Plugins/PluginManifest.cs:48 
  at Unity.VisualScripting.PluginContainer.Initialize () [0x00525] in /home/hmcelik/Desktop/My project/Library/PackageCache/com.unity.visualscripting@1.9.4/Editor/VisualScripting.Core/Plugins/PluginContainer.cs:208 
  at Unity.VisualScripting.PluginContainer.InitializeOnLoad () [0x00009] in /home/hmcelik/Desktop/My project/Library/PackageCache/com.unity.visualscripting@1.9.4/Editor/VisualScripting.Core/Plugins/PluginContainer.cs:32 
  at Unity.VisualScripting.VSUsageUtility.DoInitializeOnLoadCalls () [0x00034] in /home/hmcelik/Desktop/My project/Library/PackageCache/com.unity.visualscripting@1.9.4/Editor/VisualScripting.Core/Utilities/VSUsageUtility.cs:76 
  at Unity.VisualScripting.VSUsageUtility.set_isVisualScriptingUsed (System.Boolean value) [0x0002c] in /home/hmcelik/Desktop/My project/Library/PackageCache/com.unity.visualscripting@1.9.4/Editor/VisualScripting.Core/Utilities/VSUsageUtility.cs:114 
  at Unity.VisualScripting.VSUsageUtility.CheckAndSetIsVisualScriptingUsed () [0x0000d] in /home/hmcelik/Desktop/My project/Library/PackageCache/com.unity.visualscripting@1.9.4/Editor/VisualScripting.Core/Utilities/VSUsageUtility.cs:33 
  at Unity.VisualScripting.VSUsageUtility..cctor () [0x00000] in /home/hmcelik/Desktop/My project/Library/PackageCache/com.unity.visualscripting@1.9.4/Editor/VisualScripting.Core/Utilities/VSUsageUtility.cs:22 
UnityEngine.StackTraceUtility:ExtractStackTrace () (at /home/bokken/build/output/unity/unity/Runtime/Export/Scripting/StackTrace.cs:37)
UnityEngine.DebugLogHandler:LogFormat (UnityEngine.LogType,UnityEngine.Object,string,object[])
UnityEngine.Logger:Log (UnityEngine.LogType,object)
UnityEngine.Debug:LogError (object)
UnityEditor.EditorAssemblies:ProcessInitializeOnLoadAttributes (System.Type[]) (at /home/bokken/build/output/unity/unity/Editor/Mono/EditorAssemblies.cs:134)

(Filename: /home/bokken/build/output/unity/unity/Editor/Mono/EditorAssemblies.cs Line: 134)

Mono: successfully reloaded assembly
- Completed reload, in  1,326 seconds
Domain Reload Profiling:
	ReloadAssembly (1327ms)
		BeginReloadAssembly (122ms)
			ExecutionOrderSort (0ms)
			DisableScriptedObjects (4ms)
			BackupInstance (0ms)
			ReleaseScriptingObjects (0ms)
			CreateAndSetChildDomain (44ms)
		EndReloadAssembly (1139ms)
			LoadAssemblies (42ms)
			RebuildTransferFunctionScriptingTraits (0ms)
			SetupTypeCache (205ms)
			ReleaseScriptCaches (1ms)
			RebuildScriptCaches (30ms)
			SetupLoadedEditorAssemblies (685ms)
				LogAssemblyErrors (0ms)
				InitializePlatformSupportModulesInManaged (9ms)
				SetLoadedEditorAssemblies (0ms)
				RefreshPlugins (1ms)
				BeforeProcessingInitializeOnLoad (44ms)
				ProcessInitializeOnLoadAttributes (605ms)
				ProcessInitializeOnLoadMethodAttributes (25ms)
				AfterProcessingInitializeOnLoad (3ms)
				EditorAssembliesLoaded (0ms)
			ExecutionOrderSort2 (0ms)
			AwakeInstancesAfterBackupRestoration (3ms)
Platform modules already initialized, skipping
Refreshing native plugins compatible for Editor in 0,69 ms, found 2 plugins.
Preloading 0 native plugins for Editor in 0,00 ms.
Unloading 3980 Unused Serialized files (Serialized files now loaded: 0)
Unloading 55 unused Assets / (56,3 KB). Loaded Objects now: 4714.
Memory consumption went from 138,6 MB to 138,5 MB.
Total: 9,826008 ms (FindLiveObjects: 0,195518 ms CreateObjectMapping: 0,090477 ms MarkObjects: 9,456628 ms  DeleteObjects: 0,082545 ms)

AssetImportParameters requested are different than current active one (requested -> active):
  custom:video-decoder-ogg-theora: a1e56fd34408186e4bbccfd4996cb3dc -> 
  custom:container-muxer-webm: aa71ff27fc2769a1b78a27578f13a17b -> 
  custom:container-demuxer-webm: 4f35f7cbe854078d1ac9338744f61a02 -> 
  custom:video-encoder-webm-vp8: eb34c28f22e8b96e1ab97ce403110664 -> 
  custom:CustomObjectIndexerAttribute: bc11b3a6c3213fcdd17b65e7da85e133 -> 
  custom:audio-encoder-webm-vorbis: bf7c407c2cedff20999df2af8eb42d56 -> 
  custom:SearchIndexIgnoredProperties: e643bd26f0fe6173181afceb89e7c659 -> 
  custom:container-demuxer-ogg: 62fdf1f143b41e24485cea50d1cbac27 -> 
  custom:video-decoder-webm-vp8: 9c59270c3fd7afecdb556c50c9e8de78 -> 
  custom:audio-decoder-ogg-vorbis: bf7c407c2cedff20999df2af8eb42d56 -> 
========================================================================
Received Prepare
Registering precompiled user dll's ...
Registered in 0,002016 seconds.
Begin MonoManager ReloadAssembly
Native extension for LinuxStandalone target not found
Refreshing native plugins compatible for Editor in 1,01 ms, found 2 plugins.
Preloading 0 native plugins for Editor in 0,00 ms.
[Package Manager] Server::EnsureServerProcessIsRunning -- launch failed, reason: Unity was launched with the -noUpm command-line argument
[Package Manager] Cannot connect to Unity Package Manager local server
System.Exception: Error! Visual Scripting: couldn't find visual scripting package
  at Unity.VisualScripting.PackageVersionUtility.get_version () [0x00043] in /home/hmcelik/Desktop/My project/Library/PackageCache/com.unity.visualscripting@1.9.4/Editor/VisualScripting.Core/Utilities/PackageVersionUtility.cs:31 
  at Unity.VisualScripting.BoltCoreManifest.get_version () [0x00000] in /home/hmcelik/Desktop/My project/Library/PackageCache/com.unity.visualscripting@1.9.4/Editor/VisualScripting.Core/Plugin/BoltCoreManifest.cs:11 
  at Unity.VisualScripting.PluginManifest.get_currentVersion () [0x00000] in /home/hmcelik/Desktop/My project/Library/PackageCache/com.unity.visualscripting@1.9.4/Editor/VisualScripting.Core/Plugins/PluginManifest.cs:33 
  at Unity.VisualScripting.PluginManifest.get_versionMismatch () [0x00000] in /home/hmcelik/Desktop/My project/Library/PackageCache/com.unity.visualscripting@1.9.4/Editor/VisualScripting.Core/Plugins/PluginManifest.cs:48 
  at Unity.VisualScripting.PluginContainer.Initialize () [0x00525] in /home/hmcelik/Desktop/My project/Library/PackageCache/com.unity.visualscripting@1.9.4/Editor/VisualScripting.Core/Plugins/PluginContainer.cs:208 
  at Unity.VisualScripting.PluginContainer.InitializeOnLoad () [0x00009] in /home/hmcelik/Desktop/My project/Library/PackageCache/com.unity.visualscripting@1.9.4/Editor/VisualScripting.Core/Plugins/PluginContainer.cs:32 
  at Unity.VisualScripting.VSUsageUtility.DoInitializeOnLoadCalls () [0x00034] in /home/hmcelik/Desktop/My project/Library/PackageCache/com.unity.visualscripting@1.9.4/Editor/VisualScripting.Core/Utilities/VSUsageUtility.cs:76 
  at Unity.VisualScripting.VSUsageUtility.set_isVisualScriptingUsed (System.Boolean value) [0x0002c] in /home/hmcelik/Desktop/My project/Library/PackageCache/com.unity.visualscripting@1.9.4/Editor/VisualScripting.Core/Utilities/VSUsageUtility.cs:114 
  at Unity.VisualScripting.VSUsageUtility.CheckAndSetIsVisualScriptingUsed () [0x0000d] in /home/hmcelik/Desktop/My project/Library/PackageCache/com.unity.visualscripting@1.9.4/Editor/VisualScripting.Core/Utilities/VSUsageUtility.cs:33 
  at Unity.VisualScripting.VSUsageUtility..cctor () [0x00000] in /home/hmcelik/Desktop/My project/Library/PackageCache/com.unity.visualscripting@1.9.4/Editor/VisualScripting.Core/Utilities/VSUsageUtility.cs:22 
UnityEngine.StackTraceUtility:ExtractStackTrace () (at /home/bokken/build/output/unity/unity/Runtime/Export/Scripting/StackTrace.cs:37)
UnityEngine.DebugLogHandler:LogFormat (UnityEngine.LogType,UnityEngine.Object,string,object[])
UnityEngine.Logger:Log (UnityEngine.LogType,object)
UnityEngine.Debug:LogError (object)
UnityEditor.EditorAssemblies:ProcessInitializeOnLoadAttributes (System.Type[]) (at /home/bokken/build/output/unity/unity/Editor/Mono/EditorAssemblies.cs:134)

(Filename: /home/bokken/build/output/unity/unity/Editor/Mono/EditorAssemblies.cs Line: 134)

Mono: successfully reloaded assembly
- Completed reload, in  1,359 seconds
Domain Reload Profiling:
	ReloadAssembly (1360ms)
		BeginReloadAssembly (128ms)
			ExecutionOrderSort (0ms)
			DisableScriptedObjects (4ms)
			BackupInstance (0ms)
			ReleaseScriptingObjects (0ms)
			CreateAndSetChildDomain (49ms)
		EndReloadAssembly (1166ms)
			LoadAssemblies (45ms)
			RebuildTransferFunctionScriptingTraits (0ms)
			SetupTypeCache (211ms)
			ReleaseScriptCaches (1ms)
			RebuildScriptCaches (30ms)
			SetupLoadedEditorAssemblies (701ms)
				LogAssemblyErrors (0ms)
				InitializePlatformSupportModulesInManaged (10ms)
				SetLoadedEditorAssemblies (0ms)
				RefreshPlugins (1ms)
				BeforeProcessingInitializeOnLoad (41ms)
				ProcessInitializeOnLoadAttributes (617ms)
				ProcessInitializeOnLoadMethodAttributes (28ms)
				AfterProcessingInitializeOnLoad (3ms)
				EditorAssembliesLoaded (0ms)
			ExecutionOrderSort2 (0ms)
			AwakeInstancesAfterBackupRestoration (3ms)
Platform modules already initialized, skipping
Refreshing native plugins compatible for Editor in 0,69 ms, found 2 plugins.
Preloading 0 native plugins for Editor in 0,00 ms.
Unloading 3980 Unused Serialized files (Serialized files now loaded: 0)
Unloading 55 unused Assets / (47,0 KB). Loaded Objects now: 4718.
Memory consumption went from 138,6 MB to 138,5 MB.
Total: 9,992990 ms (FindLiveObjects: 0,205126 ms CreateObjectMapping: 0,094573 ms MarkObjects: 9,617478 ms  DeleteObjects: 0,074841 ms)

AssetImportParameters requested are different than current active one (requested -> active):
  custom:video-decoder-ogg-theora: a1e56fd34408186e4bbccfd4996cb3dc -> 
  custom:container-muxer-webm: aa71ff27fc2769a1b78a27578f13a17b -> 
  custom:container-demuxer-webm: 4f35f7cbe854078d1ac9338744f61a02 -> 
  custom:video-encoder-webm-vp8: eb34c28f22e8b96e1ab97ce403110664 -> 
  custom:CustomObjectIndexerAttribute: bc11b3a6c3213fcdd17b65e7da85e133 -> 
  custom:audio-encoder-webm-vorbis: bf7c407c2cedff20999df2af8eb42d56 -> 
  custom:SearchIndexIgnoredProperties: e643bd26f0fe6173181afceb89e7c659 -> 
  custom:container-demuxer-ogg: 62fdf1f143b41e24485cea50d1cbac27 -> 
  custom:video-decoder-webm-vp8: 9c59270c3fd7afecdb556c50c9e8de78 -> 
  custom:audio-decoder-ogg-vorbis: bf7c407c2cedff20999df2af8eb42d56 -> 
